"data_source","collectionCode","catalogNumber","scientificName","kingdom","family","genus","year","month","day","country","stateProvince","county","locality","institutionCode","phylum","basisOfRecord","verbatimLatitude","verbatimLongitude","collectionID","specificEpithet","recordedBy","decimalLongitude","decimalLatitude","modified","scientificNameAuthorship","identifiedBy","coordinatePrecision","recordNumber","barcode","yearIdentified","monthIdentified","dayIdentified","minimumElevationInMeters","maximumElevationInMeters","occurrenceRemarks","continentocean","class","order","individualcount","fieldNumber","infraspecificEpithet","preparationtype","minimumDepthInMeters","maximumDepthInMeters","typeStatus","previouscatalognumber","downloadedFrom","municipality","dateIdentified","acceptedScientificName","bibliographicCitation","countryCode","datasetID","datasetName","eventDate","fieldNotes","habitat","identificationRemarks","latitude","longitude","taxonomicStatus","taxonRank","type","verbatimElevation","verbatimEventDate","verbatimLocality","collectionCode.new","collectionObs","recordedBy.new","recordNumber.new","year.new","identifiedBy.new","yearIdentified.new","recordedBy.aux","last.name","identifiedBy.aux","country.new","stateProvince.new","municipality.new","locality.new","locality.scrap","resol.orig","loc","loc.correct","latitude.gazetteer","longitude.gazetteer","resolution.gazetteer","gbifID","institutionID","informationWithheld","dataGeneralizations","occurrenceID","recordedByID","caste","vitality","georeferenceVerificationStatus","occurrenceStatus","materialEntityID","materialEntityRemarks","verbatimLabel","eventType","samplingProtocol","eventRemarks","locationID","locationRemarks","coordinateUncertaintyInMeters","pointRadiusSpatialFit","verbatimCoordinateSystem","georeferencedBy","georeferencedDate","georeferenceProtocol","georeferenceRemarks","identificationID","verbatimIdentification","identifiedByID","taxonID","acceptedNameUsage","parentNameUsage","originalNameUsage","nameAccordingTo","namePublishedIn","namePublishedInYear","superfamily","subfamily","tribe","subtribe","genericName","subgenus","infragenericEpithet","cultivarEpithet","verbatimTaxonRank","taxonRemarks","datasetKey","distanceFromCentroidInMeters","mediaType","hasCoordinate","hasGeospatialIssues","species","verbatimScientificName","projectId","isSequenced","gbifRegion","publishedByGbifRegion","iucnRedListCategory","associatedMedia","geodeticDatum","verbatimCoordinates","imageCollectionCode","virtualDuplicates","duplicates","DeterminationQualifier","recordedByExtra","dateCollected","dateCollectedMax","verbatimElevationMax","measurementUnit","verbatimLatitudeMax","verbatimLongitudeMax","updatedBy","dateUpdated","right","modified_incomplete","Clado","loc.correct.mun","NAME_0","NAME_1","NAME_2","NAME_3","loc.check","scientificName.new","scientificNameAuthorship.new","scientificNameStatus","suggestedFamily","suggestedName","suggestedAuthorship","taxon.rank","tax.notes","id","accepted.tax.name","accepted.tax.authorship","scientificNameFull","genus.new","family.new","tax.check","species.new"
"gbif","SPF","105747","Alternanthera kurtzii Schinz ex Pedersen","Plantae","Amaranthaceae","Alternanthera","1995","7","26","Brasil","São Paulo",,"APA Parque e Fazenda do Carmo","USP-IB","Tracheophyta","PRESERVED_SPECIMEN",,,"https://specieslink.net/col/7","kurtzii","Godoy, SAP",,,"2023-12-20 15:53:53","Schinz ex Pedersen","Senna, L",,"677",,,,,,,,,"Magnoliopsida","Caryophyllales",,,,,,,,,"GBIF","São Paulo","2015-07-01","Alternanthera kurtzii Schinz ex Pedersen",,"BR",,,"1995-07-26",,,,,,"ACCEPTED","SPECIES",,,,,,,,,,,,,,,"brazil","sao paulo","sao paulo","apa parque e fazenda do carmo",,"locality","brazil_sao paulo_sao paulo","brazil_sao paulo_sao paulo",-23.65041685,-46.64802516,"county","1265911888",,,,"https://specieslink.net/guid/7/105747",,,,,"PRESENT",,,,,,,,,,,,,,,,,,,,,,,,,,,,,,"Alternanthera",,,,,,"1bb3cae3-b91f-4109-8a2d-a1f05f2d6fd3",,,FALSE,FALSE,"Alternanthera kurtzii","Alternanthera kurtzii","null",FALSE,"LATIN_AMERICA","LATIN_AMERICA","NE","https://images.cria.org.br/viewer/SPF00105747","WGS84",,,,,,,,,,,,,,,,,,"brazil_sao paulo_sao paulo","Brazil","São Paulo","São Paulo",,"check_local.2municip.","Alternanthera kurtzii","Schinz","name_w_authors","Amaranthaceae","Alternanthera kurtzii","Schinz","species","author misspelled","bfo-111922",,,"Alternanthera kurtzii Schinz","Alternanthera","Amaranthaceae","unknown","Alternanthera kurtzii"
"gbif","SPF","105775","Anadenanthera Speg.","Plantae","Fabaceae","Anadenanthera","1995","7","25","Brasil","São Paulo",,"APA Parque e Fazenda do Carmo","USP-IB","Tracheophyta","PRESERVED_SPECIMEN",,,"https://specieslink.net/col/7",,"Garcia, RJF",,,"2023-12-20 16:00:46",,,,"674",,,,,,,,,"Magnoliopsida","Fabales",,,,,,,,,"GBIF","São Paulo",,"Anadenanthera Speg.",,"BR",,,"1995-07-25",,,,,,"ACCEPTED","GENUS",,,,,,,,,,,,,,,"brazil","sao paulo","sao paulo","apa parque e fazenda do carmo",,"locality","brazil_sao paulo_sao paulo","brazil_sao paulo_sao paulo",-23.65041685,-46.64802516,"county","1316164768",,,,"https://specieslink.net/guid/7/105775",,,,,"PRESENT",,,,,,,,,,,,,,,,,,,,,,,,,,,,,,"Anadenanthera",,,,,,"1bb3cae3-b91f-4109-8a2d-a1f05f2d6fd3",,,FALSE,FALSE,,"Anadenanthera","null",FALSE,"LATIN_AMERICA","LATIN_AMERICA","NE","https://images.cria.org.br/viewer/SPF00105775","WGS84",,,,,,,,,,,,,,,,,,"brazil_sao paulo_sao paulo","Brazil","São Paulo","São Paulo",,"check_local.2municip.","Anadenanthera","Speg.","name_w_authors","Fabaceae","Anadenanthera","Speg.","genus","name accepted","bfo-22782",,,"Anadenanthera Speg.","Anadenanthera","Fabaceae","unknown",
"gbif","SPF","99631","Banisteriopsis adenopoda (A.Juss.) B.Gates","Plantae","Malpighiaceae","Banisteriopsis","1994","5","24","Brasil","São Paulo",,"APA Parque e Fazenda do Carmo, Trilha 11.","USP-IB","Tracheophyta","PRESERVED_SPECIMEN",,,"https://specieslink.net/col/7","adenopoda","Godoy, SAP","-46.466667","-23.583333","2024-01-30 15:22:05","(A.Juss.) B.Gates","Mamede, MCH",,"178",,,,,"700","700",,,"Magnoliopsida","Malpighiales",,,,,,,,,"GBIF","São Paulo","1997-04-01","Banisteriopsis adenopoda (A.Juss.) B.Gates",,"BR",,,"1994-05-24",,,,,,"ACCEPTED","SPECIES",,,,,,,,,,,,,,,"brazil","sao paulo","sao paulo","apa parque e fazenda do carmo",,"locality","brazil_sao paulo_sao paulo","brazil_sao paulo_sao paulo",-23.65041685,-46.64802516,"county","1801148232",,,,"https://specieslink.net/guid/7/99631",,,,,"PRESENT",,,,,,,,,,,,,,,,,,,,,,,,,,,,,,"Banisteriopsis",,,,,,"1bb3cae3-b91f-4109-8a2d-a1f05f2d6fd3",,,TRUE,FALSE,"Banisteriopsis adenopoda","Banisteriopsis adenopoda","null",FALSE,"LATIN_AMERICA","LATIN_AMERICA","NE",,"WGS84",,,,,,,,,,,,,,,,,,"brazil_sao paulo_sao paulo","Brazil","São Paulo","São Paulo",,"check_local.2municip.","Banisteriopsis adenopoda","(A.Juss.) B.Gates","name_w_authors","Malpighiaceae","Banisteriopsis adenopoda","(A.Juss.) B.Gates","species","name accepted","bfo-8804",,,"Banisteriopsis adenopoda (A.Juss.) B.Gates","Banisteriopsis","Malpighiaceae","unknown","Banisteriopsis adenopoda"
"gbif","SPF","101247","Blepharodon nitidum (Vell.) J.F.Macbr.","Plantae","Apocynaceae","Blepharodon","1995","5","24","Brasil","São Paulo",,"APA Parque e Fazenda do Carmo, Trilha do TABOR (número 4).","USP-IB","Tracheophyta","PRESERVED_SPECIMEN",,,"https://specieslink.net/col/7","nitidum","Godoy, SAP",,,"2023-12-20 15:54:31","(Vell.) J.F.Macbr.","Farinaccio, MA",,"571",,,,,,,,,"Magnoliopsida","Gentianales",,,,,,,,,"GBIF","São Paulo","1999-03-01","Blepharodon pictum (Vahl) W.D.Stevens",,"BR",,,"1995-05-24",,,,,,"SYNONYM","SPECIES",,,,,,,,,,,,,,,"brazil","sao paulo","sao paulo","apa parque e fazenda do carmo",,"locality","brazil_sao paulo_sao paulo","brazil_sao paulo_sao paulo",-23.65041685,-46.64802516,"county","1090618868",,,,"https://specieslink.net/guid/7/101247",,,,,"PRESENT",,,,,,,,,,,,,,,,,,,,,,,,,,,,,,"Blepharodon",,,,,,"1bb3cae3-b91f-4109-8a2d-a1f05f2d6fd3",,,FALSE,FALSE,"Blepharodon pictum","Blepharodon nitidum","null",FALSE,"LATIN_AMERICA","LATIN_AMERICA","NE","https://images.cria.org.br/viewer/SPF00101247","WGS84",,,,,,,,,,,,,,,,,,"brazil_sao paulo_sao paulo","Brazil","São Paulo","São Paulo",,"check_local.2municip.","Blepharodon pictum","(Vahl) W.D.Stevens","name_w_authors","Apocynaceae","Blepharodon pictum","(Vahl) W.D.Stevens","species","replaced synonym","bfo-21897","Blepharodon pictum","(Vahl) W.D.Stevens","Blepharodon pictum (Vahl) W.D.Stevens","Blepharodon","Apocynaceae","unknown","Blepharodon pictum"
"gbif","SPF","101235","Brosimum Sw.","Plantae","Moraceae","Brosimum","1995","5","24","Brasil","São Paulo",,"APA Parque e Fazenda do Carmo, Parque Ecológico da APA. Trilha do Tabor ( número 4)","USP-IB","Tracheophyta","PRESERVED_SPECIMEN",,,"https://specieslink.net/col/7",,"Godoy, SAP",,,"2023-12-20 16:04:18",,,,"556",,,,,,,,,"Magnoliopsida","Rosales",,,,,,,,,"GBIF","São Paulo",,"Brosimum Sw.",,"BR",,,"1995-05-24",,,,,,"ACCEPTED","GENUS",,,,,,,,,,,,,,,"brazil","sao paulo","sao paulo","apa parque e fazenda do carmo, parque ecologico da apa",,"locality","brazil_sao paulo_sao paulo","brazil_sao paulo_sao paulo",-23.65041685,-46.64802516,"county","1702648527",,,,"https://specieslink.net/guid/7/101235",,,,,"PRESENT",,,,,,,,,,,,,,,,,,,,,,,,,,,,,,"Brosimum",,,,,,"1bb3cae3-b91f-4109-8a2d-a1f05f2d6fd3",,,FALSE,FALSE,,"Brosimum","null",FALSE,"LATIN_AMERICA","LATIN_AMERICA","NE","https://images.cria.org.br/viewer/SPF00101235","WGS84",,,,,,,,,,,,,,,,,,"brazil_sao paulo_sao paulo","Brazil","São Paulo","São Paulo",,"check_local.2municip.","Brosimum","Sw.","name_w_authors","Moraceae","Brosimum","Sw.","genus","name accepted","bfo-10107",,,"Brosimum Sw.","Brosimum","Moraceae","unknown",
"gbif","SPF","99635","Callianthe regnellii (Miq.) Donnell","Plantae","Malvaceae","Callianthe","1994","5","24","Brasil","São Paulo",,"APA Parque e Fazenda do Carmo, Parque Ecológico da APA do Carmo. Encosta próxima à Av. Aricanduva em direção à Usina de Compostagem São Mateus.","USP-IB","Tracheophyta","PRESERVED_SPECIMEN",,,"https://specieslink.net/col/7","regnellii","Godoy, SAP","-46.466667","-23.583333","2023-12-20 16:03:09","(Miq.) Donnell","Pinheiro, M",,"183",,,,,"700","700",,,"Magnoliopsida","Malvales",,,,,,,,,"GBIF","São Paulo","2023-01-27","Callianthe regnellii (Miq.) Donnell",,"BR",,,"1994-05-24",,,,,,"ACCEPTED","SPECIES",,,,,,,,,,,,,,,"brazil","sao paulo","sao paulo","apa parque e fazenda do carmo, parque ecologico da apa do carmo",,"locality","brazil_sao paulo_sao paulo","brazil_sao paulo_sao paulo",-23.65041685,-46.64802516,"county","1090618761",,,,"https://specieslink.net/guid/7/99635",,,,,"PRESENT",,,,,,,,,,,,,,,,,,,,,,,,,,,,,,"Callianthe",,,,,,"1bb3cae3-b91f-4109-8a2d-a1f05f2d6fd3",,,TRUE,FALSE,"Callianthe regnellii","Callianthe regnelli","null",FALSE,"LATIN_AMERICA","LATIN_AMERICA","NE","https://images.cria.org.br/viewer/SPF00099635","WGS84",,,,,,,,,,,,,,,,,,"brazil_sao paulo_sao paulo","Brazil","São Paulo","São Paulo",,"check_local.2municip.","Callianthe regnelli","(Miq.) Donnell","name_w_authors","Malvaceae","Callianthe regnelli","(Miq.) Donnell","species","name misspelled","bfo-134843",,,"Callianthe regnelli (Miq.) Donnell","Callianthe","Malvaceae","unknown","Callianthe regnelli"
"gbif","SPF","105754","Cestrum corymbosum Schltdl.","Plantae","Solanaceae","Cestrum","1995","7","26","Brasil","São Paulo",,"APA Parque e Fazenda do Carmo","USP-IB","Tracheophyta","PRESERVED_SPECIMEN",,,"https://specieslink.net/col/7","corymbosum","Garcia, RJF",,,"2023-12-20 16:09:34","Schltdl.","Vignoli-Silva, M",,"700",,,,,,,,,"Magnoliopsida","Solanales",,,,,,,,,"GBIF","São Paulo","2009-04-01","Cestrum corymbosum Schltdl.",,"BR",,,"1995-07-26",,,,,,"ACCEPTED","SPECIES",,,,,,,,,,,,,,,"brazil","sao paulo","sao paulo","apa parque e fazenda do carmo",,"locality","brazil_sao paulo_sao paulo","brazil_sao paulo_sao paulo",-23.65041685,-46.64802516,"county","1889179723",,,,"https://specieslink.net/guid/7/105754",,,,,"PRESENT",,,,,,,,,,,,,,,,,,,,,,,,,,,,,,"Cestrum",,,,,,"1bb3cae3-b91f-4109-8a2d-a1f05f2d6fd3",,,FALSE,FALSE,"Cestrum corymbosum","Cestrum corymbosum","null",FALSE,"LATIN_AMERICA","LATIN_AMERICA","NE","https://images.cria.org.br/viewer/SPF00105754","WGS84",,,,,,,,,,,,,,,,,,"brazil_sao paulo_sao paulo","Brazil","São Paulo","São Paulo",,"check_local.2municip.","Cestrum corymbosum","Schltdl.","name_w_authors","Solanaceae","Cestrum corymbosum","Schltdl.","species","name accepted","bfo-14639",,,"Cestrum corymbosum Schltdl.","Cestrum","Solanaceae","unknown","Cestrum corymbosum"
"gbif","SPF","104357","Cestrum intermedium Sendtn.","Plantae","Solanaceae","Cestrum","1995","5","23","Brasil","São Paulo",,"APA Parque e Fazenda do Carmo","USP-IB","Tracheophyta","PRESERVED_SPECIMEN",,,"https://specieslink.net/col/7","intermedium","Godoy, SAP",,,"2023-12-20 16:09:34","Sendtn.","Vignoli-Silva, M",,"541",,,,,,,,,"Magnoliopsida","Solanales",,,,,,,,,"GBIF","São Paulo","2009-04-01","Cestrum intermedium Sendtn.",,"BR",,,"1995-05-23",,,,,,"ACCEPTED","SPECIES",,,,,,,,,,,,,,,"brazil","sao paulo","sao paulo","apa parque e fazenda do carmo",,"locality","brazil_sao paulo_sao paulo","brazil_sao paulo_sao paulo",-23.65041685,-46.64802516,"county","1889179704",,,,"https://specieslink.net/guid/7/104357",,,,,"PRESENT",,,,,,,,,,,,,,,,,,,,,,,,,,,,,,"Cestrum",,,,,,"1bb3cae3-b91f-4109-8a2d-a1f05f2d6fd3",,,FALSE,FALSE,"Cestrum intermedium","Cestrum intermedium","null",FALSE,"LATIN_AMERICA","LATIN_AMERICA","LC","https://images.cria.org.br/viewer/SPF00104357","WGS84",,,,,,,,,,,,,,,,,,"brazil_sao paulo_sao paulo","Brazil","São Paulo","São Paulo",,"check_local.2municip.","Cestrum intermedium","Sendtn.","name_w_authors","Solanaceae","Cestrum intermedium","Sendtn.","species","name accepted","bfo-14644",,,"Cestrum intermedium Sendtn.","Cestrum","Solanaceae","unknown","Cestrum intermedium"
"gbif","SPF","105231","Chrysophyllum marginatum (Hook. & Arn.) Radlk.","Plantae","Sapotaceae","Chrysophyllum","1995","7","26","Brasil","São Paulo",,"APA Parque e Fazenda do Carmo, Parque Ecológico da APA do Carmo.","USP-IB","Tracheophyta","PRESERVED_SPECIMEN",,,"https://specieslink.net/col/7","marginatum","Godoy, SAP",,,"2023-12-20 16:09:15","(Hook. & Arn.) Radlk.","Pirani, JR",,"688",,,,,,,,,"Magnoliopsida","Ericales",,,,,,,,,"GBIF","São Paulo","1995-10-01","Chrysophyllum marginatum (Hook. & Arn.) Radlk.",,"BR",,,"1995-07-26",,,,,,"ACCEPTED","SPECIES",,,,,,,,,,,,,,,"brazil","sao paulo","sao paulo","apa parque e fazenda do carmo, parque ecologico da apa do carmo",,"locality","brazil_sao paulo_sao paulo","brazil_sao paulo_sao paulo",-23.65041685,-46.64802516,"county","1252616920",,,,"https://specieslink.net/guid/7/105231",,,,,"PRESENT",,,,,,,,,,,,,,,,,,,,,,,,,,,,,,"Chrysophyllum",,,,,,"1bb3cae3-b91f-4109-8a2d-a1f05f2d6fd3",,,FALSE,FALSE,"Chrysophyllum marginatum","Chrysophyllum marginatum","null",FALSE,"LATIN_AMERICA","LATIN_AMERICA","LC","https://images.cria.org.br/viewer/SPF00105231","WGS84",,,,,,,,,,,,,,,,,,"brazil_sao paulo_sao paulo","Brazil","São Paulo","São Paulo",,"check_local.2municip.","Chrysophyllum marginatum","(Hook. & Arn.) Radlk.","name_w_authors","Sapotaceae","Chrysophyllum marginatum","(Hook. & Arn.) Radlk.","species","name accepted","bfo-14462",,,"Chrysophyllum marginatum (Hook. & Arn.) Radlk.","Chrysophyllum","Sapotaceae","unknown","Chrysophyllum marginatum"
"gbif","SPF","105772","Croton thermarum Müll.Arg.","Plantae","Euphorbiaceae","Croton","1995","7","26","Brasil","São Paulo",,"APA Parque e Fazenda do Carmo","USP-IB","Tracheophyta","PRESERVED_SPECIMEN",,,"https://specieslink.net/col/7","thermarum","Garcia, RJF",,,"2023-12-20 15:59:29","Müll.Arg.","Cordeiro, I; Caruzo, MBR",,"687",,,,,,,,,"Magnoliopsida","Malpighiales",,,,,,,,,"GBIF","São Paulo","2005-01-01","Croton lanatus var. lanatus",,"BR",,,"1995-07-26",,,,,,"SYNONYM","SPECIES",,,,,,,,,,,,,,,"brazil","sao paulo","sao paulo","apa parque e fazenda do carmo",,"locality","brazil_sao paulo_sao paulo","brazil_sao paulo_sao paulo",-23.65041685,-46.64802516,"county","2350501677",,,,"https://specieslink.net/guid/7/105772",,,,,"PRESENT",,,,,,,,,,,,,,,,,,,,,,,,,,,,,,"Croton",,,,,,"1bb3cae3-b91f-4109-8a2d-a1f05f2d6fd3",,,FALSE,FALSE,"Croton lanatus","Croton thermarum","null",FALSE,"LATIN_AMERICA","LATIN_AMERICA","NE","https://images.cria.org.br/viewer/SPF00105772","WGS84",,,,,,,,,,,,,,,,,,"brazil_sao paulo_sao paulo","Brazil","São Paulo","São Paulo",,"check_local.2municip.","Croton lanatus","Lam.","name_w_authors","Euphorbiaceae","Croton lanatus","Lam.","species","replaced synonym","bfo-35851","Croton lanatus","Lam.","Croton lanatus Lam.","Croton","Euphorbiaceae","unknown","Croton lanatus"
"gbif","SPF","101165","Cupania oblongifolia Mart.","Plantae","Sapindaceae","Cupania","1995","5","23","Brasil","São Paulo",,"APA Parque e Fazenda do Carmo, Parque Ecológico da APA do Carmo.","USP-IB","Tracheophyta","PRESERVED_SPECIMEN",,,"https://specieslink.net/col/7","oblongifolia","Godoy, SAP",,,"2023-12-20 16:08:57","Mart.","Godoy, SAP",,"550",,,,,,,,,"Magnoliopsida","Sapindales",,,,,,,,,"GBIF","São Paulo",,"Cupania oblongifolia Mart.",,"BR",,,"1995-05-23",,,,,,"ACCEPTED","SPECIES",,,,,,,,,,,,,,,"brazil","sao paulo","sao paulo","apa parque e fazenda do carmo, parque ecologico da apa do carmo",,"locality","brazil_sao paulo_sao paulo","brazil_sao paulo_sao paulo",-23.65041685,-46.64802516,"county","1234541263",,,,"https://specieslink.net/guid/7/101165",,,,,"PRESENT",,,,,,,,,,,,,,,,,,,,,,,,,,,,,,"Cupania",,,,,,"1bb3cae3-b91f-4109-8a2d-a1f05f2d6fd3",,,FALSE,FALSE,"Cupania oblongifolia","Cupania oblongifolia","null",FALSE,"LATIN_AMERICA","LATIN_AMERICA","LC","https://images.cria.org.br/viewer/SPF00101165","WGS84",,,,,,,,,,,,,,,,,,"brazil_sao paulo_sao paulo","Brazil","São Paulo","São Paulo",,"check_local.2municip.","Cupania oblongifolia","Mart.","name_w_authors","Sapindaceae","Cupania oblongifolia","Mart.","species","name accepted","bfo-20894",,,"Cupania oblongifolia Mart.","Cupania","Sapindaceae","unknown","Cupania oblongifolia"
"gbif","SPF","101168","Cupania vernalis Cambess.","Plantae","Sapindaceae","Cupania","1995","5","23","Brasil","São Paulo",,"APA Parque e Fazenda do Carmo","USP-IB","Tracheophyta","PRESERVED_SPECIMEN",,,"https://specieslink.net/col/7","vernalis","Godoy, SAP",,,"2023-12-20 16:08:58","Cambess.","Godoy, SAP",,"538",,,,,,,,,"Magnoliopsida","Sapindales",,,,,,,,,"GBIF","São Paulo",,"Cupania vernalis Cambess.",,"BR",,,"1995-05-23",,,,,,"ACCEPTED","SPECIES",,,,,,,,,,,,,,,"brazil","sao paulo","sao paulo","apa parque e fazenda do carmo",,"locality","brazil_sao paulo_sao paulo","brazil_sao paulo_sao paulo",-23.65041685,-46.64802516,"county","1234541268",,,,"https://specieslink.net/guid/7/101168",,,,,"PRESENT",,,,,,,,,,,,,,,,,,,,,,,,,,,,,,"Cupania",,,,,,"1bb3cae3-b91f-4109-8a2d-a1f05f2d6fd3",,,FALSE,FALSE,"Cupania vernalis","Cupania vernalis","null",FALSE,"LATIN_AMERICA","LATIN_AMERICA","LC","https://images.cria.org.br/viewer/SPF00101168","WGS84",,,,,,,,,,,,,,,,,,"brazil_sao paulo_sao paulo","Brazil","São Paulo","São Paulo",,"check_local.2municip.","Cupania vernalis","Cambess.","name_w_authors","Sapindaceae","Cupania vernalis","Cambess.","species","name accepted","bfo-32717",,,"Cupania vernalis Cambess.","Cupania","Sapindaceae","unknown","Cupania vernalis"
"gbif","SPF","101245","Cuphea polymorpha A.St.-Hil.","Plantae","Lythraceae","Cuphea","1995","5","24","Brasil","São Paulo",,"APA Parque e Fazenda do Carmo","USP-IB","Tracheophyta","PRESERVED_SPECIMEN",,,"https://specieslink.net/col/7","polymorpha","Godoy, SAP",,,"2023-12-20 16:02:34","A.St.-Hil.","Cavalcanti, TB",,"569",,,,,,,,,"Magnoliopsida","Myrtales",,,,,,,,,"GBIF","São Paulo","1998-08-01","Cuphea polymorpha A.St.-Hil.",,"BR",,,"1995-05-24",,,,,,"ACCEPTED","SPECIES",,,,,,,,,,,,,,,"brazil","sao paulo","sao paulo","apa parque e fazenda do carmo",,"locality","brazil_sao paulo_sao paulo","brazil_sao paulo_sao paulo",-23.65041685,-46.64802516,"county","1702648515",,,,"https://specieslink.net/guid/7/101245",,,,,"PRESENT",,,,,,,,,,,,,,,,,,,,,,,,,,,,,,"Cuphea",,,,,,"1bb3cae3-b91f-4109-8a2d-a1f05f2d6fd3",,,FALSE,FALSE,"Cuphea polymorpha","Cuphea polymorpha","null",FALSE,"LATIN_AMERICA","LATIN_AMERICA","NE","https://images.cria.org.br/viewer/SPF00101245","WGS84",,,,,,,,,,,,,,,,,,"brazil_sao paulo_sao paulo","Brazil","São Paulo","São Paulo",,"check_local.2municip.","Cuphea polymorpha","A.St.-Hil.","name_w_authors","Lythraceae","Cuphea polymorpha","A.St.-Hil.","species","name accepted","bfo-8760",,,"Cuphea polymorpha A.St.-Hil.","Cuphea","Lythraceae","unknown","Cuphea polymorpha"
"gbif","SPF","103549","Cyperus mundii (Nees) Kunth","Plantae","Cyperaceae","Cyperus","1994","5","25","Brasil","São Paulo",,"APA Parque e Fazenda do Carmo","USP-IB","Tracheophyta","PRESERVED_SPECIMEN",,,"https://specieslink.net/col/7","mundii","Garcia, RJF","-46.466667","-23.583333","2023-12-20 15:58:06","(Nees) Kunth","Silva, LP",,"507",,,,,"750","750",,,"Liliopsida","Poales",,,,,,,,,"GBIF","São Paulo","2016-05-20","Cyperus mundii (Nees) Kunth",,"BR",,,"1994-05-25",,,,,,"ACCEPTED","SPECIES",,,,,,,,,,,,,,,"brazil","sao paulo","sao paulo","apa parque e fazenda do carmo",,"locality","brazil_sao paulo_sao paulo","brazil_sao paulo_sao paulo",-23.65041685,-46.64802516,"county","1264690223",,,,"https://specieslink.net/guid/7/103549",,,,,"PRESENT",,,,,,,,,,,,,,,,,,,,,,,,,,,,,,"Cyperus",,,,,,"1bb3cae3-b91f-4109-8a2d-a1f05f2d6fd3",,,TRUE,FALSE,"Cyperus mundii","Cyperus mundii","null",FALSE,"LATIN_AMERICA","LATIN_AMERICA","LC","https://images.cria.org.br/viewer/SPF00103549","WGS84",,,,,,,,,,,,,,,,,,"brazil_sao paulo_sao paulo","Brazil","São Paulo","São Paulo",,"check_local.2municip.","Cyperus mundtii","(Nees) Kunth","name_w_authors","Cyperaceae","Cyperus mundtii","(Nees) Kunth","species","name misspelled","bfo-133952",,,"Cyperus mundtii (Nees) Kunth","Cyperus","Cyperaceae","unknown","Cyperus mundtii"
"gbif","SPF","101250","Cyrtocymura scorpioides (Lam.) H.Rob.","Plantae","Asteraceae","Cyrtocymura","1995","5","24","Brasil","São Paulo",,"APA Parque e Fazenda do Carmo","USP-IB","Tracheophyta","PRESERVED_SPECIMEN",,,"https://specieslink.net/col/7","scorpioides","Godoy, SAP",,,"2023-12-20 15:55:42","(Lam.) H.Rob.","Puglia, B",,"560",,,,,,,,,"Magnoliopsida","Asterales",,,,,,,,,"GBIF","São Paulo","2018-03-01","Cyrtocymura scorpioides (Lam.) H.Rob.",,"BR",,,"1995-05-24",,,,,,"ACCEPTED","SPECIES",,,,,,,,,,,,,,,"brazil","sao paulo","sao paulo","apa parque e fazenda do carmo",,"locality","brazil_sao paulo_sao paulo","brazil_sao paulo_sao paulo",-23.65041685,-46.64802516,"county","3336883301",,,,"https://specieslink.net/guid/7/101250",,,,,"PRESENT",,,,,,,,,,,,,,,,,,,,,,,,,,,,,,"Cyrtocymura",,,,,,"1bb3cae3-b91f-4109-8a2d-a1f05f2d6fd3",,,FALSE,FALSE,"Cyrtocymura scorpioides","Cyrtocymura scorpioides","null",FALSE,"LATIN_AMERICA","LATIN_AMERICA","NE",,"WGS84",,,,,,,,,,,,,,,,,,"brazil_sao paulo_sao paulo","Brazil","São Paulo","São Paulo",,"check_local.2municip.","Cyrtocymura scorpioides","(Lam.) H.Rob.","name_w_authors","Asteraceae","Cyrtocymura scorpioides","(Lam.) H.Rob.","species","name accepted","bfo-27011",,,"Cyrtocymura scorpioides (Lam.) H.Rob.","Cyrtocymura","Asteraceae","unknown","Cyrtocymura scorpioides"
"gbif","SPF","96956","Davilla rugosa Poir.","Plantae","Dilleniaceae","Davilla","1994","5","24","Brasil","São Paulo",,"APA Parque e Fazenda do Carmo","USP-IB","Tracheophyta","PRESERVED_SPECIMEN",,,"https://specieslink.net/col/7","rugosa","Godoy, SAP","-46.466667","-23.583333","2023-12-20 15:58:24","Poir.","Bruniera, CP",,"170",,,,,"700","700",,,"Magnoliopsida","Dilleniales",,,,,,,,,"GBIF","São Paulo","2010-01-01","Davilla rugosa Poir.",,"BR",,,"1994-05-24",,,,,,"ACCEPTED","SPECIES",,,,,,,,,,,,,,,"brazil","sao paulo","sao paulo","apa parque e fazenda do carmo",,"locality","brazil_sao paulo_sao paulo","brazil_sao paulo_sao paulo",-23.65041685,-46.64802516,"county","1303201908",,,,"https://specieslink.net/guid/7/96956",,,,,"PRESENT",,,,,,,,,,,,,,,,,,,,,,,,,,,,,,"Davilla",,,,,,"1bb3cae3-b91f-4109-8a2d-a1f05f2d6fd3",,,TRUE,FALSE,"Davilla rugosa","Davilla rugosa","null",FALSE,"LATIN_AMERICA","LATIN_AMERICA","NE","https://images.cria.org.br/viewer/SPF00096956","WGS84",,,,,,,,,,,,,,,,,,"brazil_sao paulo_sao paulo","Brazil","São Paulo","São Paulo",,"check_local.2municip.","Davilla rugosa","Poir.","name_w_authors","Dilleniaceae","Davilla rugosa","Poir.","species","name accepted","bfo-7353",,,"Davilla rugosa Poir.","Davilla","Dilleniaceae","unknown","Davilla rugosa"
"gbif","SPF","99336","Eugenia prasina O.Berg","Plantae","Myrtaceae","Eugenia","1994","5","24","Brasil","São Paulo",,"APA Parque e Fazenda do Carmo","USP-IB","Tracheophyta","PRESERVED_SPECIMEN",,,"https://specieslink.net/col/7","prasina","Godoy, SAP","-46.466667","-23.583333","2023-12-20 16:04:35","O.Berg",,,"171",,,,,"700","700",,,"Magnoliopsida","Myrtales",,,,,,,,,"GBIF","São Paulo",,"Eugenia prasina O.Berg",,"BR",,,"1994-05-24",,,,,,"ACCEPTED","SPECIES",,,,,,,,,,,,,,,"brazil","sao paulo","sao paulo","apa parque e fazenda do carmo",,"locality","brazil_sao paulo_sao paulo","brazil_sao paulo_sao paulo",-23.65041685,-46.64802516,"county","1264690156",,,,"https://specieslink.net/guid/7/99336",,,,,"PRESENT",,,,,,,,,,,,,,,,,,,,,,,,,,,,,,"Eugenia",,,,,,"1bb3cae3-b91f-4109-8a2d-a1f05f2d6fd3",,,TRUE,FALSE,"Eugenia prasina","Eugenia prasina","null",FALSE,"LATIN_AMERICA","LATIN_AMERICA","VU",,"WGS84",,,,,,,,,,,,,,,,,,"brazil_sao paulo_sao paulo","Brazil","São Paulo","São Paulo",,"check_local.2municip.","Eugenia prasina","O.Berg","name_w_authors","Myrtaceae","Eugenia prasina","O.Berg","species","name accepted","bfo-10507",,,"Eugenia prasina O.Berg","Eugenia","Myrtaceae","unknown","Eugenia prasina"
"gbif","SPF","96563","Helicteres brevispira A.St.-Hil.","Plantae","Malvaceae","Helicteres","1994","5","24","Brasil","São Paulo",,"APA Parque e Fazenda do Carmo, Parque Ecológico da APA do Carmo.","USP-IB","Tracheophyta","PRESERVED_SPECIMEN",,,"https://specieslink.net/col/7","brevispira","Godoy, SAP","-46.466667","-23.583333","2023-12-20 16:03:12","A.St.-Hil.","Cruz, FR",,"177",,,,,"700","700",,,"Magnoliopsida","Malvales",,,,,,,,,"GBIF","São Paulo","2007-06-01","Helicteres brevispira A.St.-Hil.",,"BR",,,"1994-05-24",,,,,,"DOUBTFUL","SPECIES",,,,,,,,,,,,,,,"brazil","sao paulo","sao paulo","apa parque e fazenda do carmo, parque ecologico da apa do carmo",,"locality","brazil_sao paulo_sao paulo","brazil_sao paulo_sao paulo",-23.65041685,-46.64802516,"county","1226935098",,,,"https://specieslink.net/guid/7/96563",,,,,"PRESENT",,,,,,,,,,,,,,,,,,,,,,,,,,,,,,"Helicteres",,,,,,"1bb3cae3-b91f-4109-8a2d-a1f05f2d6fd3",,,TRUE,FALSE,"Helicteres brevispira","Helicteres brevispira","null",FALSE,"LATIN_AMERICA","LATIN_AMERICA","NE","https://images.cria.org.br/viewer/SPF00096563","WGS84",,,,,,,,,,,,,,,,,,"brazil_sao paulo_sao paulo","Brazil","São Paulo","São Paulo",,"check_local.2municip.","Helicteres brevispira","A.St.-Hil.","name_w_authors","Malvaceae","Helicteres brevispira","A.St.-Hil.","species","name accepted","bfo-9067",,,"Helicteres brevispira A.St.-Hil.","Helicteres","Malvaceae","unknown","Helicteres brevispira"
"gbif","SPF","132748","Tournefortia L.","Plantae","Heliotropiaceae","Tournefortia","1995","7","26","Brasil","São Paulo",,"APA Parque e Fazenda do Carmo","USP-IB","Tracheophyta","PRESERVED_SPECIMEN",,,"https://specieslink.net/col/7",,"Godoy, SAP",,,"2023-12-20 15:56:51",,"Förther, H",,"684",,,,,,,,,"Magnoliopsida","Boraginales",,,,,,,,,"GBIF","São Paulo","2009-08-01","Tournefortia L.",,"BR",,,"1995-07-26",,,,,,"ACCEPTED","GENUS",,,,,,,,,,,,,,,"brazil","sao paulo","sao paulo","apa parque e fazenda do carmo",,"locality","brazil_sao paulo_sao paulo","brazil_sao paulo_sao paulo",-23.65041685,-46.64802516,"county","1944963196",,,,"https://specieslink.net/guid/7/132748",,,,,"PRESENT",,,,,,,,,,,,,,,,,,,,,,,,,,,,,,"Tournefortia",,,,,,"1bb3cae3-b91f-4109-8a2d-a1f05f2d6fd3",,,FALSE,FALSE,,"Tournefortia","null",FALSE,"LATIN_AMERICA","LATIN_AMERICA","NE","https://images.cria.org.br/viewer/SPF00132748","WGS84",,,,,,,,,,,,,,,,,,"brazil_sao paulo_sao paulo","Brazil","São Paulo","São Paulo",,"check_local.2municip.","Heliotropium","L.","name_w_authors","Heliotropiaceae","Heliotropium","L.","genus","replaced synonym","bfo-16538","Heliotropium","L.","Heliotropium L.","Heliotropium","Heliotropiaceae","unknown",
"gbif","SPF","101246","Justicia carnea Lindl.","Plantae","Acanthaceae","Justicia","1995","5","23","Brasil","São Paulo",,"APA Parque e Fazenda do Carmo","USP-IB","Tracheophyta","PRESERVED_SPECIMEN",,,"https://specieslink.net/col/7","carnea","Godoy, SAP",,,"2023-12-20 15:53:37","Lindl.","Anônimo",,"552",,,,,,,,,"Magnoliopsida","Lamiales",,,,,,,,,"GBIF","São Paulo",,"Justicia carnea Lindl.",,"BR",,,"1995-05-23",,,,,,"ACCEPTED","SPECIES",,,,,,,,,,,,,,,"brazil","sao paulo","sao paulo","apa parque e fazenda do carmo",,"locality","brazil_sao paulo_sao paulo","brazil_sao paulo_sao paulo",-23.65041685,-46.64802516,"county","2027489633",,,,"https://specieslink.net/guid/7/101246",,,,,"PRESENT",,,,,,,,,,,,,,,,,,,,,,,,,,,,,,"Justicia",,,,,,"1bb3cae3-b91f-4109-8a2d-a1f05f2d6fd3",,,FALSE,FALSE,"Justicia carnea","Justicia carnea","null",FALSE,"LATIN_AMERICA","LATIN_AMERICA","NE","https://images.cria.org.br/viewer/SPF00101246","WGS84",,,,,,,,,,,,,,,,,,"brazil_sao paulo_sao paulo","Brazil","São Paulo","São Paulo",,"check_local.2municip.","Justicia carnea","Lindl.","name_w_authors","Acanthaceae","Justicia carnea","Lindl.","species","name accepted","bfo-4141",,,"Justicia carnea Lindl.","Justicia","Acanthaceae","unknown","Justicia carnea"
"gbif","SPF","105745","Leandra australis (Cham.) Cogn.","Plantae","Melastomataceae","Miconia","1995","7","25","Brasil","São Paulo",,"APA Parque e Fazenda do Carmo, Parque Ecológico da APA do Carmo.","USP-IB","Tracheophyta","PRESERVED_SPECIMEN",,,"https://specieslink.net/col/7","australis","Godoy, SAP",,,"2023-12-20 16:03:36","(Cham.) Cogn.","D'El Rei Souza, ML",,"671",,,,,,,,,"Magnoliopsida","Myrtales",,,,,,,,,"GBIF","São Paulo","2004-01-01","Miconia australis (Cham.) R.Goldenb.",,"BR",,,"1995-07-25",,,,,,"SYNONYM","SPECIES",,,,,,,,,,,,,,,"brazil","sao paulo","sao paulo","apa parque e fazenda do carmo, parque ecologico da apa do carmo",,"locality","brazil_sao paulo_sao paulo","brazil_sao paulo_sao paulo",-23.65041685,-46.64802516,"county","1090619060",,,,"https://specieslink.net/guid/7/105745",,,,,"PRESENT",,,,,,,,,,,,,,,,,,,,,,,,,,,,,,"Leandra",,,,,,"1bb3cae3-b91f-4109-8a2d-a1f05f2d6fd3",,,FALSE,FALSE,"Miconia australis","Leandra australis","null",FALSE,"LATIN_AMERICA","LATIN_AMERICA","NE","https://images.cria.org.br/viewer/SPF00105745","WGS84",,,,,,,,,,,,,,,,,,"brazil_sao paulo_sao paulo","Brazil","São Paulo","São Paulo",,"check_local.2municip.","Leandra australis","(Cham.) Cogn.","name_w_authors","Melastomataceae","Leandra australis","(Cham.) Cogn.","species","name accepted","bfo-9507",,,"Leandra australis (Cham.) Cogn.","Leandra","Melastomataceae","unknown","Leandra australis"
"gbif","SPF","99874","Leandra melastomoides Raddi","Plantae","Melastomataceae","Miconia","1994","5","24","Brasil","São Paulo",,"APA Parque e Fazenda do Carmo, Parque Ecológico da APA do Carmo.","USP-IB","Tracheophyta","PRESERVED_SPECIMEN",,,"https://specieslink.net/col/7","melastomoides","Godoy, SAP","-46.466667","-23.583333","2023-12-20 16:03:37","Raddi","Chiea, SAC",,"176",,,,,"700","700",,,"Magnoliopsida","Myrtales",,,,,,,,,"GBIF","São Paulo","1997-11-01","Miconia melastomoides (Raddi) R.Goldenb.",,"BR",,,"1994-05-24",,,,,,"SYNONYM","SPECIES",,,,,,,,,,,,,,,"brazil","sao paulo","sao paulo","apa parque e fazenda do carmo, parque ecologico da apa do carmo",,"locality","brazil_sao paulo_sao paulo","brazil_sao paulo_sao paulo",-23.65041685,-46.64802516,"county","1090618781",,,,"https://specieslink.net/guid/7/99874",,,,,"PRESENT",,,,,,,,,,,,,,,,,,,,,,,,,,,,,,"Leandra",,,,,,"1bb3cae3-b91f-4109-8a2d-a1f05f2d6fd3",,,TRUE,FALSE,"Miconia melastomoides","Leandra melastomoides","null",FALSE,"LATIN_AMERICA","LATIN_AMERICA","LC","https://images.cria.org.br/viewer/SPF00099874","WGS84",,,,,,,,,,,,,,,,,,"brazil_sao paulo_sao paulo","Brazil","São Paulo","São Paulo",,"check_local.2municip.","Leandra melastomoides","Raddi","name_w_authors","Melastomataceae","Leandra melastomoides","Raddi","species","name accepted","bfo-9572",,,"Leandra melastomoides Raddi","Leandra","Melastomataceae","unknown","Leandra melastomoides"
"gbif","SPF","99278","Ludwigia elegans (Cambess.) H.Hara","Plantae","Onagraceae","Ludwigia","1994","5","25","Brasil","São Paulo",,"APA Parque e Fazenda do Carmo","USP-IB","Tracheophyta","PRESERVED_SPECIMEN",,,"https://specieslink.net/col/7","elegans","Garcia, RJF","-46.466667","-23.583333","2024-01-30 15:23:00","(Cambess.) H.Hara","Grillo, AA",,"506",,,,,"750","750",,,"Magnoliopsida","Myrtales",,,,,,,,,"GBIF","São Paulo","1998-03-01","Ludwigia elegans (Cambess.) H.Hara",,"BR",,,"1994-05-25",,,,,,"ACCEPTED","SPECIES",,,,,,,,,,,,,,,"brazil","sao paulo","sao paulo","apa parque e fazenda do carmo",,"locality","brazil_sao paulo_sao paulo","brazil_sao paulo_sao paulo",-23.65041685,-46.64802516,"county","1658206784",,,,"https://specieslink.net/guid/7/99278",,,,,"PRESENT",,,,,,,,,,,,,,,,,,,,,,,,,,,,,,"Ludwigia",,,,,,"1bb3cae3-b91f-4109-8a2d-a1f05f2d6fd3",,,TRUE,FALSE,"Ludwigia elegans","Ludwigia elegans","null",FALSE,"LATIN_AMERICA","LATIN_AMERICA","NE","https://images.cria.org.br/viewer/SPF00099278","WGS84",,,,,,,,,,,,,,,,,,"brazil_sao paulo_sao paulo","Brazil","São Paulo","São Paulo",,"check_local.2municip.","Ludwigia elegans","(Cambess.) H.Hara","name_w_authors","Onagraceae","Ludwigia elegans","(Cambess.) H.Hara","species","name accepted","bfo-4046",,,"Ludwigia elegans (Cambess.) H.Hara","Ludwigia","Onagraceae","unknown","Ludwigia elegans"
"gbif","SPF","105771","Melothria cucumis Vell.","Plantae","Cucurbitaceae","Melothria","1995","7","25","Brasil","São Paulo",,"APA Parque e Fazenda do Carmo","USP-IB","Tracheophyta","PRESERVED_SPECIMEN",,,"https://specieslink.net/col/7","cucumis","Godoy, SAP",,,"2023-12-20 15:57:57","Vell.","Lima, LFP",,"666",,,,,,,,,"Magnoliopsida","Cucurbitales",,,,,,,,,"GBIF","São Paulo","2010-03-01","Melothria cucumis Vell.",,"BR",,,"1995-07-25",,,,,,"ACCEPTED","SPECIES",,,,,,,,,,,,,,,"brazil","sao paulo","sao paulo","apa parque e fazenda do carmo",,"locality","brazil_sao paulo_sao paulo","brazil_sao paulo_sao paulo",-23.65041685,-46.64802516,"county","1585193503",,,,"https://specieslink.net/guid/7/105771",,,,,"PRESENT",,,,,,,,,,,,,,,,,,,,,,,,,,,,,,"Melothria",,,,,,"1bb3cae3-b91f-4109-8a2d-a1f05f2d6fd3",,,FALSE,FALSE,"Melothria cucumis","Melothria cucumis","null",FALSE,"LATIN_AMERICA","LATIN_AMERICA","NE","https://images.cria.org.br/viewer/SPF00105771","WGS84",,,,,,,,,,,,,,,,,,"brazil_sao paulo_sao paulo","Brazil","São Paulo","São Paulo",,"check_local.2municip.","Melothria cucumis","Vell.","name_w_authors","Cucurbitaceae","Melothria cucumis","Vell.","species","name accepted","bfo-17093",,,"Melothria cucumis Vell.","Melothria","Cucurbitaceae","unknown","Melothria cucumis"
"gbif","SPF","116246","Melothria pendula L.","Plantae","Cucurbitaceae","Melothria","1996","5","2","Brasil","São Paulo",,"APA Parque e Fazenda do Carmo","USP-IB","Tracheophyta","PRESERVED_SPECIMEN",,,"https://specieslink.net/col/7","pendula","Ferreira, GMP","-46.420833","-23.581389","2023-12-20 15:57:57","L.","Lima, LFP",,"79",,,,,,,,,"Magnoliopsida","Cucurbitales",,,,,,,,,"GBIF","São Paulo","2010-03-01","Melothria pendula L.",,"BR",,,"1996-05-02",,,,,,"ACCEPTED","SPECIES",,,,,,,,,,,,,,,"brazil","sao paulo","sao paulo","apa parque e fazenda do carmo",,"locality","brazil_sao paulo_sao paulo","brazil_sao paulo_sao paulo",-23.65041685,-46.64802516,"county","1585193587",,,,"https://specieslink.net/guid/7/116246",,,,,"PRESENT",,,,,,,,,,,,,,,,,,,,,,,,,,,,,,"Melothria",,,,,,"1bb3cae3-b91f-4109-8a2d-a1f05f2d6fd3",,,TRUE,FALSE,"Melothria pendula","Melothria pendula","null",FALSE,"LATIN_AMERICA","LATIN_AMERICA","NE","https://images.cria.org.br/viewer/SPF00116246","WGS84",,,,,,,,,,,,,,,,,,"brazil_sao paulo_sao paulo","Brazil","São Paulo","São Paulo",,"check_local.2municip.","Melothria pendula","L.","name_w_authors","Cucurbitaceae","Melothria pendula","L.","species","name accepted","bfo-82147",,,"Melothria pendula L.","Melothria","Cucurbitaceae","unknown","Melothria pendula"
"gbif","SPF","101243","Miconia cinnamomifolia (DC.) Naudin","Plantae","Melastomataceae","Miconia","1995","5","23","Brasil","São Paulo",,"APA Parque e Fazenda do Carmo, Parque Ecológico da APA do Carmo.","USP-IB","Tracheophyta","PRESERVED_SPECIMEN",,,"https://specieslink.net/col/7","cinnamomifolia","Godoy, SAP",,,"2023-12-20 16:03:45","(DC.) Naudin","Goldenberg, R",,"539",,,,,,,,,"Magnoliopsida","Myrtales",,,,,,,,,"GBIF","São Paulo","2011-01-01","Miconia cinnamomifolia (DC.) Naudin",,"BR",,,"1995-05-23",,,,,,"ACCEPTED","SPECIES",,,,,,,,,,,,,,,"brazil","sao paulo","sao paulo","apa parque e fazenda do carmo, parque ecologico da apa do carmo",,"locality","brazil_sao paulo_sao paulo","brazil_sao paulo_sao paulo",-23.65041685,-46.64802516,"county","1135072241",,,,"https://specieslink.net/guid/7/101243",,,,,"PRESENT",,,,,,,,,,,,,,,,,,,,,,,,,,,,,,"Miconia",,,,,,"1bb3cae3-b91f-4109-8a2d-a1f05f2d6fd3",,,FALSE,FALSE,"Miconia cinnamomifolia","Miconia cinnamomifolia","null",FALSE,"LATIN_AMERICA","LATIN_AMERICA","LC","https://images.cria.org.br/viewer/SPF00101243","WGS84",,,,,,,,,,,,,,,,,,"brazil_sao paulo_sao paulo","Brazil","São Paulo","São Paulo",,"check_local.2municip.","Miconia cinnamomifolia","(DC.) Naudin","name_w_authors","Melastomataceae","Miconia cinnamomifolia","(DC.) Naudin","species","name accepted","bfo-9688",,,"Miconia cinnamomifolia (DC.) Naudin","Miconia","Melastomataceae","unknown","Miconia cinnamomifolia"
"gbif","SPF","105777","Miconia ligustroides (DC.) Naudin","Plantae","Melastomataceae","Miconia","1995","7","26","Brasil","São Paulo",,"APA Parque e Fazenda do Carmo, Parque Ecológico da APA do Carmo.","USP-IB","Tracheophyta","PRESERVED_SPECIMEN",,,"https://specieslink.net/col/7","ligustroides","Garcia, RJF",,,"2023-12-20 16:03:47","(DC.) Naudin","Goldenberg, R",,"688",,,,,,,,,"Magnoliopsida","Myrtales",,,,,,,,,"GBIF","São Paulo","1996-12-01","Miconia ligustroides (DC.) Naudin",,"BR",,,"1995-07-26",,,,,,"ACCEPTED","SPECIES",,,,,,,,,,,,,,,"brazil","sao paulo","sao paulo","apa parque e fazenda do carmo, parque ecologico da apa do carmo",,"locality","brazil_sao paulo_sao paulo","brazil_sao paulo_sao paulo",-23.65041685,-46.64802516,"county","1135072413",,,,"https://specieslink.net/guid/7/105777",,,,,"PRESENT",,,,,,,,,,,,,,,,,,,,,,,,,,,,,,"Miconia",,,,,,"1bb3cae3-b91f-4109-8a2d-a1f05f2d6fd3",,,FALSE,FALSE,"Miconia ligustroides","Miconia ligustroides","null",FALSE,"LATIN_AMERICA","LATIN_AMERICA","LC","https://images.cria.org.br/viewer/SPF00105777","WGS84",,,,,,,,,,,,,,,,,,"brazil_sao paulo_sao paulo","Brazil","São Paulo","São Paulo",,"check_local.2municip.","Miconia ligustroides","(DC.) Naudin","name_w_authors","Melastomataceae","Miconia ligustroides","(DC.) Naudin","species","name accepted","bfo-9726",,,"Miconia ligustroides (DC.) Naudin","Miconia","Melastomataceae","unknown","Miconia ligustroides"
"gbif","SPF","105776","Mimosa daleoides Benth.","Plantae","Fabaceae","Mimosa","1995","7","25","Brasil","São Paulo",,"APA Parque e Fazenda do Carmo, Parque Ecológico.","USP-IB","Tracheophyta","PRESERVED_SPECIMEN",,,"https://specieslink.net/col/7","daleoides","Godoy, SAP",,,"2023-12-20 16:01:38","Benth.","Savassi-Coutinho, AP",,"661",,,,,,,,,"Magnoliopsida","Fabales",,,,,,,,,"GBIF","São Paulo","2010-09-01","Mimosa daleoides Benth.",,"BR",,,"1995-07-25",,,,,,"ACCEPTED","SPECIES",,,,,,,,,,,,,,,"brazil","sao paulo","sao paulo","apa parque e fazenda do carmo, parque ecologico",,"locality","brazil_sao paulo_sao paulo","brazil_sao paulo_sao paulo",-23.65041685,-46.64802516,"county","1563166556",,,,"https://specieslink.net/guid/7/105776",,,,,"PRESENT",,,,,,,,,,,,,,,,,,,,,,,,,,,,,,"Mimosa",,,,,,"1bb3cae3-b91f-4109-8a2d-a1f05f2d6fd3",,,FALSE,FALSE,"Mimosa daleoides","Mimosa daleoides","null",FALSE,"LATIN_AMERICA","LATIN_AMERICA","NE","https://images.cria.org.br/viewer/SPF00105776","WGS84",,,,,,,,,,,,,,,,,,"brazil_sao paulo_sao paulo","Brazil","São Paulo","São Paulo",,"check_local.2municip.","Mimosa daleoides","Benth.","name_w_authors","Fabaceae","Mimosa daleoides","Benth.","species","name accepted","bfo-31121",,,"Mimosa daleoides Benth.","Mimosa","Fabaceae","unknown","Mimosa daleoides"
"gbif","SPF","SPF00100862","Mimosa dolens var. acerba (Benth.) Barneby","Plantae","Fabaceae","Mimosa","1994","5","25","Brasil","São Paulo",,"APA Parque e Fazenda do Carmo, Parque Ecológico.","SPF","Tracheophyta","PRESERVED_SPECIMEN",,,,"dolens","Garcia, RJF","-46.466667","-23.583333",,"(Benth.) Barneby","Administrador",,"500",,,,,"750","0",,,"Magnoliopsida","Fabales",,,"acerba",,,,,,"GBIF","São Paulo","2022-11-29","Mimosa dolens subsp. acerba (Benth.) Barneby","Herbário Virtual REFLORA Disponível em: http://herbariovirtualreflora.jbrj.gov.br/reflora/herbarioVirtual/ConsultaPublicoHVUC/ConsultaPublicoHVUC.do?idTestemunho=4267995","BR",,,"1994-05-25",,,,,,"SYNONYM","VARIETY",,,"25/05/94",,,,,,,,,,,,"brazil","sao paulo","sao paulo","apa parque e fazenda do carmo, parque ecologico",,"locality","brazil_sao paulo_sao paulo","brazil_sao paulo_sao paulo",-23.65041685,-46.64802516,"county","2997727615",,,,"4267995",,,,,"PRESENT",,,,,,,,,,,,,,,,,,,,,,,,,,,,,,"Mimosa",,,,,,"f5d836d5-cb15-4178-8f57-68ef1d6551e9",,,TRUE,FALSE,"Mimosa dolens","Mimosa dolens var. acerba (Benth.) Barneby","null",FALSE,"LATIN_AMERICA","LATIN_AMERICA",,"jbrj-public.s3-sa-east-1.amazonaws.com/fsi/server?type=image&source=DZI/spf/spf/0/10/8/62/spf00100862.dzi",,,,,,,,,,,,,,,,,,,"brazil_sao paulo_sao paulo","Brazil","São Paulo","São Paulo",,"check_local.2municip.","Mimosa dolens var. acerba","(Benth.) Barneby","variety|name_w_authors","Fabaceae","Mimosa dolens var. acerba","(Benth.) Barneby","variety","name accepted","bfo-104130",,,"Mimosa dolens var. acerba (Benth.) Barneby","Mimosa","Fabaceae","unknown","Mimosa dolens"
"gbif","SPF","100862","Mimosa dolens subsp. acerba (Benth.) Barneby","Plantae","Fabaceae","Mimosa","1994","5","25","Brasil","São Paulo",,"APA Parque e Fazenda do Carmo, Parque Ecológico.","USP-IB","Tracheophyta","PRESERVED_SPECIMEN",,,"https://specieslink.net/col/7","dolens","Garcia, RJF","-46.466667","-23.583333","2023-12-20 16:01:39","(Benth.) Barneby","Morales, M",,"500",,,,,"750","750",,,"Magnoliopsida","Fabales",,,"acerba",,,,,,"GBIF","São Paulo","2010-05-01","Mimosa dolens subsp. acerba (Benth.) Barneby",,"BR",,,"1994-05-25",,,,,,"ACCEPTED","SUBSPECIES",,,,,,,,,,,,,,,"brazil","sao paulo","sao paulo","apa parque e fazenda do carmo, parque ecologico",,"locality","brazil_sao paulo_sao paulo","brazil_sao paulo_sao paulo",-23.65041685,-46.64802516,"county","1563166536",,,,"https://specieslink.net/guid/7/100862",,,,,"PRESENT",,,,,,,,,,,,,,,,,,,,,,,,,,,,,,"Mimosa",,,,,,"1bb3cae3-b91f-4109-8a2d-a1f05f2d6fd3",,,TRUE,FALSE,"Mimosa dolens","Mimosa dolens acerba","null",FALSE,"LATIN_AMERICA","LATIN_AMERICA",,"https://images.cria.org.br/viewer/SPF00100862","WGS84",,,,,,,,,,,,,,,,,,"brazil_sao paulo_sao paulo","Brazil","São Paulo","São Paulo",,"check_local.2municip.","Mimosa dolens var. pubescens","(Benth.) Barneby","subspecies|name_w_authors","Fabaceae","Mimosa dolens var. pubescens","(Benth.) Barneby","variety","name misspelled","bfo-111961",,,"Mimosa dolens var. pubescens (Benth.) Barneby","Mimosa","Fabaceae","unknown","Mimosa dolens"
"gbif","SPF","99941","Mimosa incana Benth.","Plantae","Fabaceae","Mimosa","1994","5","24","Brasil","São Paulo",,"APA Parque e Fazenda do Carmo, Parque Ecológico.","USP-IB","Tracheophyta","PRESERVED_SPECIMEN",,,"https://specieslink.net/col/7","incana","Garcia, RJF","-46.466667","-23.583333","2023-12-20 16:01:42","(Spreng.) Benth.","Savassi-Coutinho, AP",,"446",,,,,"850","850",,,"Magnoliopsida","Fabales",,,,,,,,,"GBIF","São Paulo","2010-09-01","Mimosa incana Benth.",,"BR",,,"1994-05-24",,,,,,"ACCEPTED","SPECIES",,,,,,,,,,,,,,,"brazil","sao paulo","sao paulo","apa parque e fazenda do carmo, parque ecologico",,"locality","brazil_sao paulo_sao paulo","brazil_sao paulo_sao paulo",-23.65041685,-46.64802516,"county","1563166535",,,,"https://specieslink.net/guid/7/99941",,,,,"PRESENT",,,,,,,,,,,,,,,,,,,,,,,,,,,,,,"Mimosa",,,,,,"1bb3cae3-b91f-4109-8a2d-a1f05f2d6fd3",,,TRUE,FALSE,"Mimosa incana","Mimosa incana incana","null",FALSE,"LATIN_AMERICA","LATIN_AMERICA","NE","https://images.cria.org.br/viewer/SPF00099941","WGS84",,,,,,,,,,,,,,,,,,"brazil_sao paulo_sao paulo","Brazil","São Paulo","São Paulo",,"check_local.2municip.","Mimosa incana","Benth.","name_w_authors","Fabaceae","Mimosa incana","Benth.","species","name accepted","bfo-100957",,,"Mimosa incana Benth.","Mimosa","Fabaceae","unknown","Mimosa incana"
"gbif","SPF","99940","Mimosa pilulifera var. pseudincana (Burkart) Barneby","Plantae","Fabaceae","Mimosa","1994","5","24","Brasil","São Paulo",,"APA Parque e Fazenda do Carmo, Parque Ecológico.","USP-IB","Tracheophyta","PRESERVED_SPECIMEN",,,"https://specieslink.net/col/7","pilulifera","Godoy, SAP","-46.466667","-23.583333","2023-12-20 16:01:45","(Burkart) Barneby","Borges, LM",,"175",,,,,"700","700",,,"Magnoliopsida","Fabales",,,"pseudincana",,,,,,"GBIF","São Paulo","2010-01-01","Mimosa pilulifera var. pseudincana (Burkart) Barneby",,"BR",,,"1994-05-24",,,,,,"ACCEPTED","VARIETY",,,,,,,,,,,,,,,"brazil","sao paulo","sao paulo","apa parque e fazenda do carmo, parque ecologico",,"locality","brazil_sao paulo_sao paulo","brazil_sao paulo_sao paulo",-23.65041685,-46.64802516,"county","1563166533",,,,"https://specieslink.net/guid/7/99940",,,,,"PRESENT",,,,,,,,,,,,,,,,,,,,,,,,,,,,,,"Mimosa",,,,,,"1bb3cae3-b91f-4109-8a2d-a1f05f2d6fd3",,,TRUE,FALSE,"Mimosa pilulifera","Mimosa pilulifera pseudincana","null",FALSE,"LATIN_AMERICA","LATIN_AMERICA","LC","https://images.cria.org.br/viewer/SPF00099940","WGS84",,,,,,,,,,,,,,,,,,"brazil_sao paulo_sao paulo","Brazil","São Paulo","São Paulo",,"check_local.2municip.","Mimosa pilulifera var. pseudincana","(Burkart) Barneby","variety|name_w_authors","Fabaceae","Mimosa pilulifera var. pseudincana","(Burkart) Barneby","variety","name accepted","bfo-31280",,,"Mimosa pilulifera var. pseudincana (Burkart) Barneby","Mimosa","Fabaceae","unknown","Mimosa pilulifera"
"gbif","SPF","105239","Maytenus evonymoides Reissek","Plantae","Celastraceae","Monteverdia","1995","7","26","Brasil","São Paulo",,"APA Parque e Fazenda do Carmo, Parque Ecológico.","USP-IB","Tracheophyta","PRESERVED_SPECIMEN",,,"https://specieslink.net/col/7","evonymoides","Garcia, RJF",,,"2023-12-20 15:57:22","Reissek","Biral, L",,"695",,,,,,,,,"Magnoliopsida","Celastrales",,,,,,,,,"GBIF","São Paulo","2012-05-01","Monteverdia evonymoides (Reissek) Biral",,"BR",,,"1995-07-26",,,,,,"SYNONYM","SPECIES",,,,,,,,,,,,,,,"brazil","sao paulo","sao paulo","apa parque e fazenda do carmo, parque ecologico",,"locality","brazil_sao paulo_sao paulo","brazil_sao paulo_sao paulo",-23.65041685,-46.64802516,"county","1587301156",,,,"https://specieslink.net/guid/7/105239",,,,,"PRESENT",,,,,,,,,,,,,,,,,,,,,,,,,,,,,,"Maytenus",,,,,,"1bb3cae3-b91f-4109-8a2d-a1f05f2d6fd3",,,FALSE,FALSE,"Monteverdia evonymoides","Maytenus evonymoides","null",FALSE,"LATIN_AMERICA","LATIN_AMERICA","NE","https://images.cria.org.br/viewer/SPF00105239","WGS84",,,,,,,,,,,,,,,,,,"brazil_sao paulo_sao paulo","Brazil","São Paulo","São Paulo",,"check_local.2municip.","Monteverdia evonymoides","(Reissek) Biral","name_w_authors","Celastraceae","Monteverdia evonymoides","(Reissek) Biral","species","replaced synonym","bfo-604564","Monteverdia evonymoides","(Reissek) Biral","Monteverdia evonymoides (Reissek) Biral","Monteverdia","Celastraceae","unknown","Monteverdia evonymoides"
"gbif","SPF","105714","Myrcia splendens (Sw.) DC.","Plantae","Myrtaceae","Myrcia","1995","7","26","Brasil","São Paulo",,"APA Parque e Fazenda do Carmo, Parque Ecológico da APA.","USP-IB","Tracheophyta","PRESERVED_SPECIMEN",,,"https://specieslink.net/col/7","splendens","Godoy, SAP",,,"2023-12-20 16:04:54","(Sw.) DC.","Santos, MF",,"687",,,,,,,,,"Magnoliopsida","Myrtales",,,,,,,,,"GBIF","São Paulo","2014-01-01","Myrcia splendens (Sw.) DC.",,"BR",,,"1995-07-26",,,,,,"ACCEPTED","SPECIES",,,,,,,,,,,,,,,"brazil","sao paulo","sao paulo","apa parque e fazenda do carmo, parque ecologico da apa",,"locality","brazil_sao paulo_sao paulo","brazil_sao paulo_sao paulo",-23.65041685,-46.64802516,"county","1316164769",,,,"https://specieslink.net/guid/7/105714",,,,,"PRESENT",,,,,,,,,,,,,,,,,,,,,,,,,,,,,,"Myrcia",,,,,,"1bb3cae3-b91f-4109-8a2d-a1f05f2d6fd3",,,FALSE,FALSE,"Myrcia splendens","Myrcia splendens","null",FALSE,"LATIN_AMERICA","LATIN_AMERICA","LC",,"WGS84",,,,,,,,,,,,,,,,,,"brazil_sao paulo_sao paulo","Brazil","São Paulo","São Paulo",,"check_local.2municip.","Myrcia splendens","(Sw.) DC.","name_w_authors","Myrtaceae","Myrcia splendens","(Sw.) DC.","species","name accepted","bfo-10759",,,"Myrcia splendens (Sw.) DC.","Myrcia","Myrtaceae","unknown","Myrcia splendens"
"gbif","SPF","101237","Nectandra oppositifolia Nees & Mart. ex Nees","Plantae","Lauraceae","Nectandra","1995","5","23","Brasil","São Paulo",,"APA Parque e Fazenda do Carmo, Parque Ecológico da APA do Carmo. Trilha 1 (em direção ao TABOR).","USP-IB","Tracheophyta","PRESERVED_SPECIMEN",,,"https://specieslink.net/col/7","oppositifolia","Godoy, SAP",,,"2023-12-20 16:00:30","Nees","Baitello, JB",,"547",,,,,,,,,"Magnoliopsida","Laurales",,,,,,,,,"GBIF","São Paulo",,"Nectandra oppositifolia Nees & Mart. ex Nees",,"BR",,,"1995-05-23",,,,,,"ACCEPTED","SPECIES",,,,,,,,,,,,,,,"brazil","sao paulo","sao paulo","apa parque e fazenda do carmo, parque ecologico da apa do carmo",,"locality","brazil_sao paulo_sao paulo","brazil_sao paulo_sao paulo",-23.65041685,-46.64802516,"county","1252616820",,,,"https://specieslink.net/guid/7/101237",,,,,"PRESENT",,,,,,,,,,,,,,,,,,,,,,,,,,,,,,"Nectandra",,,,,,"1bb3cae3-b91f-4109-8a2d-a1f05f2d6fd3",,,FALSE,FALSE,"Nectandra oppositifolia","Nectandra oppositifolia","null",FALSE,"LATIN_AMERICA","LATIN_AMERICA","LC",,"WGS84",,,,,,,,,,,,,,,,,,"brazil_sao paulo_sao paulo","Brazil","São Paulo","São Paulo",,"check_local.2municip.","Nectandra oppositifolia","Nees & Mart.","name_w_authors","Lauraceae","Nectandra oppositifolia","Nees & Mart.","species","author misspelled","bfo-8434",,,"Nectandra oppositifolia Nees & Mart.","Nectandra","Lauraceae","unknown","Nectandra oppositifolia"
"gbif","SPF","99632","Niedenzuella multiglandulosa (A.Juss.) W.R.Anderson","Plantae","Malpighiaceae","Niedenzuella","1994","5","24","Brasil","São Paulo",,"APA Parque e Fazenda do Carmo, Trilha 11.","USP-IB","Tracheophyta","PRESERVED_SPECIMEN",,,"https://specieslink.net/col/7","multiglandulosa","Godoy, SAP","-46.466667","-23.583333","2024-01-30 15:22:20","(A.Juss.) W.R.Anderson","Almeida, RF",,"179",,,,,"700","700",,,"Magnoliopsida","Malpighiales",,,,,,,,,"GBIF","São Paulo","2014-01-01","Niedenzuella multiglandulosa (A.Juss.) W.R.Anderson",,"BR",,,"1994-05-24",,,,,,"ACCEPTED","SPECIES",,,,,,,,,,,,,,,"brazil","sao paulo","sao paulo","apa parque e fazenda do carmo",,"locality","brazil_sao paulo_sao paulo","brazil_sao paulo_sao paulo",-23.65041685,-46.64802516,"county","1801148233",,,,"https://specieslink.net/guid/7/99632",,,,,"PRESENT",,,,,,,,,,,,,,,,,,,,,,,,,,,,,,"Niedenzuella",,,,,,"1bb3cae3-b91f-4109-8a2d-a1f05f2d6fd3",,,TRUE,FALSE,"Niedenzuella multiglandulosa","Niedenzuella multiglandulosa","null",FALSE,"LATIN_AMERICA","LATIN_AMERICA","NE","https://images.cria.org.br/viewer/SPF00099632","WGS84",,,,,,,,,,,,,,,,,,"brazil_sao paulo_sao paulo","Brazil","São Paulo","São Paulo",,"check_local.2municip.","Niedenzuella multiglandulosa","(A.Juss.) W.R.Anderson","name_w_authors","Malpighiaceae","Niedenzuella multiglandulosa","(A.Juss.) W.R.Anderson","species","name accepted","bfo-101448",,,"Niedenzuella multiglandulosa (A.Juss.) W.R.Anderson","Niedenzuella","Malpighiaceae","unknown","Niedenzuella multiglandulosa"
"gbif","SPF","105774","Ocotea puberula (Rich.) Nees","Plantae","Lauraceae","Ocotea","1995","7","26","Brasil","São Paulo",,"APA Parque e Fazenda do Carmo, Trilha partindo do campo do brejo em direção ao morro.","USP-IB","Tracheophyta","PRESERVED_SPECIMEN",,,"https://specieslink.net/col/7","puberula","Garcia, RJF",,,"2023-12-20 16:00:37","(Rich.) Nees","Baitello, JB",,"693",,,,,,,,,"Magnoliopsida","Laurales",,,,,,,,,"GBIF","São Paulo",,"Ocotea puberula (Rich.) Nees",,"BR",,,"1995-07-26",,,,,,"ACCEPTED","SPECIES",,,,,,,,,,,,,,,"brazil","sao paulo","sao paulo","apa parque e fazenda do carmo",,"locality","brazil_sao paulo_sao paulo","brazil_sao paulo_sao paulo",-23.65041685,-46.64802516,"county","1252616927",,,,"https://specieslink.net/guid/7/105774",,,,,"PRESENT",,,,,,,,,,,,,,,,,,,,,,,,,,,,,,"Ocotea",,,,,,"1bb3cae3-b91f-4109-8a2d-a1f05f2d6fd3",,,FALSE,FALSE,"Ocotea puberula","Ocotea puberula","null",FALSE,"LATIN_AMERICA","LATIN_AMERICA","LC",,"WGS84",,,,,,,,,,,,,,,,,,"brazil_sao paulo_sao paulo","Brazil","São Paulo","São Paulo",,"check_local.2municip.","Ocotea puberula","(Rich.) Nees","name_w_authors","Lauraceae","Ocotea puberula","(Rich.) Nees","species","name accepted","bfo-8507",,,"Ocotea puberula (Rich.) Nees","Ocotea","Lauraceae","unknown","Ocotea puberula"
"gbif","SPF","107869","Ocotea pulchella (Nees & Mart.) Mez","Plantae","Lauraceae","Mespilodaphne","1995","7","25","Brasil","São Paulo",,"APA Parque e Fazenda do Carmo","USP-IB","Tracheophyta","PRESERVED_SPECIMEN",,,"https://specieslink.net/col/7","pulchella","Godoy, SAP",,,"2023-12-20 16:00:37","(Nees & Mart.) Mez","Baitello, JB",,"652",,,,,,,,,"Magnoliopsida","Laurales",,,,,,,,,"GBIF","São Paulo",,"Mespilodaphne pulchella Meisn.",,"BR",,,"1995-07-25",,,,,,"SYNONYM","SPECIES",,,,,,,,,,,,,,,"brazil","sao paulo","sao paulo","apa parque e fazenda do carmo",,"locality","brazil_sao paulo_sao paulo","brazil_sao paulo_sao paulo",-23.65041685,-46.64802516,"county","1252617069",,,,"https://specieslink.net/guid/7/107869",,,,,"PRESENT",,,,,,,,,,,,,,,,,,,,,,,,,,,,,,"Ocotea",,,,,,"1bb3cae3-b91f-4109-8a2d-a1f05f2d6fd3",,,FALSE,FALSE,"Mespilodaphne pulchella","Ocotea pulchella","null",FALSE,"LATIN_AMERICA","LATIN_AMERICA","LC",,"WGS84",,,,,,,,,,,,,,,,,,"brazil_sao paulo_sao paulo","Brazil","São Paulo","São Paulo",,"check_local.2municip.","Ocotea pulchella","(Nees & Mart.) Mez","name_w_authors","Lauraceae","Ocotea pulchella","(Nees & Mart.) Mez","species","name accepted","bfo-8480",,,"Ocotea pulchella (Nees & Mart.) Mez","Ocotea","Lauraceae","unknown","Ocotea pulchella"
"gbif","SPF","105748","Orthosia urceolata E.Fourn.","Plantae","Apocynaceae","Orthosia","1995","7","25","Brasil","São Paulo",,"APA Parque e Fazenda do Carmo, Trilha do Tabor.","USP-IB","Tracheophyta","PRESERVED_SPECIMEN",,,"https://specieslink.net/col/7","urceolata","Godoy, SAP",,,"2023-12-20 15:54:52","E.Fourn.","Rapini, A",,"650",,,,,,,,,"Magnoliopsida","Gentianales",,,,,,,,,"GBIF","São Paulo","1997-07-01","Orthosia urceolata E.Fourn.",,"BR",,,"1995-07-25",,,,,,"ACCEPTED","SPECIES",,,,,,,,,,,,,,,"brazil","sao paulo","sao paulo","apa parque e fazenda do carmo",,"locality","brazil_sao paulo_sao paulo","brazil_sao paulo_sao paulo",-23.65041685,-46.64802516,"county","1135815023",,,,"https://specieslink.net/guid/7/105748",,,,,"PRESENT",,,,,,,,,,,,,,,,,,,,,,,,,,,,,,"Orthosia",,,,,,"1bb3cae3-b91f-4109-8a2d-a1f05f2d6fd3",,,FALSE,FALSE,"Orthosia urceolata","Orthosia urceolata","null",FALSE,"LATIN_AMERICA","LATIN_AMERICA","NE","https://images.cria.org.br/viewer/SPF00105748","WGS84",,,,,,,,,,,,,,,,,,"brazil_sao paulo_sao paulo","Brazil","São Paulo","São Paulo",,"check_local.2municip.","Orthosia urceolata","E.Fourn.","name_w_authors","Apocynaceae","Orthosia urceolata","E.Fourn.","species","name accepted","bfo-4739",,,"Orthosia urceolata E.Fourn.","Orthosia","Apocynaceae","unknown","Orthosia urceolata"
"gbif","SPF","101248","Oxypetalum appendiculatum Mart.","Plantae","Apocynaceae","Oxypetalum","1995","5","23","Brasil","São Paulo",,"APA Parque e Fazenda do Carmo, Trilha 1 (em direção ao TABOR).","USP-IB","Tracheophyta","PRESERVED_SPECIMEN",,,"https://specieslink.net/col/7","appendiculatum","Godoy, SAP",,,"2023-12-20 15:54:52","Mart.","Rapini, A",,"540",,,,,,,,,"Magnoliopsida","Gentianales",,,,,,,,,"GBIF","São Paulo","1997-07-01","Oxypetalum appendiculatum Mart.",,"BR",,,"1995-05-23",,,,,,"ACCEPTED","SPECIES",,,,,,,,,,,,,,,"brazil","sao paulo","sao paulo","apa parque e fazenda do carmo",,"locality","brazil_sao paulo_sao paulo","brazil_sao paulo_sao paulo",-23.65041685,-46.64802516,"county","1135072227",,,,"https://specieslink.net/guid/7/101248",,,,,"PRESENT",,,,,,,,,,,,,,,,,,,,,,,,,,,,,,"Oxypetalum",,,,,,"1bb3cae3-b91f-4109-8a2d-a1f05f2d6fd3",,,FALSE,FALSE,"Oxypetalum appendiculatum","Oxypetalum appendiculatum","null",FALSE,"LATIN_AMERICA","LATIN_AMERICA","NE","https://images.cria.org.br/viewer/SPF00101248","WGS84",,,,,,,,,,,,,,,,,,"brazil_sao paulo_sao paulo","Brazil","São Paulo","São Paulo",,"check_local.2municip.","Oxypetalum appendiculatum","Mart.","name_w_authors","Apocynaceae","Oxypetalum appendiculatum","Mart.","species","name accepted","bfo-4743",,,"Oxypetalum appendiculatum Mart.","Oxypetalum","Apocynaceae","unknown","Oxypetalum appendiculatum"
"gbif","SPF","99508","Psychotria forsteronioides Müll.Arg.","Plantae","Rubiaceae","Palicourea","1994","5","24","Brasil","São Paulo",,"APA Parque e Fazenda do Carmo","USP-IB","Tracheophyta","PRESERVED_SPECIMEN",,,"https://specieslink.net/col/7","forsteronioides","Garcia, RJF","-46.466667","-23.583333","2024-01-30 15:23:43","Müll.Arg.","Zappi, DC",,"451",,,,,"850","850",,,"Magnoliopsida","Gentianales",,,,,,,,,"GBIF","São Paulo","2000-01-01","Palicourea forsteronioides (Müll.Arg.) C.M.Taylor",,"BR",,,"1994-05-24",,,,,,"SYNONYM","SPECIES",,,,,,,,,,,,,,,"brazil","sao paulo","sao paulo","apa parque e fazenda do carmo",,"locality","brazil_sao paulo_sao paulo","brazil_sao paulo_sao paulo",-23.65041685,-46.64802516,"county","1853949647",,,,"https://specieslink.net/guid/7/99508",,,,,"PRESENT",,,,,,,,,,,,,,,,,,,,,,,,,,,,,,"Psychotria",,,,,,"1bb3cae3-b91f-4109-8a2d-a1f05f2d6fd3",,,TRUE,FALSE,"Palicourea forsteronioides","Psychotria forsteronioides","null",FALSE,"LATIN_AMERICA","LATIN_AMERICA","DD","https://images.cria.org.br/viewer/SPF00099508","WGS84",,,,,,,,,,,,,,,,,,"brazil_sao paulo_sao paulo","Brazil","São Paulo","São Paulo",,"check_local.2municip.","Palicourea forsteronioides","(Müll.Arg.) C.M.Taylor","name_w_authors","Rubiaceae","Palicourea forsteronioides","(Müll.Arg.) C.M.Taylor","species","replaced synonym","bfo-604057","Palicourea forsteronioides","(Müll.Arg.) C.M.Taylor","Palicourea forsteronioides (Müll.Arg.) C.M.Taylor","Palicourea","Rubiaceae","unknown","Palicourea forsteronioides"
"gbif","SPF","99680","Psychotria ruelliifolia (Cham. & Schltdl.) Müll.Arg.","Plantae","Rubiaceae","Palicourea","1994","5","24","Brasil","São Paulo",,"APA Parque e Fazenda do Carmo","USP-IB","Tracheophyta","PRESERVED_SPECIMEN",,,"https://specieslink.net/col/7","ruelliifolia","Garcia, RJF","-46.466667","-23.583333","2024-01-30 15:23:46","(Cham. & Schltdl.) Müll.Arg.","Taylor, CM",,"471",,,,,"850","850",,,"Magnoliopsida","Gentianales",,,,,,,,,"GBIF","São Paulo","1997-01-01","Palicourea ruelliifolia (Cham. & Schltdl.) Borhidi",,"BR",,,"1994-05-24",,,,,,"SYNONYM","SPECIES",,,,,,,,,,,,,,,"brazil","sao paulo","sao paulo","apa parque e fazenda do carmo",,"locality","brazil_sao paulo_sao paulo","brazil_sao paulo_sao paulo",-23.65041685,-46.64802516,"county","1853949768",,,,"https://specieslink.net/guid/7/99680",,,,,"PRESENT",,,,,,,,,,,,,,,,,,,,,,,,,,,,,,"Psychotria",,,,,,"1bb3cae3-b91f-4109-8a2d-a1f05f2d6fd3",,,TRUE,FALSE,"Palicourea ruelliifolia","Psychotria ruelliifolia","null",FALSE,"LATIN_AMERICA","LATIN_AMERICA","NE","https://images.cria.org.br/viewer/SPF00099680","WGS84",,,,,,,,,,,,,,,,,,"brazil_sao paulo_sao paulo","Brazil","São Paulo","São Paulo",,"check_local.2municip.","Palicourea ruelliifolia","(Cham. & Schltdl.) Borhidi","name_w_authors","Rubiaceae","Palicourea ruelliifolia","(Cham. & Schltdl.) Borhidi","species","replaced synonym","bfo-613498","Palicourea ruelliifolia","(Cham. & Schltdl.) Borhidi","Palicourea ruelliifolia (Cham. & Schltdl.) Borhidi","Palicourea","Rubiaceae","unknown","Palicourea ruelliifolia"
"gbif","SPF","99681","Psychotria vellosiana Benth.","Plantae","Rubiaceae","Palicourea","1994","5","24","Brasil","São Paulo",,"APA Parque e Fazenda do Carmo","USP-IB","Tracheophyta","PRESERVED_SPECIMEN",,,"https://specieslink.net/col/7","vellosiana","Garcia, RJF","-46.466667","-23.583333","2024-01-30 15:23:48","Benth.","Zappi, DC",,"463",,,,,"850","850",,,"Magnoliopsida","Gentianales",,,,,,,,,"GBIF","São Paulo","2007-01-01","Palicourea sessilis (Vell.) C.M.Taylor",,"BR",,,"1994-05-24",,,,,,"SYNONYM","SPECIES",,,,,,,,,,,,,,,"brazil","sao paulo","sao paulo","apa parque e fazenda do carmo",,"locality","brazil_sao paulo_sao paulo","brazil_sao paulo_sao paulo",-23.65041685,-46.64802516,"county","1853949767",,,,"https://specieslink.net/guid/7/99681",,,,,"PRESENT",,,,,,,,,,,,,,,,,,,,,,,,,,,,,,"Psychotria",,,,,,"1bb3cae3-b91f-4109-8a2d-a1f05f2d6fd3",,,TRUE,FALSE,"Palicourea sessilis","Psychotria vellosiana","null",FALSE,"LATIN_AMERICA","LATIN_AMERICA","NE","https://images.cria.org.br/viewer/SPF00099681","WGS84",,,,,,,,,,,,,,,,,,"brazil_sao paulo_sao paulo","Brazil","São Paulo","São Paulo",,"check_local.2municip.","Palicourea sessilis","(Vell.) C.M.Taylor","name_w_authors","Rubiaceae","Palicourea sessilis","(Vell.) C.M.Taylor","species","replaced synonym","bfo-613500","Palicourea sessilis","(Vell.) C.M.Taylor","Palicourea sessilis (Vell.) C.M.Taylor","Palicourea","Rubiaceae","unknown","Palicourea sessilis"
"gbif","SPF","101254","Pera glabrata (Schott) Poepp. ex Baill.","Plantae","Peraceae","Pera","1995","5","23","Brasil","São Paulo",,"APA Parque e Fazenda do Carmo, Trilha 1 (em direção ao TABOR).","USP-IB","Tracheophyta","PRESERVED_SPECIMEN",,,"https://specieslink.net/col/7","glabrata","Godoy, SAP",,,"2023-12-20 16:05:39","(Schott) Baill.","Bigio, NC",,"548",,,,,,,,,"Magnoliopsida","Malpighiales",,,,,,,,,"GBIF","São Paulo","2019-03-01","Pera glabrata (Schott) Poepp. ex Baill.",,"BR",,,"1995-05-23",,,,,,"ACCEPTED","SPECIES",,,,,,,,,,,,,,,"brazil","sao paulo","sao paulo","apa parque e fazenda do carmo",,"locality","brazil_sao paulo_sao paulo","brazil_sao paulo_sao paulo",-23.65041685,-46.64802516,"county","2243330094",,,,"https://specieslink.net/guid/7/101254",,,,,"PRESENT",,,,,,,,,,,,,,,,,,,,,,,,,,,,,,"Pera",,,,,,"1bb3cae3-b91f-4109-8a2d-a1f05f2d6fd3",,,FALSE,FALSE,"Pera glabrata","Pera glabrata","null",FALSE,"LATIN_AMERICA","LATIN_AMERICA","LC","https://images.cria.org.br/viewer/SPF00101254","WGS84",,,,,,,,,,,,,,,,,,"brazil_sao paulo_sao paulo","Brazil","São Paulo","São Paulo",,"check_local.2municip.","Pera glabrata","(Schott) Baill.","name_w_authors","Peraceae","Pera glabrata","(Schott) Baill.","species","author misspelled","bfo-17629",,,"Pera glabrata (Schott) Baill.","Pera","Peraceae","unknown","Pera glabrata"
"gbif","SPF","99287","Prunus myrtifolia (L.) Urb.","Plantae","Rosaceae","Prunus","1994","5","25","Brasil","São Paulo",,"APA Parque e Fazenda do Carmo, Parque Ecológico.","USP-IB","Tracheophyta","PRESERVED_SPECIMEN",,,"https://specieslink.net/col/7","myrtifolia","Garcia, RJF","-46.466667","-23.583333","2023-12-20 16:07:17","(L.) Urb.","Kiyama, CY",,"498",,,,,"770","770",,,"Magnoliopsida","Rosales",,,,,,,,,"GBIF","São Paulo","1996-09-01","Prunus myrtifolia (L.) Urb.",,"BR",,,"1994-05-25",,,,,,"ACCEPTED","SPECIES",,,,,,,,,,,,,,,"brazil","sao paulo","sao paulo","apa parque e fazenda do carmo, parque ecologico",,"locality","brazil_sao paulo_sao paulo","brazil_sao paulo_sao paulo",-23.65041685,-46.64802516,"county","1570746388",,,,"https://specieslink.net/guid/7/99287",,,,,"PRESENT",,,,,,,,,,,,,,,,,,,,,,,,,,,,,,"Prunus",,,,,,"1bb3cae3-b91f-4109-8a2d-a1f05f2d6fd3",,,TRUE,FALSE,"Prunus myrtifolia","Prunus myrtifolia","null",FALSE,"LATIN_AMERICA","LATIN_AMERICA","NE","https://images.cria.org.br/viewer/SPF00099287","WGS84",,,,,,,,,,,,,,,,,,"brazil_sao paulo_sao paulo","Brazil","São Paulo","São Paulo",,"check_local.2municip.","Prunus myrtifolia","(L.) Urb.","name_w_authors","Rosaceae","Prunus myrtifolia","(L.) Urb.","species","name accepted","bfo-26058",,,"Prunus myrtifolia (L.) Urb.","Prunus","Rosaceae","unknown","Prunus myrtifolia"
"gbif","SPF","99516","Psychotria suterella Müll.Arg.","Plantae","Rubiaceae","Psychotria","1994","5","25","Brasil","São Paulo",,"APA Parque e Fazenda do Carmo","USP-IB","Tracheophyta","PRESERVED_SPECIMEN",,,"https://specieslink.net/col/7","suterella","Sordi, SJ","-46.466667","-23.583333","2024-01-30 15:23:46","Müll.Arg.","Paiva, MRC",,"4",,,,,"830","830",,,"Magnoliopsida","Gentianales",,,,,,,,,"GBIF","São Paulo","1998-05-01","Psychotria suterella Müll.Arg.",,"BR",,,"1994-05-25",,,,,,"ACCEPTED","SPECIES",,,,,,,,,,,,,,,"brazil","sao paulo","sao paulo","apa parque e fazenda do carmo",,"locality","brazil_sao paulo_sao paulo","brazil_sao paulo_sao paulo",-23.65041685,-46.64802516,"county","1853949645",,,,"https://specieslink.net/guid/7/99516",,,,,"PRESENT",,,,,,,,,,,,,,,,,,,,,,,,,,,,,,"Psychotria",,,,,,"1bb3cae3-b91f-4109-8a2d-a1f05f2d6fd3",,,TRUE,FALSE,"Psychotria suterella","Psychotria suterella","null",FALSE,"LATIN_AMERICA","LATIN_AMERICA","NE","https://images.cria.org.br/viewer/SPF00099516","WGS84",,,,,,,,,,,,,,,,,,"brazil_sao paulo_sao paulo","Brazil","São Paulo","São Paulo",,"check_local.2municip.","Psychotria suterella","Müll.Arg.","name_w_authors","Rubiaceae","Psychotria suterella","Müll.Arg.","species","name accepted","bfo-14224",,,"Psychotria suterella Müll.Arg.","Psychotria","Rubiaceae","unknown","Psychotria suterella"
"gbif","SPF","103548","Rhynchospora exaltata Kunth","Plantae","Cyperaceae","Rhynchospora","1994","5","24","Brasil","São Paulo",,"APA Parque e Fazenda do Carmo, Trilha 1.","USP-IB","Tracheophyta","PRESERVED_SPECIMEN",,,"https://specieslink.net/col/7","exaltata","Garcia, RJF","-46.466667","-23.583333","2023-12-20 15:58:15","Kunth","Araújo, AC",,"452",,,,,"850","850",,,"Liliopsida","Poales",,,,,,,,,"GBIF","São Paulo","1997-01-01","Rhynchospora exaltata Kunth",,"BR",,,"1994-05-24",,,,,,"ACCEPTED","SPECIES",,,,,,,,,,,,,,,"brazil","sao paulo","sao paulo","apa parque e fazenda do carmo",,"locality","brazil_sao paulo_sao paulo","brazil_sao paulo_sao paulo",-23.65041685,-46.64802516,"county","1275052735",,,,"https://specieslink.net/guid/7/103548",,,,,"PRESENT",,,,,,,,,,,,,,,,,,,,,,,,,,,,,,"Rhynchospora",,,,,,"1bb3cae3-b91f-4109-8a2d-a1f05f2d6fd3",,,TRUE,FALSE,"Rhynchospora exaltata","Rhynchospora exaltata","null",FALSE,"LATIN_AMERICA","LATIN_AMERICA","NE","https://images.cria.org.br/viewer/SPF00103548","WGS84",,,,,,,,,,,,,,,,,,"brazil_sao paulo_sao paulo","Brazil","São Paulo","São Paulo",,"check_local.2municip.","Rhynchospora exaltata","Kunth","name_w_authors","Cyperaceae","Rhynchospora exaltata","Kunth","species","name accepted","bfo-7271",,,"Rhynchospora exaltata Kunth","Rhynchospora","Cyperaceae","unknown","Rhynchospora exaltata"
"gbif","SPF","99299","Rubus brasiliensis Mart.","Plantae","Rosaceae","Rubus","1994","5","24","Brasil","São Paulo",,"APA Parque e Fazenda do Carmo, Parque Ecológico.","USP-IB","Tracheophyta","PRESERVED_SPECIMEN",,,"https://specieslink.net/col/7","brasiliensis","Godoy, SAP","-46.466667","-23.583333","2023-12-20 16:07:18","Mart.","Kiyama, CY",,"182",,,,,"700","700",,,"Magnoliopsida","Rosales",,,,,,,,,"GBIF","São Paulo","1996-10-01","Rubus brasiliensis Mart.",,"BR",,,"1994-05-24",,,,,,"ACCEPTED","SPECIES",,,,,,,,,,,,,,,"brazil","sao paulo","sao paulo","apa parque e fazenda do carmo, parque ecologico",,"locality","brazil_sao paulo_sao paulo","brazil_sao paulo_sao paulo",-23.65041685,-46.64802516,"county","1570746391",,,,"https://specieslink.net/guid/7/99299",,,,,"PRESENT",,,,,,,,,,,,,,,,,,,,,,,,,,,,,,"Rubus",,,,,,"1bb3cae3-b91f-4109-8a2d-a1f05f2d6fd3",,,TRUE,FALSE,"Rubus brasiliensis","Rubus brasiliensis","null",FALSE,"LATIN_AMERICA","LATIN_AMERICA","NE","https://images.cria.org.br/viewer/SPF00099299","WGS84",,,,,,,,,,,,,,,,,,"brazil_sao paulo_sao paulo","Brazil","São Paulo","São Paulo",,"check_local.2municip.","Rubus brasiliensis","Mart.","name_w_authors","Rosaceae","Rubus brasiliensis","Mart.","species","name accepted","bfo-20679",,,"Rubus brasiliensis Mart.","Rubus","Rosaceae","unknown","Rubus brasiliensis"
"gbif","SPF","99298","Rubus urticifolius Poir.","Plantae","Rosaceae","Rubus","1994","5","25","Brasil","São Paulo",,"APA Parque e Fazenda do Carmo, Parque Ecológico.","USP-IB","Tracheophyta","PRESERVED_SPECIMEN",,,"https://specieslink.net/col/7","urticifolius","Garcia, RJF","-46.466667","-23.583333","2023-12-20 16:07:19","Poir.","Kiyama, CY",,"509",,,,,"750","750",,,"Magnoliopsida","Rosales",,,,,,,,,"GBIF","São Paulo","1996-10-01","Rubus urticifolius Poir.",,"BR",,,"1994-05-25",,,,,,"ACCEPTED","SPECIES",,,,,,,,,,,,,,,"brazil","sao paulo","sao paulo","apa parque e fazenda do carmo, parque ecologico",,"locality","brazil_sao paulo_sao paulo","brazil_sao paulo_sao paulo",-23.65041685,-46.64802516,"county","1570746387",,,,"https://specieslink.net/guid/7/99298",,,,,"PRESENT",,,,,,,,,,,,,,,,,,,,,,,,,,,,,,"Rubus",,,,,,"1bb3cae3-b91f-4109-8a2d-a1f05f2d6fd3",,,TRUE,FALSE,"Rubus urticifolius","Rubus urticifolius","null",FALSE,"LATIN_AMERICA","LATIN_AMERICA","NE","https://images.cria.org.br/viewer/SPF00099298","WGS84",,,,,,,,,,,,,,,,,,"brazil_sao paulo_sao paulo","Brazil","São Paulo","São Paulo",,"check_local.2municip.","Rubus urticifolius","Poir.","name_w_authors","Rosaceae","Rubus urticifolius","Poir.","species","name accepted","bfo-20680",,,"Rubus urticifolius Poir.","Rubus","Rosaceae","unknown","Rubus urticifolius"
"gbif","SPF","101239","Senna splendida (Vogel) H.S.Irwin & Barneby","Plantae","Fabaceae","Senna","1995","5","24","Brasil","São Paulo",,"APA Parque e Fazenda do Carmo","USP-IB","Tracheophyta","PRESERVED_SPECIMEN",,,"https://specieslink.net/col/7","splendida","Godoy, SAP",,,"2023-12-20 16:02:02","(Vogel) H.S.Irwin & Barneby","Romão, GO",,"563",,,,,,,,,"Magnoliopsida","Fabales",,,,,,,,,"GBIF","São Paulo","1999-01-01","Senna splendida (Vogel) H.S.Irwin & Barneby",,"BR",,,"1995-05-24",,,,,,"ACCEPTED","SPECIES",,,,,,,,,,,,,,,"brazil","sao paulo","sao paulo","apa parque e fazenda do carmo",,"locality","brazil_sao paulo_sao paulo","brazil_sao paulo_sao paulo",-23.65041685,-46.64802516,"county","1303202031",,,,"https://specieslink.net/guid/7/101239",,,,,"PRESENT",,,,,,,,,,,,,,,,,,,,,,,,,,,,,,"Senna",,,,,,"1bb3cae3-b91f-4109-8a2d-a1f05f2d6fd3",,,FALSE,FALSE,"Senna splendida","Senna splendida","null",FALSE,"LATIN_AMERICA","LATIN_AMERICA","NE","https://images.cria.org.br/viewer/SPF00101239","WGS84",,,,,,,,,,,,,,,,,,"brazil_sao paulo_sao paulo","Brazil","São Paulo","São Paulo",,"check_local.2municip.","Senna splendida","(Vogel) H.S.Irwin & Barneby","name_w_authors","Fabaceae","Senna splendida","(Vogel) H.S.Irwin & Barneby","species","name accepted","bfo-28233",,,"Senna splendida (Vogel) H.S.Irwin & Barneby","Senna","Fabaceae","unknown","Senna splendida"
"gbif","SPF","105716","Serjania multiflora Cambess.","Plantae","Sapindaceae","Serjania","1995","7","25","Brasil","São Paulo",,"APA Parque e Fazenda do Carmo","USP-IB","Tracheophyta","PRESERVED_SPECIMEN",,,"https://specieslink.net/col/7","multiflora","Godoy, SAP",,,"2023-12-20 16:09:10","Cambess.","Ferrucci, MS",,"669",,,,,,,,,"Magnoliopsida","Sapindales",,,,,,,,,"GBIF","São Paulo","2009-01-01","Serjania multiflora Cambess.",,"BR",,,"1995-07-25",,,,,,"ACCEPTED","SPECIES",,,,,,,,,,,,,,,"brazil","sao paulo","sao paulo","apa parque e fazenda do carmo",,"locality","brazil_sao paulo_sao paulo","brazil_sao paulo_sao paulo",-23.65041685,-46.64802516,"county","1234541440",,,,"https://specieslink.net/guid/7/105716",,,,,"PRESENT",,,,,,,,,,,,,,,,,,,,,,,,,,,,,,"Serjania",,,,,,"1bb3cae3-b91f-4109-8a2d-a1f05f2d6fd3",,,FALSE,FALSE,"Serjania multiflora","Serjania multiflora","null",FALSE,"LATIN_AMERICA","LATIN_AMERICA","NE","https://images.cria.org.br/viewer/SPF00105716","WGS84",,,,,,,,,,,,,,,,,,"brazil_sao paulo_sao paulo","Brazil","São Paulo","São Paulo",,"check_local.2municip.","Serjania multiflora","Cambess.","name_w_authors","Sapindaceae","Serjania multiflora","Cambess.","species","name accepted","bfo-20966",,,"Serjania multiflora Cambess.","Serjania","Sapindaceae","unknown","Serjania multiflora"
"gbif","SPF","96542","Serjania reticulata Cambess.","Plantae","Sapindaceae","Serjania","1994","5","24","Brasil","São Paulo",,"APA Parque e Fazenda do Carmo","USP-IB","Tracheophyta","PRESERVED_SPECIMEN",,,"https://specieslink.net/col/7","reticulata","Godoy, SAP","-46.466667","-23.583333","2024-01-30 15:24:08","Cambess.","Somner, GV",,"180",,,,,"700","700",,,"Magnoliopsida","Sapindales",,,,,,,,,"GBIF","São Paulo","1996-11-28","Serjania reticulata Cambess.",,"BR",,,"1994-05-24",,,,,,"ACCEPTED","SPECIES",,,,,,,,,,,,,,,"brazil","sao paulo","sao paulo","apa parque e fazenda do carmo",,"locality","brazil_sao paulo_sao paulo","brazil_sao paulo_sao paulo",-23.65041685,-46.64802516,"county","1234540973",,,,"https://specieslink.net/guid/7/96542",,,,,"PRESENT",,,,,,,,,,,,,,,,,,,,,,,,,,,,,,"Serjania",,,,,,"1bb3cae3-b91f-4109-8a2d-a1f05f2d6fd3",,,TRUE,FALSE,"Serjania reticulata","Serjania reticulata","null",FALSE,"LATIN_AMERICA","LATIN_AMERICA","NE","https://images.cria.org.br/viewer/SPF00096542","WGS84",,,,,,,,,,,,,,,,,,"brazil_sao paulo_sao paulo","Brazil","São Paulo","São Paulo",,"check_local.2municip.","Serjania reticulata","Cambess.","name_w_authors","Sapindaceae","Serjania reticulata","Cambess.","species","name accepted","bfo-20976",,,"Serjania reticulata Cambess.","Serjania","Sapindaceae","unknown","Serjania reticulata"
"gbif","SPF","97447","Sessea brasiliensis Toledo","Plantae","Solanaceae","Cestrum","1994","5","25","Brasil","São Paulo",,"APA Parque e Fazenda do Carmo","USP-IB","Tracheophyta","PRESERVED_SPECIMEN",,,"https://specieslink.net/col/7","brasiliensis","Garcia, RJF","-46.466667","-23.583333","2024-01-30 15:24:19","Toledo","Giacomin, LL",,"487",,,,,"800","800",,,"Magnoliopsida","Solanales",,,,,,,,,"GBIF","São Paulo","2009-08-01","Cestrum toledii Carvalho & Schnoor",,"BR",,,"1994-05-25",,,,,,"SYNONYM","SPECIES",,,,,,,,,,,,,,,"brazil","sao paulo","sao paulo","apa parque e fazenda do carmo",,"locality","brazil_sao paulo_sao paulo","brazil_sao paulo_sao paulo",-23.65041685,-46.64802516,"county","1978401820",,,,"https://specieslink.net/guid/7/97447",,,,,"PRESENT",,,,,,,,,,,,,,,,,,,,,,,,,,,,,,"Sessea",,,,,,"1bb3cae3-b91f-4109-8a2d-a1f05f2d6fd3",,,TRUE,FALSE,"Cestrum toledii","Sessea brasiliensis","null",FALSE,"LATIN_AMERICA","LATIN_AMERICA","DD","https://images.cria.org.br/viewer/SPF00097447","WGS84",,,,,,,,,,,,,,,,,,"brazil_sao paulo_sao paulo","Brazil","São Paulo","São Paulo",,"check_local.2municip.","Sessea brasiliensis","Toledo","name_w_authors","Solanaceae","Sessea brasiliensis","Toledo","species","name accepted","bfo-14712",,,"Sessea brasiliensis Toledo","Sessea","Solanaceae","unknown","Sessea brasiliensis"
"gbif","SPF","97301","Solanum bullatum Vell.","Plantae","Solanaceae","Solanum","1994","5","25","Brasil","São Paulo",,"APA Parque e Fazenda do Carmo","USP-IB","Tracheophyta","PRESERVED_SPECIMEN",,,"https://specieslink.net/col/7","bullatum","Garcia, RJF","-46.466667","-23.583333","2024-01-30 15:24:19","Vell.","Mamede, MCH; Rapini, A",,"482",,,,,"800","800",,,"Magnoliopsida","Solanales",,,,,,,,,"GBIF","São Paulo","1994-01-01","Solanum bullatum Vell.",,"BR",,,"1994-05-25",,,,,,"ACCEPTED","SPECIES",,,,,,,,,,,,,,,"brazil","sao paulo","sao paulo","apa parque e fazenda do carmo",,"locality","brazil_sao paulo_sao paulo","brazil_sao paulo_sao paulo",-23.65041685,-46.64802516,"county","1978401809",,,,"https://specieslink.net/guid/7/97301",,,,,"PRESENT",,,,,,,,,,,,,,,,,,,,,,,,,,,,,,"Solanum",,,,,,"1bb3cae3-b91f-4109-8a2d-a1f05f2d6fd3",,,TRUE,FALSE,"Solanum bullatum","Solanum bullatum","null",FALSE,"LATIN_AMERICA","LATIN_AMERICA","NE","https://images.cria.org.br/viewer/SPF00097301","WGS84",,,,,,,,,,,,,,,,,,"brazil_sao paulo_sao paulo","Brazil","São Paulo","São Paulo",,"check_local.2municip.","Solanum bullatum","Vell.","name_w_authors","Solanaceae","Solanum bullatum","Vell.","species","name accepted","bfo-14737",,,"Solanum bullatum Vell.","Solanum","Solanaceae","unknown","Solanum bullatum"
"gbif","SPF","101232","Solanum cinnamomeum Sendtn.","Plantae","Solanaceae","Solanum","1995","5","23","Brasil","São Paulo",,"APA Parque e Fazenda do Carmo","USP-IB","Tracheophyta","PRESERVED_SPECIMEN",,,"https://specieslink.net/col/7","cinnamomeum","Godoy, SAP",,,"2023-12-20 16:09:37","Sendtn.","Anônimo",,"545",,,,,,,,,"Magnoliopsida","Solanales",,,,,,,,,"GBIF","São Paulo",,"Solanum cinnamomeum Sendtn.",,"BR",,,"1995-05-23",,,,,,"ACCEPTED","SPECIES",,,,,,,,,,,,,,,"brazil","sao paulo","sao paulo","apa parque e fazenda do carmo",,"locality","brazil_sao paulo_sao paulo","brazil_sao paulo_sao paulo",-23.65041685,-46.64802516,"county","1978401969",,,,"https://specieslink.net/guid/7/101232",,,,,"PRESENT",,,,,,,,,,,,,,,,,,,,,,,,,,,,,,"Solanum",,,,,,"1bb3cae3-b91f-4109-8a2d-a1f05f2d6fd3",,,FALSE,FALSE,"Solanum cinnamomeum","Solanum cinnamomeum","null",FALSE,"LATIN_AMERICA","LATIN_AMERICA","NE","https://images.cria.org.br/viewer/SPF00101232","WGS84",,,,,,,,,,,,,,,,,,"brazil_sao paulo_sao paulo","Brazil","São Paulo","São Paulo",,"check_local.2municip.","Solanum cinnamomeum","Sendtn.","name_w_authors","Solanaceae","Solanum cinnamomeum","Sendtn.","species","name accepted","bfo-14748",,,"Solanum cinnamomeum Sendtn.","Solanum","Solanaceae","unknown","Solanum cinnamomeum"
"gbif","SPF","105752","Solanum concinnum Schott ex Sendtn.","Plantae","Solanaceae","Solanum","1995","7","25","Brasil","São Paulo",,"APA Parque e Fazenda do Carmo","USP-IB","Tracheophyta","PRESERVED_SPECIMEN",,,"https://specieslink.net/col/7","concinnum","Godoy, SAP",,,"2023-12-20 16:09:38","Schott ex Sendtn.","Anônimo",,"673",,,,,,,,,"Magnoliopsida","Solanales",,,,,,,,,"GBIF","São Paulo",,"Solanum concinnum Schott ex Sendtn.",,"BR",,,"1995-07-25",,,,,,"ACCEPTED","SPECIES",,,,,,,,,,,,,,,"brazil","sao paulo","sao paulo","apa parque e fazenda do carmo",,"locality","brazil_sao paulo_sao paulo","brazil_sao paulo_sao paulo",-23.65041685,-46.64802516,"county","1978402066",,,,"https://specieslink.net/guid/7/105752",,,,,"PRESENT",,,,,,,,,,,,,,,,,,,,,,,,,,,,,,"Solanum",,,,,,"1bb3cae3-b91f-4109-8a2d-a1f05f2d6fd3",,,FALSE,FALSE,"Solanum concinnum","Solanum concinnum","null",FALSE,"LATIN_AMERICA","LATIN_AMERICA","NE","https://images.cria.org.br/viewer/SPF00105752","WGS84",,,,,,,,,,,,,,,,,,"brazil_sao paulo_sao paulo","Brazil","São Paulo","São Paulo",,"check_local.2municip.","Solanum concinnum","Schott ex Sendtn.","name_w_authors","Solanaceae","Solanum concinnum","Schott ex Sendtn.","species","name accepted","bfo-14752",,,"Solanum concinnum Schott ex Sendtn.","Solanum","Solanaceae","unknown","Solanum concinnum"
"gbif","SPF","105719","Solanum decorum Sendtn.","Plantae","Solanaceae","Solanum","1995","7","25","Brasil","São Paulo",,"APA Parque e Fazenda do Carmo","USP-IB","Tracheophyta","PRESERVED_SPECIMEN",,,"https://specieslink.net/col/7","decorum","Garcia, RJF",,,"2023-12-20 16:09:39","Sendtn.","Feliciano, EA",,"670",,,,,,,,,"Magnoliopsida","Solanales",,,,,,,,,"GBIF","São Paulo","2007-10-01","Solanum decorum Sendtn.",,"BR",,,"1995-07-25",,,,,,"ACCEPTED","SPECIES",,,,,,,,,,,,,,,"brazil","sao paulo","sao paulo","apa parque e fazenda do carmo",,"locality","brazil_sao paulo_sao paulo","brazil_sao paulo_sao paulo",-23.65041685,-46.64802516,"county","1978401863",,,,"https://specieslink.net/guid/7/105719",,,,,"PRESENT",,,,,,,,,,,,,,,,,,,,,,,,,,,,,,"Solanum",,,,,,"1bb3cae3-b91f-4109-8a2d-a1f05f2d6fd3",,,FALSE,FALSE,"Solanum decorum","Solanum decorum","null",FALSE,"LATIN_AMERICA","LATIN_AMERICA","NE","https://images.cria.org.br/viewer/SPF00105719","WGS84",,,,,,,,,,,,,,,,,,"brazil_sao paulo_sao paulo","Brazil","São Paulo","São Paulo",,"check_local.2municip.","Solanum decorum","Sendtn.","name_w_authors","Solanaceae","Solanum decorum","Sendtn.","species","name accepted","bfo-14759",,,"Solanum decorum Sendtn.","Solanum","Solanaceae","unknown","Solanum decorum"
"gbif","SPF","105721","Solanum didymum Dunal","Plantae","Solanaceae","Solanum","1995","7","25","Brasil","São Paulo",,"APA Parque e Fazenda do Carmo","USP-IB","Tracheophyta","PRESERVED_SPECIMEN",,,"https://specieslink.net/col/7","didymum","Godoy, SAP",,,"2023-12-20 16:09:39","Dunal","Giacomin, LL",,"651",,,,,,,,,"Magnoliopsida","Solanales",,,,,,,,,"GBIF","São Paulo","2009-01-01","Solanum didymum Dunal",,"BR",,,"1995-07-25",,,,,,"ACCEPTED","SPECIES",,,,,,,,,,,,,,,"brazil","sao paulo","sao paulo","apa parque e fazenda do carmo",,"locality","brazil_sao paulo_sao paulo","brazil_sao paulo_sao paulo",-23.65041685,-46.64802516,"county","1978401862",,,,"https://specieslink.net/guid/7/105721",,,,,"PRESENT",,,,,,,,,,,,,,,,,,,,,,,,,,,,,,"Solanum",,,,,,"1bb3cae3-b91f-4109-8a2d-a1f05f2d6fd3",,,FALSE,FALSE,"Solanum didymum","Solanum didymum","null",FALSE,"LATIN_AMERICA","LATIN_AMERICA","NE","https://images.cria.org.br/viewer/SPF00105721","WGS84",,,,,,,,,,,,,,,,,,"brazil_sao paulo_sao paulo","Brazil","São Paulo","São Paulo",,"check_local.2municip.","Solanum didymum","Dunal","name_w_authors","Solanaceae","Solanum didymum","Dunal","species","name accepted","bfo-88088",,,"Solanum didymum Dunal","Solanum","Solanaceae","unknown","Solanum didymum"
"gbif","SPF","97296","Solanum granulosoleprosum Dunal","Plantae","Solanaceae","Solanum","1994","5","25","Brasil","São Paulo",,"APA Parque e Fazenda do Carmo","USP-IB","Tracheophyta","PRESERVED_SPECIMEN",,,"https://specieslink.net/col/7","granulosoleprosum","Garcia, RJF","-46.466667","-23.583333","2024-01-30 15:24:21","Dunal","Nee, M",,"486",,,,,"750","750",,,"Magnoliopsida","Solanales",,,,,,,,,"GBIF","São Paulo","2000-01-01","Solanum granulosoleprosum Dunal",,"BR",,,"1994-05-25",,,,,,"ACCEPTED","SPECIES",,,,,,,,,,,,,,,"brazil","sao paulo","sao paulo","apa parque e fazenda do carmo",,"locality","brazil_sao paulo_sao paulo","brazil_sao paulo_sao paulo",-23.65041685,-46.64802516,"county","1978401690",,,,"https://specieslink.net/guid/7/97296",,,,,"PRESENT",,,,,,,,,,,,,,,,,,,,,,,,,,,,,,"Solanum",,,,,,"1bb3cae3-b91f-4109-8a2d-a1f05f2d6fd3",,,TRUE,FALSE,"Solanum granulosoleprosum","Solanum granulosoleprosum","null",FALSE,"LATIN_AMERICA","LATIN_AMERICA","LC","https://images.cria.org.br/viewer/SPF00097296","WGS84",,,,,,,,,,,,,,,,,,"brazil_sao paulo_sao paulo","Brazil","São Paulo","São Paulo",,"check_local.2municip.","Solanum granulosoleprosum","Dunal","name_w_authors","Solanaceae","Solanum granulosoleprosum","Dunal","species","name accepted","bfo-14775",,,"Solanum granulosoleprosum Dunal","Solanum","Solanaceae","unknown","Solanum granulosoleprosum"
"gbif","SPF","97297","Solanum swartzianum Roem. & Schult.","Plantae","Solanaceae","Solanum","1994","5","24","Brasil","São Paulo",,"APA Parque e Fazenda do Carmo","USP-IB","Tracheophyta","PRESERVED_SPECIMEN",,,"https://specieslink.net/col/7","swartzianum","Garcia, RJF","-46.466667","-23.583333","2024-01-30 15:24:24","Roem. & Schult.","Garcia, RJF",,"450",,,,,"850","850",,,"Magnoliopsida","Solanales",,,,,,,,,"GBIF","São Paulo",,"Solanum swartzianum Roem. & Schult.",,"BR",,,"1994-05-24",,,,,,"ACCEPTED","SPECIES",,,,,,,,,,,,,,,"brazil","sao paulo","sao paulo","apa parque e fazenda do carmo",,"locality","brazil_sao paulo_sao paulo","brazil_sao paulo_sao paulo",-23.65041685,-46.64802516,"county","1978401669",,,,"https://specieslink.net/guid/7/97297",,,,,"PRESENT",,,,,,,,,,,,,,,,,,,,,,,,,,,,,,"Solanum",,,,,,"1bb3cae3-b91f-4109-8a2d-a1f05f2d6fd3",,,TRUE,FALSE,"Solanum swartzianum","Solanum swartzianum","null",FALSE,"LATIN_AMERICA","LATIN_AMERICA","LC","https://images.cria.org.br/viewer/SPF00097297","WGS84",,,,,,,,,,,,,,,,,,"brazil_sao paulo_sao paulo","Brazil","São Paulo","São Paulo",,"check_local.2municip.","Solanum swartzianum","Roem. & Schult.","name_w_authors","Solanaceae","Solanum swartzianum","Roem. & Schult.","species","name accepted","bfo-14872",,,"Solanum swartzianum Roem. & Schult.","Solanum","Solanaceae","unknown","Solanum swartzianum"
"gbif","SPF","105241","Struthanthus acuminatus (Ruiz & Pav.) Kuijt","Plantae","Loranthaceae","Struthanthus","1995","7","25","Brasil","São Paulo",,"APA Parque e Fazenda do Carmo","USP-IB","Tracheophyta","PRESERVED_SPECIMEN",,,"https://specieslink.net/col/7","acuminatus","Godoy, SAP",,,"2023-12-20 16:02:27","(Ruiz & Pav.) Kuijt","Sugiyama, M",,"667",,,,,,,,,"Magnoliopsida","Santalales",,,,,,,,,"GBIF","São Paulo","1996-01-01","Struthanthus acuminatus (Ruiz & Pav.) Blume ex J.F.Macbr.",,"BR",,,"1995-07-25",,,,,,"SYNONYM","SPECIES",,,,,,,,,,,,,,,"brazil","sao paulo","sao paulo","apa parque e fazenda do carmo",,"locality","brazil_sao paulo_sao paulo","brazil_sao paulo_sao paulo",-23.65041685,-46.64802516,"county","1252616930",,,,"https://specieslink.net/guid/7/105241",,,,,"PRESENT",,,,,,,,,,,,,,,,,,,,,,,,,,,,,,"Struthanthus",,,,,,"1bb3cae3-b91f-4109-8a2d-a1f05f2d6fd3",,,FALSE,FALSE,"Struthanthus acuminatus","Struthanthus acuminatus","null",FALSE,"LATIN_AMERICA","LATIN_AMERICA","NE","https://images.cria.org.br/viewer/SPF00105241","WGS84",,,,,,,,,,,,,,,,,,"brazil_sao paulo_sao paulo","Brazil","São Paulo","São Paulo",,"check_local.2municip.","Struthanthus acuminatus","(Ruiz & Pav.) Kuijt","name_w_authors","Loranthaceae","Struthanthus acuminatus","(Ruiz & Pav.) Kuijt","species","name accepted","bfo-8703",,,"Struthanthus acuminatus (Ruiz & Pav.) Kuijt","Struthanthus","Loranthaceae","unknown","Struthanthus acuminatus"
"gbif","SPF","99630","Tetrapterys phlomoides (Spreng.) Nied.","Plantae","Malpighiaceae","Tetrapterys","1994","5","24","Brasil","São Paulo",,"APA Parque e Fazenda do Carmo, Trilha 11.","USP-IB","Tracheophyta","PRESERVED_SPECIMEN",,,"https://specieslink.net/col/7","phlomoides","Godoy, SAP","-46.466667","-23.583333","2024-01-30 15:22:23","(Spreng.) Nied.","Mamede, MCH",,"181",,,,,"700","700",,,"Magnoliopsida","Malpighiales",,,,,,,,,"GBIF","São Paulo","1998-01-01","Tetrapterys phlomoides (Spreng.) Nied.",,"BR",,,"1994-05-24",,,,,,"ACCEPTED","SPECIES",,,,,,,,,,,,,,,"brazil","sao paulo","sao paulo","apa parque e fazenda do carmo",,"locality","brazil_sao paulo_sao paulo","brazil_sao paulo_sao paulo",-23.65041685,-46.64802516,"county","1801148181",,,,"https://specieslink.net/guid/7/99630",,,,,"PRESENT",,,,,,,,,,,,,,,,,,,,,,,,,,,,,,"Tetrapterys",,,,,,"1bb3cae3-b91f-4109-8a2d-a1f05f2d6fd3",,,TRUE,FALSE,"Tetrapterys phlomoides","Tetrapterys phlomoides","null",FALSE,"LATIN_AMERICA","LATIN_AMERICA","NE","https://images.cria.org.br/viewer/SPF00099630","WGS84",,,,,,,,,,,,,,,,,,"brazil_sao paulo_sao paulo","Brazil","São Paulo","São Paulo",,"check_local.2municip.","Tetrapterys phlomoides","(Spreng.) Nied.","name_w_authors","Malpighiaceae","Tetrapterys phlomoides","(Spreng.) Nied.","species","name accepted","bfo-8971",,,"Tetrapterys phlomoides (Spreng.) Nied.","Tetrapterys","Malpighiaceae","unknown","Tetrapterys phlomoides"
"gbif","SPF","101242","Tibouchina Aubl.","Plantae","Melastomataceae","Tibouchina","1995","5","24","Brasil","São Paulo",,"APA Parque e Fazenda do Carmo, Parque Ecológico da APA do Carmo.","USP-IB","Tracheophyta","PRESERVED_SPECIMEN",,,"https://specieslink.net/col/7",,"Godoy, SAP",,,"2023-12-20 16:03:59",,,,"573",,,,,,,,,"Magnoliopsida","Myrtales",,,,,,,,,"GBIF","São Paulo",,"Tibouchina Aubl.",,"BR",,,"1995-05-24",,,,,,"ACCEPTED","GENUS",,,,,,,,,,,,,,,"brazil","sao paulo","sao paulo","apa parque e fazenda do carmo, parque ecologico da apa do carmo",,"locality","brazil_sao paulo_sao paulo","brazil_sao paulo_sao paulo",-23.65041685,-46.64802516,"county","1143410893",,,,"https://specieslink.net/guid/7/101242",,,,,"PRESENT",,,,,,,,,,,,,,,,,,,,,,,,,,,,,,"Tibouchina",,,,,,"1bb3cae3-b91f-4109-8a2d-a1f05f2d6fd3",,,FALSE,FALSE,,"Tibouchina","null",FALSE,"LATIN_AMERICA","LATIN_AMERICA","NE","https://images.cria.org.br/viewer/SPF00101242","WGS84",,,,,,,,,,,,,,,,,,"brazil_sao paulo_sao paulo","Brazil","São Paulo","São Paulo",,"check_local.2municip.","Tibouchina","Aubl.","name_w_authors","Melastomataceae","Tibouchina","Aubl.","genus","name accepted","bfo-9876",,,"Tibouchina Aubl.","Tibouchina","Melastomataceae","unknown",
"gbif","SPF","99517","Tovomitopsis paniculata (Spreng.) Planch. & Triana","Plantae","Clusiaceae","Chrysochlamys","1994","5","25","Brasil","São Paulo",,"APA Parque e Fazenda do Carmo","USP-IB","Tracheophyta","PRESERVED_SPECIMEN",,,"https://specieslink.net/col/7","paniculata","Garcia, RJF","-46.466667","-23.583333","2024-01-30 15:20:01","(Spreng.) Planch. & Triana","Marinho, L",,"484",,,,,"800","800",,,"Magnoliopsida","Malpighiales",,,,,,,,,"GBIF","São Paulo","2014-08-01","Chrysochlamys paniculata (Spreng.)",,"BR",,,"1994-05-25",,,,,,"SYNONYM","SPECIES",,,,,,,,,,,,,,,"brazil","sao paulo","sao paulo","apa parque e fazenda do carmo",,"locality","brazil_sao paulo_sao paulo","brazil_sao paulo_sao paulo",-23.65041685,-46.64802516,"county","1702648480",,,,"https://specieslink.net/guid/7/99517",,,,,"PRESENT",,,,,,,,,,,,,,,,,,,,,,,,,,,,,,"Tovomitopsis",,,,,,"1bb3cae3-b91f-4109-8a2d-a1f05f2d6fd3",,,TRUE,FALSE,"Chrysochlamys paniculata","Tovomitopsis paniculata","null",FALSE,"LATIN_AMERICA","LATIN_AMERICA","LC","https://images.cria.org.br/viewer/SPF00099517","WGS84",,,,,,,,,,,,,,,,,,"brazil_sao paulo_sao paulo","Brazil","São Paulo","São Paulo",,"check_local.2municip.","Tovomitopsis paniculata","(Spreng.) Planch. & Triana","name_w_authors","Clusiaceae","Tovomitopsis paniculata","(Spreng.) Planch. & Triana","species","name accepted","bfo-6890",,,"Tovomitopsis paniculata (Spreng.) Planch. & Triana","Tovomitopsis","Clusiaceae","unknown","Tovomitopsis paniculata"
"gbif","SPF","99644","Trigonia nivea Cambess.","Plantae","Trigoniaceae","Trigonia","1994","5","24","Brasil","São Paulo",,"APA Parque e Fazenda do Carmo","USP-IB","Tracheophyta","PRESERVED_SPECIMEN",,,"https://specieslink.net/col/7","nivea","Godoy, SAP","-46.466667","-23.583333","2024-01-30 15:24:29","Cambess.","Magenta, MAG",,"172",,,,,"700","700",,,"Magnoliopsida","Malpighiales",,,,,,,,,"GBIF","São Paulo","2010-11-01","Trigonia nivea Cambess.",,"BR",,,"1994-05-24",,,,,,"ACCEPTED","SPECIES",,,,,,,,,,,,,,,"brazil","sao paulo","sao paulo","apa parque e fazenda do carmo",,"locality","brazil_sao paulo_sao paulo","brazil_sao paulo_sao paulo",-23.65041685,-46.64802516,"county","1455399555",,,,"https://specieslink.net/guid/7/99644",,,,,"PRESENT",,,,,,,,,,,,,,,,,,,,,,,,,,,,,,"Trigonia",,,,,,"1bb3cae3-b91f-4109-8a2d-a1f05f2d6fd3",,,TRUE,FALSE,"Trigonia nivea","Trigonia nivea","null",FALSE,"LATIN_AMERICA","LATIN_AMERICA","NE","https://images.cria.org.br/viewer/SPF00099644 | https://images.cria.org.br/viewer/SPF00099644_1","WGS84",,,,,,,,,,,,,,,,,,"brazil_sao paulo_sao paulo","Brazil","São Paulo","São Paulo",,"check_local.2municip.","Trigonia nivea","Cambess.","name_w_authors","Trigoniaceae","Trigonia nivea","Cambess.","species","name accepted","bfo-14963",,,"Trigonia nivea Cambess.","Trigonia","Trigoniaceae","unknown","Trigonia nivea"
"gbif","SPF","105717","Urvillea ulmacea Kunth","Plantae","Sapindaceae","Urvillea","1995","7","26","Brasil","São Paulo",,"APA Parque e Fazenda do Carmo","USP-IB","Tracheophyta","PRESERVED_SPECIMEN",,,"https://specieslink.net/col/7","ulmacea","Godoy, SAP",,,"2023-12-20 16:09:12","Kunth","Pirani, JR",,"682",,,,,,,,,"Magnoliopsida","Sapindales",,,,,,,,,"GBIF","São Paulo","2001-01-01","Urvillea ulmacea Kunth",,"BR",,,"1995-07-26",,,,,,"ACCEPTED","SPECIES",,,,,,,,,,,,,,,"brazil","sao paulo","sao paulo","apa parque e fazenda do carmo",,"locality","brazil_sao paulo_sao paulo","brazil_sao paulo_sao paulo",-23.65041685,-46.64802516,"county","1234541475",,,,"https://specieslink.net/guid/7/105717",,,,,"PRESENT",,,,,,,,,,,,,,,,,,,,,,,,,,,,,,"Urvillea",,,,,,"1bb3cae3-b91f-4109-8a2d-a1f05f2d6fd3",,,FALSE,FALSE,"Urvillea ulmacea","Urvillea ulmacea","null",FALSE,"LATIN_AMERICA","LATIN_AMERICA","NE","https://images.cria.org.br/viewer/SPF00105717","WGS84",,,,,,,,,,,,,,,,,,"brazil_sao paulo_sao paulo","Brazil","São Paulo","São Paulo",,"check_local.2municip.","Urvillea ulmacea","Kunth","name_w_authors","Sapindaceae","Urvillea ulmacea","Kunth","species","name accepted","bfo-21003",,,"Urvillea ulmacea Kunth","Urvillea","Sapindaceae","unknown","Urvillea ulmacea"
