"UC","Grupos","Família","Gênero","Espécie","Autor","Táxon_completo","Barcode","BD_Origem","Herbário","Coletor","Número_da_Coleta","Origem_FFBr","ConfiançaID","Localidade","Já.listada"
"ESTAÇÃO ECOLÓGICA DE ASSIS","Angiosperms","Acanthaceae",,,"Juss.","ACANTHACEAE Acanthaceae Juss.","UEC063635","Splink","UEC","Sartori, A.L.B.","28996",,"Latão","Estação Ecológica de Assis.","Não"
"ESTAÇÃO ECOLÓGICA DE ASSIS","Angiosperms","Acanthaceae","Ruellia","bulbifera","Lindau","ACANTHACEAE Ruellia bulbifera Lindau","SPSF00057642","Splink","SPSF","Durigan, G.","4275","Native","Prata","Estação Ecológica de Assis","Não"
"ESTAÇÃO ECOLÓGICA DE ASSIS","Angiosperms","Anacardiaceae","Lithraea","molleoides","(Vell.) Engl.","ANACARDIACEAE Lithraea molleoides (Vell.) Engl.","RB00987402","GBIF","RB","Savassi-Coutinho, A.P.","654","Native","Bronze","Estação Ecológica de Assis, Parcela Permanente do Biota, indivíduo 76 (B-0).","Sim"
"ESTAÇÃO ECOLÓGICA DE ASSIS","Angiosperms","Anacardiaceae","Tapirira","guianensis","Aubl.","ANACARDIACEAE Tapirira guianensis Aubl.","ESA00139025","REFLORA","ESA","Colletta, G.D.","2537","Native","Ouro","Estação Ecológica de Assis. Cerrado.","Sim"
"ESTAÇÃO ECOLÓGICA DE ASSIS","Ferns and Lycophytes","Anemiaceae","Anemia","phyllitidis","(L.) Sw.","ANEMIACEAE Anemia phyllitidis (L.) Sw.","US01926122","Splink","US","Pace, M.R.","630","Native","Bronze","Estação Ecológica de Assis","Sim"
"ESTAÇÃO ECOLÓGICA DE ASSIS","Angiosperms","Annonaceae","Annona","coriacea","Mart.","ANNONACEAE Annona coriacea Mart.",,"GBIF",,"Lima, R.A.F.",,"Native","Latão","Parcela permanente 10.24ha, Estacao Ecologica de Assis, Assis county, Sao Paulo State","Sim"
"ESTAÇÃO ECOLÓGICA DE ASSIS","Angiosperms","Annonaceae","Annona","crassiflora","Mart.","ANNONACEAE Annona crassiflora Mart.","RB01054430","GBIF","RB","Savassi-Coutinho, A.P.","656","Native","Ouro","Estação Ecológica de Assis; Trilha de acesso a Parcela Permanente do Biota.","Sim"
"ESTAÇÃO ECOLÓGICA DE ASSIS","Angiosperms","Annonaceae","Duguetia","furfuracea","(A.St.-Hil.) Saff.","ANNONACEAE Duguetia furfuracea (A.St.-Hil.) Saff.","ESA00139017","REFLORA","ESA","Colletta, G.D.","2529","Native","Ouro","Estação Ecológica de Assis. Cerrado.","Sim"
"ESTAÇÃO ECOLÓGICA DE ASSIS","Angiosperms","Annonaceae","Duguetia","lanceolata","A.St.-Hil.","ANNONACEAE Duguetia lanceolata A.St.-Hil.","ESA:91708","GBIF",,"Lima, R.A.F.",,"Native","Latão","Parcela permanente 10.24ha, Estacao Ecologica de Assis, Assis county, Sao Paulo State","Não"
"ESTAÇÃO ECOLÓGICA DE ASSIS","Angiosperms","Annonaceae","Xylopia","aromatica","(Lam.) Mart.","ANNONACEAE Xylopia aromatica (Lam.) Mart.","RB01057475","GBIF","RB","Savassi-Coutinho, A.P.","772","Native","Ouro","Estação Ecológica de Assis, Parcela Permanente do Biota, Cerradão, indivíduo 9512 (Parcela C-10).","Sim"
"ESTAÇÃO ECOLÓGICA DE ASSIS","Angiosperms","Annonaceae","Xylopia","brasiliensis","Spreng.","ANNONACEAE Xylopia brasiliensis Spreng.",,"GBIF",,"Lima, R.A.F.",,"Native","Latão","Parcela permanente 10.24ha, Estacao Ecologica de Assis, Assis county, Sao Paulo State","Não"
"ESTAÇÃO ECOLÓGICA DE ASSIS","Angiosperms","Apocynaceae","Aspidosperma","tomentosum","Mart. & Zucc.","APOCYNACEAE Aspidosperma tomentosum Mart. & Zucc.","ESA:91710","GBIF",,"Lima, R.A.F.",,"Native","Latão","Parcela permanente 10.24ha, Estacao Ecologica de Assis, Assis county, Sao Paulo State","Não"
"ESTAÇÃO ECOLÓGICA DE ASSIS","Angiosperms","Apocynaceae","Condylocarpon","isthmicum","(Vell.) A.DC.","APOCYNACEAE Condylocarpon isthmicum (Vell.) A.DC.",,"Splink","US","Acevedo-Rodriguez, P.","16789","Native","Bronze","Assis. Estaçao Ecologica Assis/Instituto Florestal; permanents plots.","Não"
"ESTAÇÃO ECOLÓGICA DE ASSIS","Angiosperms","Apocynaceae","Oxypetalum","appendiculatum","Mart.","APOCYNACEAE Oxypetalum appendiculatum Mart.",,"Splink","US","Acevedo-Rodriguez, P.","16798","Native","Bronze","Assis. Estaçao Ecologica Assis/Instituto Florestal; permanents plots.","Sim"
"ESTAÇÃO ECOLÓGICA DE ASSIS","Angiosperms","Apocynaceae","Prestonia",,"R.Br.","APOCYNACEAE Prestonia R.Br.","US01926116","Splink","US","Pace, M.R.","635",,"Latão","Estação Ecológica de Assis","Não"
"ESTAÇÃO ECOLÓGICA DE ASSIS","Angiosperms","Apocynaceae","Tabernaemontana","catharinensis","A.DC.","APOCYNACEAE Tabernaemontana catharinensis A.DC.","22038","GBIF","ESALQ/Piracicaba","Santilli, C.",,"Native","Latão","A Estação Ecológica de Assis (EEA) possui área de 1312,28ha, e localiza-se entre as altitudes de 520 e 590m.","Não"
"ESTAÇÃO ECOLÓGICA DE ASSIS","Angiosperms","Apocynaceae","Temnadenia","violacea","(Vell.) Miers","APOCYNACEAE Temnadenia violacea (Vell.) Miers","HRCB053211","Splink","HRCB","Udulutsch, R.G.","484","Native","Bronze","Estação Ecológica de Assis","Sim"
"ESTAÇÃO ECOLÓGICA DE ASSIS","Angiosperms","Aquifoliaceae","Ilex","brasiliensis","(Spreng.) Loes.","AQUIFOLIACEAE Ilex brasiliensis (Spreng.) Loes.","SPSF00053718","Splink","SPSF","Durigan, G.","s/n","Native","Prata","Estação Ecológica de Assis","Sim"
"ESTAÇÃO ECOLÓGICA DE ASSIS","Angiosperms","Aquifoliaceae","Ilex","integerrima","(Vell.) Reissek","AQUIFOLIACEAE Ilex integerrima (Vell.) Reissek","77849","GBIF","UEC","Durigan, G.","30599","Native","Bronze","Estação Ecológica de Assis","Sim"
"ESTAÇÃO ECOLÓGICA DE ASSIS","Angiosperms","Aquifoliaceae","Ilex","paraguariensis","A.St.-Hil.","AQUIFOLIACEAE Ilex paraguariensis A.St.-Hil.","RB00962324","GBIF","RB","Savassi-Coutinho, A.P.","773","Native","Ouro","Estação Ecológica de Assis, PArcela Permanente do Biota, Cerradão, indivíduo 19945 (Parcela L)).","Sim"
"ESTAÇÃO ECOLÓGICA DE ASSIS","Angiosperms","Araliaceae","Dendropanax","cuneatus","(DC.) Decne. & Planch.","ARALIACEAE Dendropanax cuneatus (DC.) Decne. & Planch.",,"GBIF",,"Lima, R.A.F.",,"Native","Latão","Parcela permanente 10.24ha, Estacao Ecologica de Assis, Assis county, Sao Paulo State","Sim"
"ESTAÇÃO ECOLÓGICA DE ASSIS","Angiosperms","Araliaceae","Didymopanax","vinosus","(Cham. & Schltdl.) Marchal","ARALIACEAE Didymopanax vinosus (Cham. & Schltdl.) Marchal",,"Splink","US","Acevedo-Rodriguez, P.","16806","Native","Bronze","Assis. Estaçao Ecologica Assis/Instituto Florestal; along dirt road to the permanents plots.","Sim"
"ESTAÇÃO ECOLÓGICA DE ASSIS","Angiosperms","Arecaceae","Allagoptera","leucocalyx","(Drude) Kuntze","ARECACEAE Allagoptera leucocalyx (Drude) Kuntze","UEC034071","Splink","UEC","Singer, R.B.",,"Native","Bronze","Estação Ecológica de Assis","Não"
"ESTAÇÃO ECOLÓGICA DE ASSIS","Angiosperms","Arecaceae","Geonoma","brevispatha","Barb.Rodr.","ARECACEAE Geonoma brevispatha Barb.Rodr.",,"GBIF",,"Lima, R.A.F.",,"Native","Latão","Parcela permanente 10.24ha, Estacao Ecologica de Assis, Assis county, Sao Paulo State","Não"
"ESTAÇÃO ECOLÓGICA DE ASSIS","Angiosperms","Arecaceae","Syagrus","romanzoffiana","(Cham.) Glassman","ARECACEAE Syagrus romanzoffiana (Cham.) Glassman","ESA139071","Splink","ESA","Colletta, G.D.","2583","Native","Latão","Estação Ecológica de Assis. Cerrado.","Não"
"ESTAÇÃO ECOLÓGICA DE ASSIS","Angiosperms","Asteraceae","Achyrocline",,"(Less.) DC.","ASTERACEAE Achyrocline (Less.) DC.","5079","GBIF",,"Almeida, A.M.",,,"Latão","Estação Ecológica de Assis","Não"
"ESTAÇÃO ECOLÓGICA DE ASSIS","Angiosperms","Asteraceae","Adenostemma","involucratum","R.M.King & H.Rob.","ASTERACEAE Adenostemma involucratum R.M.King & H.Rob.","UEC101154","Splink","UEC","Durigan, G.","30617","Native","Ouro","Brasil, São Paulo, Assis. Estação Ecológica de Assis.","Não"
"ESTAÇÃO ECOLÓGICA DE ASSIS","Angiosperms","Asteraceae","Ageratum","conyzoides","L.","ASTERACEAE Ageratum conyzoides L.","21446","GBIF","UNESP / Jaboticabal","Rossatto, D.R.",,"Native","Latão","Coleta de plantas herbáceas na Estação Ecológica de Assis - SP","Sim"
"ESTAÇÃO ECOLÓGICA DE ASSIS","Angiosperms","Asteraceae","Aspilia",,"Thouars","ASTERACEAE Aspilia Thouars","SPF00228717","Splink","SPF","Pace, M.R.","649",,"Latão","Around the """"Estação Ecológica de Assis","Não"
"ESTAÇÃO ECOLÓGICA DE ASSIS","Angiosperms","Asteraceae",,,"Bercht. & J.Presl","ASTERACEAE Asteraceae Bercht. & J.Presl","ESA00139016","REFLORA","ESA","Colletta, G.D.","2528",,"Ouro","Estação Ecológica de Assis. Cerrado.","Não"
"ESTAÇÃO ECOLÓGICA DE ASSIS","Angiosperms","Asteraceae","Baccharis","dracunculifolia","DC.","ASTERACEAE Baccharis dracunculifolia DC.","ESA00139033","REFLORA","ESA","Colletta, G.D.","2545","Native","Ouro","Estação Ecológica de Assis. Cerrado.","Sim"
"ESTAÇÃO ECOLÓGICA DE ASSIS","Angiosperms","Asteraceae","Chromolaena","chaseae","(B.L.Rob.) R.M.King & H.Robinson","ASTERACEAE Chromolaena chaseae (B.L.Rob.) R.M.King & H.Robinson","6044","GBIF",,"Prado, A.N.",,"Native","Latão","Estação Ecológica de Assis","Não"
"ESTAÇÃO ECOLÓGICA DE ASSIS","Angiosperms","Asteraceae","Chromolaena","maximiliani","(Schrad. ex DC.) R.M.King & H.Rob.","ASTERACEAE Chromolaena maximiliani (Schrad. ex DC.) R.M.King & H.Rob.","6054","GBIF",,"Prado, A.N.",,"Native","Latão","Estação Ecológica de Assis","Não"
"ESTAÇÃO ECOLÓGICA DE ASSIS","Angiosperms","Asteraceae","Chromolaena","odorata","(L.) R.M.King & H.Rob.","ASTERACEAE Chromolaena odorata (L.) R.M.King & H.Rob.","6039","GBIF",,"Prado, A.N.",,"Native","Latão","Estação Ecológica de Assis","Não"
"ESTAÇÃO ECOLÓGICA DE ASSIS","Angiosperms","Asteraceae","Chromolaena","oxylepis","(DC.) R.M.King & H.Rob.","ASTERACEAE Chromolaena oxylepis (DC.) R.M.King & H.Rob.","RB01225371","GBIF","RB","Durigan, G.","4332","Native","Prata","cerrado típico. Estação Ecológica de Assis","Sim"
"ESTAÇÃO ECOLÓGICA DE ASSIS","Angiosperms","Asteraceae","Chromolaena","pedunculosa","(Hook. & Arn.) R.M.King & H.Rob.","ASTERACEAE Chromolaena pedunculosa (Hook. & Arn.) R.M.King & H.Rob.","6038","GBIF",,"Prado, A.N.",,"Native","Latão","Estação Ecológica de Assis","Não"
"ESTAÇÃO ECOLÓGICA DE ASSIS","Angiosperms","Asteraceae","Chromolaena","squalida","(DC.) R.M.King & H.Rob.","ASTERACEAE Chromolaena squalida (DC.) R.M.King & H.Rob.","5081","GBIF",,"Ferreira, R.M.F.",,"Native","Latão","Estação Ecológica de Assis","Não"
"ESTAÇÃO ECOLÓGICA DE ASSIS","Angiosperms","Asteraceae","Lepidaploa",,"(Cass.) Cass.","ASTERACEAE Lepidaploa (Cass.) Cass.","6040","GBIF",,"Prado, A.N.",,,"Latão","Estação Ecológica de Assis","Não"
"ESTAÇÃO ECOLÓGICA DE ASSIS","Angiosperms","Asteraceae","Lessingianthus",,"H.Rob.","ASTERACEAE Lessingianthus H.Rob.","6050","GBIF",,"Prado, A.N.",,,"Latão","Estação Ecológica de Assis","Não"
"ESTAÇÃO ECOLÓGICA DE ASSIS","Angiosperms","Asteraceae","Mikania","microcephala","DC.","ASTERACEAE Mikania microcephala DC.","6055","GBIF",,"Prado, A.N.",,"Native","Latão","Estação Ecológica de Assis","Não"
"ESTAÇÃO ECOLÓGICA DE ASSIS","Angiosperms","Asteraceae","Moquiniastrum","barrosoae","(Cabrera) G. Sancho","ASTERACEAE Moquiniastrum barrosoae (Cabrera) G. Sancho","ESA139008","Splink","ESA","Colletta, G.D.","2520","Native","Latão","Estação Ecológica de Assis. Cerrado.","Sim"
"ESTAÇÃO ECOLÓGICA DE ASSIS","Angiosperms","Asteraceae","Moquiniastrum","polymorphum","(Less.) G. Sancho","ASTERACEAE Moquiniastrum polymorphum (Less.) G. Sancho","RB00980826","GBIF","Rio de Janeiro Botanical Garden Herbarium","Savassi-Coutinho, A.P.","775","Native","Ouro","Estação Ecológica de Assis, Estrada de acesso a Trilha do Cerrado.","Sim"
"ESTAÇÃO ECOLÓGICA DE ASSIS","Angiosperms","Asteraceae","Piptocarpha","axillaris","(Less.) Baker","ASTERACEAE Piptocarpha axillaris (Less.) Baker","RB01107044","GBIF","RB","Coutinho, A.P.S.","665","Native","Bronze","Estação Ecológica de Assis. Parcela Permanente da Biota, Cerradão, indivíduo 1810(Parcela A-8).","Sim"
"ESTAÇÃO ECOLÓGICA DE ASSIS","Angiosperms","Asteraceae","Piptocarpha","rotundifolia","(Less.) Baker","ASTERACEAE Piptocarpha rotundifolia (Less.) Baker","RB00938667","GBIF","RB","Savassi-Coutinho, A.P.","666","Native","Bronze","Estação Ecológica de Assis. Parcela Permanente do Biota.","Sim"
"ESTAÇÃO ECOLÓGICA DE ASSIS","Angiosperms","Asteraceae","Trichogonia",,"Gardner","ASTERACEAE Trichogonia Gardner","6045","GBIF",,"Prado, A.N.",,,"Latão","Estação Ecológica de Assis","Não"
"ESTAÇÃO ECOLÓGICA DE ASSIS","Angiosperms","Asteraceae","Vernonanthura",,"H.Rob.","ASTERACEAE Vernonanthura H.Rob.","6049","GBIF",,"Prado, A.N.",,,"Latão","Estação Ecológica de Assis","Não"
"ESTAÇÃO ECOLÓGICA DE ASSIS","Angiosperms","Asteraceae","Wedelia",,"Jacq.","ASTERACEAE Wedelia Jacq.","US01926125","Splink","US","Pace, M.R.","649",,"Bronze","Around the ""Estação Ecológica de Assis"".","Não"
"ESTAÇÃO ECOLÓGICA DE ASSIS","Angiosperms","Bignoniaceae","Adenocalymma","peregrinum","(Miers) L.G.Lohmann","BIGNONIACEAE Adenocalymma peregrinum (Miers) L.G.Lohmann","HRCB053206","Splink","HRCB","Udulutsch, R.G.","487","Native","Ouro","Estação Ecológica de Assis","Sim"
"ESTAÇÃO ECOLÓGICA DE ASSIS","Angiosperms","Bignoniaceae","Amphilophium","elongatum","(Vahl) L.G.Lohmann","BIGNONIACEAE Amphilophium elongatum (Vahl) L.G.Lohmann","HPAN0000005478","Splink","HPAN","Udulutsch, R.G.","2366","Native","Ouro","Estação Ecológica de Assis","Sim"
"ESTAÇÃO ECOLÓGICA DE ASSIS","Angiosperms","Bignoniaceae","Anemopaegma","chamberlaynii","(Sims) Bureau & K.Schum.","BIGNONIACEAE Anemopaegma chamberlaynii (Sims) Bureau & K.Schum.","UEC109777","Splink","UEC","Durigan, G.","30739","Native","Ouro","Estação Ecológica de Assis, Cerradão.","Sim"
"ESTAÇÃO ECOLÓGICA DE ASSIS","Angiosperms","Bignoniaceae",,,"Juss.","BIGNONIACEAE Bignoniaceae Juss.","476916","Splink","SP","Pastore, M.","258",,"Latão","Estação Ecológica de Assis, Beira da mata próximo à Rodovia que vai para Marília (Rodovia Rachid Rayes SP-333)","Não"
"ESTAÇÃO ECOLÓGICA DE ASSIS","Angiosperms","Bignoniaceae","Cuspidaria","convoluta","(Vell.) A.H.Gentry","BIGNONIACEAE Cuspidaria convoluta (Vell.) A.H.Gentry","HRCB049806","Splink","HRCB","Udulutsch, R.G.","2358","Native","Ouro","Estação Ecológica de Assis","Sim"
"ESTAÇÃO ECOLÓGICA DE ASSIS","Angiosperms","Bignoniaceae","Cuspidaria","pulchella","(Cham.) K.Schum.","BIGNONIACEAE Cuspidaria pulchella (Cham.) K.Schum.",,"Splink","US","Acevedo-Rodriguez, P.","16799","Native","Bronze","Assis. Estaçao Ecologica Assis/Instituto Florestal; permanents plots.","Sim"
"ESTAÇÃO ECOLÓGICA DE ASSIS","Angiosperms","Bignoniaceae","Fridericia","chica","(Bonpl.) L.G.Lohmann","BIGNONIACEAE Fridericia chica (Bonpl.) L.G.Lohmann",,"Splink","US","Acevedo-Rodriguez, P.","16793","Native","Bronze","Assis. Estaçao Ecologica Assis/Instituto Florestal; permanents plots.","Não"
"ESTAÇÃO ECOLÓGICA DE ASSIS","Angiosperms","Bignoniaceae","Fridericia","craterophora","(DC.) L.G.Lohmann","BIGNONIACEAE Fridericia craterophora (DC.) L.G.Lohmann",,"Splink","US","Acevedo-Rodriguez, P.","16802","Native","Bronze","Assis. Estaçao Ecologica Assis/Instituto Florestal; along dirt road to the permanents plots.","Não"
"ESTAÇÃO ECOLÓGICA DE ASSIS","Angiosperms","Bignoniaceae","Fridericia","florida","(DC.) L.G.Lohmann","BIGNONIACEAE Fridericia florida (DC.) L.G.Lohmann","US01926111","Splink","US","Pace, M.R.","641","Native","Ouro","Estação Ecológica de Assis","Sim"
"ESTAÇÃO ECOLÓGICA DE ASSIS","Angiosperms","Bignoniaceae","Fridericia","speciosa","Mart.","BIGNONIACEAE Fridericia speciosa Mart.",,"Splink","US","Acevedo-Rodriguez, P.","16812","Native","Bronze","Assis. Estaçao Ecologica Assis/Instituto Florestal; along dirt road to the permanents plots.","Sim"
"ESTAÇÃO ECOLÓGICA DE ASSIS","Angiosperms","Bignoniaceae","Handroanthus","ochraceus","(Cham.) Mattos","BIGNONIACEAE Handroanthus ochraceus (Cham.) Mattos","ESA:91718","GBIF",,"Lima, R.A.F.",,"Native","Latão","Parcela permanente 10.24ha, Estacao Ecologica de Assis, Assis county, Sao Paulo State","Não"
"ESTAÇÃO ECOLÓGICA DE ASSIS","Angiosperms","Bignoniaceae","Jacaranda","caroba","(Vell.) DC.","BIGNONIACEAE Jacaranda caroba (Vell.) DC.","HRCB053214","Splink","HRCB","Udulutsch, R.G.","2360","Native","Prata","Estação Ecológica de Assis","Sim"
"ESTAÇÃO ECOLÓGICA DE ASSIS","Angiosperms","Bignoniaceae","Jacaranda","puberula","Cham.","BIGNONIACEAE Jacaranda puberula Cham.","US01926126","Splink","US","Pace, M.R.","650","Native","Ouro","Around the ""Estação Ecológica de Assis"".","Não"
"ESTAÇÃO ECOLÓGICA DE ASSIS","Angiosperms","Bignoniaceae","Pyrostegia","venusta","(Ker Gawl.) Miers","BIGNONIACEAE Pyrostegia venusta (Ker Gawl.) Miers","21446","GBIF","UNESP / Jaboticabal","Rossatto, D.R.",,"Native","Latão","Coleta de plantas herbáceas na Estação Ecológica de Assis - SP","Sim"
"ESTAÇÃO ECOLÓGICA DE ASSIS","Angiosperms","Bignoniaceae","Stizophyllum","perforatum","(Cham.) Miers","BIGNONIACEAE Stizophyllum perforatum (Cham.) Miers",,"Splink","US","Pace, M.R.","624","Native","Bronze","Around the ""Estação Ecológica de Assis"".","Não"
"ESTAÇÃO ECOLÓGICA DE ASSIS","Angiosperms","Bignoniaceae","Stizophyllum","riparium","(Kunth) Sandwith","BIGNONIACEAE Stizophyllum riparium (Kunth) Sandwith","US01926114","Splink","US","Pace, M.R.","638","Native","Ouro","Estação Ecológica de Assis","Não"
"ESTAÇÃO ECOLÓGICA DE ASSIS","Angiosperms","Bignoniaceae","Tabebuia","aurea","(Silva Manso) Benth. & Hook.f. ex S.Moore","BIGNONIACEAE Tabebuia aurea (Silva Manso) Benth. & Hook.f. ex S.Moore","UEC035542","Splink","UEC","Firetti, F.","16","Native","Bronze","Estação Ecológica de Assis. Jardim do alojamento.","Sim"
"ESTAÇÃO ECOLÓGICA DE ASSIS","Ferns and Lycophytes","Blechnaceae","Blechnum","imperiale","(Fée & Glaz.) H.Christ","BLECHNACEAE Blechnum imperiale (Fée & Glaz.) H.Christ","UEC060248","Splink","UEC","Breier, T.B.","830",,"Bronze","Estação Ecológica de Assis, Trilha da parcela.","Não"
"ESTAÇÃO ECOLÓGICA DE ASSIS","Ferns and Lycophytes","Blechnaceae","Neoblechnum","brasiliense","(Desv.) Gasper & V.A.O. Dittrich","BLECHNACEAE Neoblechnum brasiliense (Desv.) Gasper & V.A.O. Dittrich","UEC060369","Splink","UEC","Breier, T.B.","829","Native","Bronze","Estação Ecológica de Assis, Trilha da parcela.","Não"
"ESTAÇÃO ECOLÓGICA DE ASSIS","Angiosperms","Bromeliaceae","Acanthostachys","strobilacea","(Schult. & Schult.f.) Klotzsch","BROMELIACEAE Acanthostachys strobilacea (Schult. & Schult.f.) Klotzsch","UEC098769","Splink","UEC","Breier, T.B.","820","Native","Bronze","Estação Ecológica Assis, Base do Instituto Florestal.","Não"
"ESTAÇÃO ECOLÓGICA DE ASSIS","Angiosperms","Bromeliaceae","Aechmea","bromeliifolia","(Rudge) Baker","BROMELIACEAE Aechmea bromeliifolia (Rudge) Baker","UEC098755","Splink","UEC","Breier, T.B.","819","Native","Bronze","Estação Ecológica Assis, Base do Instituto Florestal.","Não"
"ESTAÇÃO ECOLÓGICA DE ASSIS","Angiosperms","Bromeliaceae","Aechmea","distichantha","Lem.","BROMELIACEAE Aechmea distichantha Lem.","UEC018128","Splink","UEC","Breier, T.B.","809","Native","Bronze","Estação Ecológica Assis, Trilha do Cerrado","Sim"
"ESTAÇÃO ECOLÓGICA DE ASSIS","Angiosperms","Bromeliaceae","Ananas","ananassoides","(Baker) L.B.Sm.","BROMELIACEAE Ananas ananassoides (Baker) L.B.Sm.","UEC098610","Splink","UEC","Breier, T.B.","835","Native","Ouro","Estação Ecológica Assis, Trilha do Cerrado.","Não"
"ESTAÇÃO ECOLÓGICA DE ASSIS","Angiosperms","Bromeliaceae","Billbergia","distachia","(Vell.) Mez","BROMELIACEAE Billbergia distachia (Vell.) Mez","UEC043992","Splink","UEC","Breier, T.B.","838","Native","Bronze","Estação Ecológica Assis, Trilha da Parcela","Não"
"ESTAÇÃO ECOLÓGICA DE ASSIS","Angiosperms","Bromeliaceae","Billbergia","zebrina","(Herb.) Lindl.","BROMELIACEAE Billbergia zebrina (Herb.) Lindl.","UEC075993","Splink","UEC","Breier, T.B.","817","Native","Bronze","Estação Ecológica Assis, Parcelas permanentes. Na parcela E14, 14317 a 1,4m do solo","Sim"
"ESTAÇÃO ECOLÓGICA DE ASSIS","Angiosperms","Bromeliaceae","Bromelia","balansae","Mez","BROMELIACEAE Bromelia balansae Mez","ESA139039","Splink","ESA","Colletta, G.D.","2551","Native","Latão","Estação Ecológica de Assis. Cerrado.","Não"
"ESTAÇÃO ECOLÓGICA DE ASSIS","Angiosperms","Bromeliaceae","Tillandsia","pohliana","Mez","BROMELIACEAE Tillandsia pohliana Mez","UEC043618","Splink","UEC","Breier, T.B.","800","Native","Bronze","Estação Ecológica Assis, Parcela permanente A3","Sim"
"ESTAÇÃO ECOLÓGICA DE ASSIS","Angiosperms","Bromeliaceae","Tillandsia","recurvata","(L.) L.","BROMELIACEAE Tillandsia recurvata (L.) L.","UEC043602","Splink","UEC","Breier, T.B.","821","Native","Bronze","Estação Ecológica Assis, Base do Instituto Florestal","Não"
"ESTAÇÃO ECOLÓGICA DE ASSIS","Angiosperms","Burseraceae","Protium","heptaphyllum","(Aubl.) Marchand","BURSERACEAE Protium heptaphyllum (Aubl.) Marchand","ESA00139024","REFLORA","ESA","Colletta, G.D.","2536","Native","Ouro","Estação Ecológica de Assis. Cerrado.","Sim"
"ESTAÇÃO ECOLÓGICA DE ASSIS","Angiosperms","Cactaceae","Epiphyllum","phyllanthus","(L.) Haw.","CACTACEAE Epiphyllum phyllanthus (L.) Haw.","137478","GBIF","UEC","Breier, T.B.","0818","Native","Bronze","Estação Ecológica Assis, Base do Instituto Florestal.","Não"
"ESTAÇÃO ECOLÓGICA DE ASSIS","Angiosperms","Calophyllaceae","Calophyllum","brasiliense","Cambess.","CALOPHYLLACEAE Calophyllum brasiliense Cambess.","ESA:91730","GBIF",,"Lima, R.A.F.",,"Native","Latão","Parcela permanente 10.24ha, Estacao Ecologica de Assis, Assis county, Sao Paulo State","Não"
"ESTAÇÃO ECOLÓGICA DE ASSIS","Angiosperms","Calophyllaceae","Kielmeyera","coriacea","Mart. & Zucc.","CALOPHYLLACEAE Kielmeyera coriacea Mart. & Zucc.","RB01310430","GBIF","RB","Savassi-Coutinho, A.P.","680","Native","Bronze","Estação Ecológica de Assis. Parcela permanente do biota.","Não"
"ESTAÇÃO ECOLÓGICA DE ASSIS","Angiosperms","Cardiopteridaceae","Citronella","gongonha","(Mart.) R.A.Howard","CARDIOPTERIDACEAE Citronella gongonha (Mart.) R.A.Howard","UEC036842","Splink","UEC","Durigan, G.","30585","Native","Bronze","Estação Ecológica Assis","Sim"
"ESTAÇÃO ECOLÓGICA DE ASSIS","Angiosperms","Caryocaraceae","Caryocar","brasiliense","Cambess.","CARYOCARACEAE Caryocar brasiliense Cambess.","ESA00139026","REFLORA","ESA","Colletta, G.D.","2538","Native","Ouro","Estação Ecológica de Assis. Cerrado.","Não"
"ESTAÇÃO ECOLÓGICA DE ASSIS","Angiosperms","Celastraceae","Monteverdia","gonoclada","(Mart.) Biral","CELASTRACEAE Monteverdia gonoclada (Mart.) Biral","UEC027568","Splink","UEC","Durigan, G.","30602","Native","Bronze","Estação Ecológica de Assis","Sim"
"ESTAÇÃO ECOLÓGICA DE ASSIS","Angiosperms","Celastraceae","Peritassa","campestris","(Cambess.) A.C. Sm.","CELASTRACEAE Peritassa campestris (Cambess.) A.C. Sm.","UEC068988","Splink","UEC","Durigan, G.","30621","Native","Ouro","Estação Ecológica de Assis","Não"
"ESTAÇÃO ECOLÓGICA DE ASSIS","Angiosperms","Celastraceae","Plenckia","populnea","Reissek","CELASTRACEAE Plenckia populnea Reissek","ESA:91726","GBIF",,"Lima, R.A.F.",,"Native","Latão","Parcela permanente 10.24ha, Estacao Ecologica de Assis, Assis county, Sao Paulo State","Não"
"ESTAÇÃO ECOLÓGICA DE ASSIS","Angiosperms","Chrysobalanaceae","Couepia","grandiflora","(Mart. & Zucc.) Benth.","CHRYSOBALANACEAE Couepia grandiflora (Mart. & Zucc.) Benth.","ESA00139031","REFLORA","ESA","Colletta, G.D.","2543","Native","Ouro","Estação Ecológica de Assis. Cerrado.","Não"
"ESTAÇÃO ECOLÓGICA DE ASSIS","Angiosperms","Chrysobalanaceae","Leptobalanus","humilis","(Cham. & Schltdl.) Sothers & Prance","CHRYSOBALANACEAE Leptobalanus humilis (Cham. & Schltdl.) Sothers & Prance","ESA:91728","GBIF",,"Lima, R.A.F.",,"Native","Latão","Parcela permanente 10.24ha, Estacao Ecologica de Assis, Assis county, Sao Paulo State","Não"
"ESTAÇÃO ECOLÓGICA DE ASSIS","Angiosperms","Clethraceae","Clethra","scabra","Pers.","CLETHRACEAE Clethra scabra Pers.","ESA117512","REFLORA","ESA","Flores, T.B.","317","Native","Ouro","Estação Ecológica de Assis - Instituto Florestal - Projeto Parcelas Permanentes - Biota Fapesp - Estrada em direção a parcela","Sim"
"ESTAÇÃO ECOLÓGICA DE ASSIS","Angiosperms","Clethraceae","Clethra","scabra","(Meisn.) Sleumer","CLETHRACEAE Clethra scabra var. venosa (Meisn.) Sleumer","UEC072568","Splink","UEC","Durigan, G.","30595","Native","Bronze","Estação Ecológica de Assis.","Não"
"ESTAÇÃO ECOLÓGICA DE ASSIS","Angiosperms","Combretaceae","Terminalia","glabrescens","Mart.","COMBRETACEAE Terminalia glabrescens Mart.","ESA00139035","REFLORA","ESA","Colletta, G.D.","2547","Native","Ouro","Estação Ecológica de Assis. Cerrado.","Não"
"ESTAÇÃO ECOLÓGICA DE ASSIS","Angiosperms","Commelinaceae","Commelina","erecta","L.","COMMELINACEAE Commelina erecta L.","78336","GBIF","UEC","Sciamarelli, A.","29014","Native","Bronze","Estação Ecológica de Assis, Trilha ecológica do Horto de Assis","Sim"
"ESTAÇÃO ECOLÓGICA DE ASSIS","Angiosperms","Connaraceae","Connarus","suberosus","Planch.","CONNARACEAE Connarus suberosus Planch.","ESA139052","Splink","ESA","Colletta, G.D.","2564","Native","Latão","Estação Ecológica de Assis. Cerrado.","Não"
"ESTAÇÃO ECOLÓGICA DE ASSIS","Angiosperms","Convolvulaceae","Evolvulus","pterocaulon","Moric.","CONVOLVULACEAE Evolvulus pterocaulon Moric.","BOTU031050","Splink","BOTU","Pastore, M.","263","Native","Bronze","Estação Ecológica de Assis, próximo a trilha do cerrado","Sim"
"ESTAÇÃO ECOLÓGICA DE ASSIS","Ferns and Lycophytes","Cyatheaceae","Cyathea","atrovirens","(Langsd. & Fisch.) Domin","CYATHEACEAE Cyathea atrovirens (Langsd. & Fisch.) Domin","ESA139060","Splink","ESA","Colletta, G.D.","2572","Native","Latão","Estação Ecológica de Assis. Cerrado.","Não"
"ESTAÇÃO ECOLÓGICA DE ASSIS","Angiosperms","Cyperaceae",,,"Juss.","CYPERACEAE Cyperaceae Juss.","ESA138995","Splink","ESA","Colletta, G.D.","2507",,"Latão","Estação Ecológica de Assis. Cerrado.","Não"
"ESTAÇÃO ECOLÓGICA DE ASSIS","Angiosperms","Cyperaceae","Cyperus","virens","Michx.","CYPERACEAE Cyperus virens Michx.","21446","GBIF","UNESP / Jaboticabal","Rossatto, D.R.",,"Native","Latão","Coleta de plantas herbáceas na Estação Ecológica de Assis - SP","Sim"
"ESTAÇÃO ECOLÓGICA DE ASSIS","Angiosperms","Cyperaceae","Rhynchospora","albiceps","Kunth","CYPERACEAE Rhynchospora albiceps Kunth","21446","GBIF","UNESP / Jaboticabal","Rossatto, D.R.",,"Native","Latão","Coleta de plantas herbáceas na Estação Ecológica de Assis - SP","Não"
"ESTAÇÃO ECOLÓGICA DE ASSIS","Angiosperms","Cyperaceae","Scleria","latifolia","Sw.","CYPERACEAE Scleria latifolia Sw.","ESA139070","Splink","ESA","Colletta, G.D.","2582","Native","Latão","Estação Ecológica de Assis. Cerrado.","Sim"
"ESTAÇÃO ECOLÓGICA DE ASSIS","Angiosperms","Cyperaceae","Scleria","scabra","Willd.","CYPERACEAE Scleria scabra Willd.","SPSF00057635","Splink","SPSF","Durigan, G.","4267","Native","Prata","Estação Ecológica de Assis","Não"
"ESTAÇÃO ECOLÓGICA DE ASSIS","Ferns and Lycophytes","Dennstaedtiaceae","Pteridium","esculentum","(Kaulf.) Thomson","DENNSTAEDTIACEAE Pteridium esculentum subsp. arachnoideum (Kaulf.) Thomson","ESA139043","Splink","ESA","Colletta, G.D.","2555","Native","Latão","Estação Ecológica de Assis. Cerrado.","Não"
"ESTAÇÃO ECOLÓGICA DE ASSIS","Angiosperms","Dilleniaceae","Davilla","elliptica","A.St.-Hil.","DILLENIACEAE Davilla elliptica A.St.-Hil.",,"Splink","US","Acevedo-Rodriguez, P.","16800","Native","Bronze","Assis. Estaçao Ecologica Assis/Instituto Florestal; permanents plots.","Sim"
"ESTAÇÃO ECOLÓGICA DE ASSIS","Angiosperms","Dilleniaceae","Doliocarpus","dentatus","(Aubl.) Standl.","DILLENIACEAE Doliocarpus dentatus (Aubl.) Standl.","ESA00139015","REFLORA","ESA","Colletta, G.D.","2527","Native","Ouro","Estação Ecológica de Assis. Cerrado.","Não"
"ESTAÇÃO ECOLÓGICA DE ASSIS","Angiosperms","Dilleniaceae","Doliocarpus","dentatus","(Aubl.) Standl.","DILLENIACEAE Doliocarpus dentatus subsp. dentatus (Aubl.) Standl.","US 3710811","GBIF","US","Pace, M.R.","628","Native","Bronze","Estação Ecológica de Assis","Não"
"ESTAÇÃO ECOLÓGICA DE ASSIS","Angiosperms","Ebenaceae","Diospyros","lasiocalyx","(Mart.) B.Walln.","EBENACEAE Diospyros lasiocalyx (Mart.) B.Walln.","ESA00139023","REFLORA","ESA","Colletta, G.D.","2535","Native","Ouro","Estação Ecológica de Assis. Cerrado.","Sim"
"ESTAÇÃO ECOLÓGICA DE ASSIS","Angiosperms","Erythroxylaceae","Erythroxylum","cuneifolium","(Mart.) O.E.Schulz","ERYTHROXYLACEAE Erythroxylum cuneifolium (Mart.) O.E.Schulz","ESA139040","Splink","ESA","Colletta, G.D.","2552","Native","Latão","Estação Ecológica de Assis. Cerrado.","Sim"
"ESTAÇÃO ECOLÓGICA DE ASSIS","Angiosperms","Erythroxylaceae","Erythroxylum","deciduum","A.St.-Hil.","ERYTHROXYLACEAE Erythroxylum deciduum A.St.-Hil.","071396","GBIF","UEC","Durigan, G.","30610","Native","Ouro","Estação ecológica de Assis.","Sim"
"ESTAÇÃO ECOLÓGICA DE ASSIS","Angiosperms","Erythroxylaceae","Erythroxylum","suberosum","A.St.-Hil.","ERYTHROXYLACEAE Erythroxylum suberosum A.St.-Hil.",,"GBIF",,"Lima, R.A.F.",,"Native","Latão","Parcela permanente 10.24ha, Estacao Ecologica de Assis, Assis county, Sao Paulo State","Sim"
"ESTAÇÃO ECOLÓGICA DE ASSIS","Angiosperms","Euphorbiaceae","Actinostemon","klotzschii","(Didr.) Pax","EUPHORBIACEAE Actinostemon klotzschii (Didr.) Pax","UEC138846","Splink","UEC","Durigan, G.",,"Native","Bronze","Estação ecológica de Assis, mata cillar.","Sim"
"ESTAÇÃO ECOLÓGICA DE ASSIS","Angiosperms","Euphorbiaceae","Croton","campestris","A.St.-Hil.","EUPHORBIACEAE Croton campestris A.St.-Hil.","SPSF00057636","Splink","SPSF","Durigan, G.","4268","Native","Prata","Estação Ecológica de Assis","Não"
"ESTAÇÃO ECOLÓGICA DE ASSIS","Angiosperms","Euphorbiaceae","Croton","floribundus","Spreng.","EUPHORBIACEAE Croton floribundus Spreng.","ESA:91737","GBIF",,"Lima, R.A.F.",,"Native","Latão","Parcela permanente 10.24ha, Estacao Ecologica de Assis, Assis county, Sao Paulo State","Sim"
"ESTAÇÃO ECOLÓGICA DE ASSIS","Angiosperms","Euphorbiaceae","Mabea","fistulifera","Mart.","EUPHORBIACEAE Mabea fistulifera Mart.","ESA117509","Splink","ESA","Flores, T.B.","314","Native","Prata","Estação Ecológica de Assis - Instituto Florestal - Projeto Parcelas Permanentes - Biota Fapesp - Estrada em direção a parcela","Sim"
"ESTAÇÃO ECOLÓGICA DE ASSIS","Angiosperms","Euphorbiaceae","Manihot",,"Mill.","EUPHORBIACEAE Manihot Mill.","ESA139044","Splink","ESA","Colletta, G.D.","2556",,"Latão","Estação Ecológica de Assis. Cerrado.","Não"
"ESTAÇÃO ECOLÓGICA DE ASSIS","Angiosperms","Euphorbiaceae","Maprounea","guianensis","Aubl.","EUPHORBIACEAE Maprounea guianensis Aubl.","ESA139012","Splink","ESA","Colletta, G.D.","2524","Native","Latão","Estação Ecológica de Assis. Cerrado.","Não"
"ESTAÇÃO ECOLÓGICA DE ASSIS","Angiosperms","Euphorbiaceae","Microstachys","serrulata","(Mart.) F.Dietr","EUPHORBIACEAE Microstachys serrulata (Mart.) F.Dietr","SP0447110","Splink","SP","Pastore, M.","264","Native","Bronze","Estação Ecológica de Assis, Cerrado. Próximo à Trilha do Cerrado","Não"
"ESTAÇÃO ECOLÓGICA DE ASSIS","Angiosperms","Euphorbiaceae","Sapium","obovatum","Klotzsch ex Müll.Arg.","EUPHORBIACEAE Sapium obovatum Klotzsch ex Müll.Arg.","77218","GBIF","UEC","Durigan, G.","30583","Native","Latão","Estação Ecológica de Assis, mata ciliar","Sim"
"ESTAÇÃO ECOLÓGICA DE ASSIS","Angiosperms","Fabaceae","Anadenanthera","peregrina","(L.) Speg.","FABACEAE Anadenanthera peregrina (L.) Speg.","ESA117516","Splink","ESA","Flores, T.B.","324","Native","Ouro","Estação Ecológica de Assis - Instituto Florestal - Projeto Parcelas Permanentes - Biota Fapesp - Estrada em direção a parcela","Sim"
"ESTAÇÃO ECOLÓGICA DE ASSIS","Angiosperms","Fabaceae","Anadenanthera","peregrina","(Benth.) Altschul","FABACEAE Anadenanthera peregrina var. falcata (Benth.) Altschul","RB01310436","GBIF","RB","Savassi-Coutinho, A.P.","717","Native","Ouro","Estação Ecológica de Assis, estrada de acesso a trilha do Cerrado.","Não"
"ESTAÇÃO ECOLÓGICA DE ASSIS","Angiosperms","Fabaceae","Andira","humilis","Mart. ex Benth.","FABACEAE Andira humilis Mart. ex Benth.","21446","GBIF","UNESP / Jaboticabal","Rossatto, D.R.",,"Native","Latão","Coleta de plantas herbáceas na Estação Ecológica de Assis - SP","Não"
"ESTAÇÃO ECOLÓGICA DE ASSIS","Angiosperms","Fabaceae","Bauhinia","brevipes","Vogel","FABACEAE Bauhinia brevipes Vogel","ESA:91721","GBIF",,"Lima, R.A.F.",,"Native","Latão","Parcela permanente 10.24ha, Estacao Ecologica de Assis, Assis county, Sao Paulo State","Não"
"ESTAÇÃO ECOLÓGICA DE ASSIS","Angiosperms","Fabaceae","Bauhinia","holophylla","(Bong.) Steud.","FABACEAE Bauhinia holophylla (Bong.) Steud.","ESA00139034","REFLORA","ESA","Colletta, G.D.","2546","Native","Ouro","Estação Ecológica de Assis. Cerrado.","Sim"
"ESTAÇÃO ECOLÓGICA DE ASSIS","Angiosperms","Fabaceae","Bowdichia","virgilioides","Kunth","FABACEAE Bowdichia virgilioides Kunth","ESA:91742","GBIF",,"Lima, R.A.F.",,"Native","Latão","Parcela permanente 10.24ha, Estacao Ecologica de Assis, Assis county, Sao Paulo State","Não"
"ESTAÇÃO ECOLÓGICA DE ASSIS","Angiosperms","Fabaceae","Camptosema",,"Hook. & Arn.","FABACEAE Camptosema Hook. & Arn.","53212","GBIF","HRCB","Udulutsch, R.G.","2361",,"Latão","Estação Ecológica de Assis","Não"
"ESTAÇÃO ECOLÓGICA DE ASSIS","Angiosperms","Fabaceae","Cerradicola","elliptica","(Desv) L.P.Queiroz","FABACEAE Cerradicola elliptica (Desv) L.P.Queiroz","21446","GBIF","UNESP / Jaboticabal","Rossatto, D.R.",,"Native","Latão","Coleta de plantas herbáceas na Estação Ecológica de Assis - SP","Não"
"ESTAÇÃO ECOLÓGICA DE ASSIS","Angiosperms","Fabaceae","Chamaecrista","desvauxii","(Collad.) Killip","FABACEAE Chamaecrista desvauxii (Collad.) Killip","US01926127","Splink","US","Pace, M.R.","652","Native","Bronze","Around the ""Estação Ecológica de Assis"".","Sim"
"ESTAÇÃO ECOLÓGICA DE ASSIS","Angiosperms","Fabaceae","Chamaecrista","desvauxii","(Benth.) G.P.Lewis","FABACEAE Chamaecrista desvauxii var. latistipula (Benth.) G.P.Lewis","SPF00228720","Splink","SPF","Pace, M.R.","652","Native","Bronze","Around the """"Estação Ecológica de Assis","Não"
"ESTAÇÃO ECOLÓGICA DE ASSIS","Angiosperms","Fabaceae","Chamaecrista","flexuosa","(L.) Greene","FABACEAE Chamaecrista flexuosa (L.) Greene","21446","GBIF","UNESP / Jaboticabal","Rossatto, D.R.",,"Native","Latão","Coleta de plantas herbáceas na Estação Ecológica de Assis - SP","Não"
"ESTAÇÃO ECOLÓGICA DE ASSIS","Angiosperms","Fabaceae","Copaifera","langsdorffii","Desf.","FABACEAE Copaifera langsdorffii Desf.","RB00938121","GBIF","RB","Savassi-Coutinho, A.P.","671","Native","Ouro","Estação Ecológica de Assis, Estrada Principal da Estação.","Sim"
"ESTAÇÃO ECOLÓGICA DE ASSIS","Angiosperms","Fabaceae","Crotalaria",,"L.","FABACEAE Crotalaria L.","RB01371332","GBIF","RB","Pace, M.R.","651",,"Ouro","Around the ""Estação Ecológica de Assis"".","Não"
"ESTAÇÃO ECOLÓGICA DE ASSIS","Angiosperms","Fabaceae","Ctenodon","marginatus","(Benth.) D.B.O.S.Cardoso, P.L.R.Moraes & H.C.Lima","FABACEAE Ctenodon marginatus (Benth.) D.B.O.S.Cardoso, P.L.R.Moraes & H.C.Lima","UEC150616","Splink","UEC","Sciamarelli, A.","29020","Native","Bronze","Estação Ecológica de Assis.","Não"
"ESTAÇÃO ECOLÓGICA DE ASSIS","Angiosperms","Fabaceae","Dalbergia","miscolobium","Benth.","FABACEAE Dalbergia miscolobium Benth.","22037","GBIF","ESALQ/Piracicaba","Moreira, C.M.",,"Native","Latão","A Estação Ecológica de Assis (EEA) possui área de 1312,28ha, e localiza-se entre as altitudes de 520 e 590m.","Não"
"ESTAÇÃO ECOLÓGICA DE ASSIS","Angiosperms","Fabaceae","Dalbergia","oliveri","Gamble ex Prain","FABACEAE Dalbergia oliveri Gamble ex Prain",,"GBIF","US","Pace, M.R.","645",,"Latão","Assis: Around the ""Estação Ecológica de Assis"".","Não"
"ESTAÇÃO ECOLÓGICA DE ASSIS","Angiosperms","Fabaceae","Dimorphandra","mollis","Benth.","FABACEAE Dimorphandra mollis Benth.","41049","Splink","IAC","Romaniuc Neto, S.","1228","Native","Bronze","Estação Ecológica de Assis","Não"
"ESTAÇÃO ECOLÓGICA DE ASSIS","Angiosperms","Fabaceae","Enterolobium","gummiferum","(Mart.) J.F.Macbr.","FABACEAE Enterolobium gummiferum (Mart.) J.F.Macbr.","22037","GBIF","ESALQ/Piracicaba","Moreira, C.M.",,"Native","Latão","A Estação Ecológica de Assis (EEA) possui área de 1312,28ha, e localiza-se entre as altitudes de 520 e 590m.","Sim"
"ESTAÇÃO ECOLÓGICA DE ASSIS","Angiosperms","Fabaceae",,,"Lindl.","FABACEAE Fabaceae Lindl.","SPF00228719","GBIF","SPF","Pace, M.R.","651",,"Bronze","Around the """"Estação Ecológica de Assis","Não"
"ESTAÇÃO ECOLÓGICA DE ASSIS","Angiosperms","Fabaceae","Hymenaea","martiana","Hayne","FABACEAE Hymenaea martiana Hayne","ESA00139022","REFLORA","ESA","Colletta, G.D.","2534","Native","Ouro","Estação Ecológica de Assis. Cerrado.","Não"
"ESTAÇÃO ECOLÓGICA DE ASSIS","Angiosperms","Fabaceae","Leptolobium","elegans","Vogel","FABACEAE Leptolobium elegans Vogel","ESA:91741","GBIF",,"Lima, R.A.F.",,"Native","Latão","Parcela permanente 10.24ha, Estacao Ecologica de Assis, Assis county, Sao Paulo State","Sim"
"ESTAÇÃO ECOLÓGICA DE ASSIS","Angiosperms","Fabaceae","Machaerium","acutifolium","Vogel","FABACEAE Machaerium acutifolium Vogel","ESA00139032","REFLORA","ESA","Colletta, G.D.","2544","Native","Ouro","Estação Ecológica de Assis. Cerrado.","Sim"
"ESTAÇÃO ECOLÓGICA DE ASSIS","Angiosperms","Fabaceae","Machaerium","brasiliense","Vogel","FABACEAE Machaerium brasiliense Vogel","LUSC003658","Splink","LUSC","Sciamarelli, A.","29013","Native","Ouro","Estação Ecológica de Assis. Trilha Ecológica do Horto de Assis, cerrado e mata ciliar.","Sim"
"ESTAÇÃO ECOLÓGICA DE ASSIS","Angiosperms","Fabaceae","Machaerium","hirtum","(Vell.) Stellfeld","FABACEAE Machaerium hirtum (Vell.) Stellfeld","UEC183436","Splink","UEC","Durigan, G.","28625","Native","Ouro","Estação Ecológica de Assis.","Não"
"ESTAÇÃO ECOLÓGICA DE ASSIS","Angiosperms","Fabaceae","Machaerium","paraguariense","Hassl.","FABACEAE Machaerium paraguariense Hassl.","UEC159926","Splink","UEC","Sartori, A.","29002","Native","Latão","Estação Ecológica de Assis.","Sim"
"ESTAÇÃO ECOLÓGICA DE ASSIS","Angiosperms","Fabaceae","Machaerium","villosum","Vogel","FABACEAE Machaerium villosum Vogel","UEC164133","Splink","UEC","Sartori, A.L.B.","21","Native","Ouro","Estação Ecológica de Assis.","Sim"
"ESTAÇÃO ECOLÓGICA DE ASSIS","Angiosperms","Fabaceae","Mimosa","gracilis","Benth.","FABACEAE Mimosa gracilis Benth.","SPSF00057634","Splink","SPSF","Durigan, G.","4266","Native","Prata","Estação Ecológica de Assis","Não"
"ESTAÇÃO ECOLÓGICA DE ASSIS","Angiosperms","Fabaceae","Ormosia","arborea","(Vell.) Harms","FABACEAE Ormosia arborea (Vell.) Harms","ESA:91746","GBIF",,"Lima, R.A.F.",,"Native","Latão","Parcela permanente 10.24ha, Estacao Ecologica de Assis, Assis county, Sao Paulo State","Não"
"ESTAÇÃO ECOLÓGICA DE ASSIS","Angiosperms","Fabaceae","Plathymenia","reticulata","Benth.","FABACEAE Plathymenia reticulata Benth.","ESA:91770","GBIF",,"Lima, R.A.F.",,"Native","Latão","Parcela permanente 10.24ha, Estacao Ecologica de Assis, Assis county, Sao Paulo State","Não"
"ESTAÇÃO ECOLÓGICA DE ASSIS","Angiosperms","Fabaceae","Platypodium","elegans","Vogel","FABACEAE Platypodium elegans Vogel","ESA:91747","GBIF",,"Lima, R.A.F.",,"Native","Latão","Parcela permanente 10.24ha, Estacao Ecologica de Assis, Assis county, Sao Paulo State","Não"
"ESTAÇÃO ECOLÓGICA DE ASSIS","Angiosperms","Fabaceae","Senegalia","polyphylla","(DC.) Britton & Rose","FABACEAE Senegalia polyphylla (DC.) Britton & Rose","ESA:91767","GBIF",,"Lima, R.A.F.",,"Native","Latão","Parcela permanente 10.24ha, Estacao Ecologica de Assis, Assis county, Sao Paulo State","Sim"
"ESTAÇÃO ECOLÓGICA DE ASSIS","Angiosperms","Fabaceae","Senna","macranthera","(DC. ex Collad.) H.S.Irwin & Barneby","FABACEAE Senna macranthera (DC. ex Collad.) H.S.Irwin & Barneby",,"GBIF",,"Lima, R.A.F.",,"Native","Latão","Parcela permanente 10.24ha, Estacao Ecologica de Assis, Assis county, Sao Paulo State","Não"
"ESTAÇÃO ECOLÓGICA DE ASSIS","Angiosperms","Fabaceae","Senna","rugosa","(G.Don) H.S.Irwin & Barneby","FABACEAE Senna rugosa (G.Don) H.S.Irwin & Barneby","ESA138987","Splink","ESA","Colletta, G.D.","2499","Native","Latão","Estação Ecológica de Assis. Cerrado.","Sim"
"ESTAÇÃO ECOLÓGICA DE ASSIS","Angiosperms","Fabaceae","Stryphnodendron","rotundifolium","Mart.","FABACEAE Stryphnodendron rotundifolium Mart.","RB00974182","GBIF","RB","Savassi-Coutinho, A.P.","824","Native","Ouro","Estação Ecológica de Assis, Estrada de acesso a Trilha do Cerrado.","Sim"
"ESTAÇÃO ECOLÓGICA DE ASSIS","Angiosperms","Fabaceae","Stylosanthes","gracilis","Kunth","FABACEAE Stylosanthes gracilis Kunth","78327","Splink","UEC","Sciamarelli, A.","29021","Native","Bronze","Estação Ecológica de Assis, Trilha Ecológica do Horto de Assis, cerrado e mata ciliar.","Sim"
"ESTAÇÃO ECOLÓGICA DE ASSIS","Angiosperms","Fabaceae","Stylosanthes","scabra","Vogel","FABACEAE Stylosanthes scabra Vogel","SPSF00057626","Splink","SPSF","Durigan, G.","4253","Native","Prata","Estação Ecológica de Assis","Não"
"ESTAÇÃO ECOLÓGICA DE ASSIS","Angiosperms","Gesneriaceae","Sinningia","elatior","(Kunth) Chautems","GESNERIACEAE Sinningia elatior (Kunth) Chautems","UEC141438","Splink","UEC","Breier, T.B.","1161","Native","Ouro","Estação Ecológica Assis, Trilha da parcela.","Sim"
"ESTAÇÃO ECOLÓGICA DE ASSIS","Ferns and Lycophytes","Gleicheniaceae","Gleichenia",,"Sm.","GLEICHENIACEAE Gleichenia Sm.","ESA139069","Splink","ESA","Colletta, G.D.","2581",,"Latão","Estação Ecológica de Assis. Cerrado.","Não"
"ESTAÇÃO ECOLÓGICA DE ASSIS","Angiosperms","Lacistemataceae","Lacistema","hasslerianum","Chodat","LACISTEMATACEAE Lacistema hasslerianum Chodat","HUEFS00178481","REFLORA","HUEFS","Udulutsch, R.G.","2363","Native","Ouro","Estação Ecológica de Assis.","Sim"
"ESTAÇÃO ECOLÓGICA DE ASSIS","Angiosperms","Lamiaceae","Cyanocephalus","rugosus","(Benth.) Harley & J.F.B.Pastore","LAMIACEAE Cyanocephalus rugosus (Benth.) Harley & J.F.B.Pastore","SPSF00057643","Splink","SPSF","Durigan, G.","4276","Native","Prata","Estação Ecológica de Assis","Não"
"ESTAÇÃO ECOLÓGICA DE ASSIS","Angiosperms","Lamiaceae","Hyptis","campestris","Harley & J.F.B.Pastore","LAMIACEAE Hyptis campestris Harley & J.F.B.Pastore","929","Splink","CTBS","Durigam, G.",,"Native","Ouro","Estação Ecológica de Assis.","Não"
"ESTAÇÃO ECOLÓGICA DE ASSIS","Angiosperms","Lamiaceae",,,"Martinov","LAMIACEAE Lamiaceae Martinov","UEC095687","Splink","UEC","Sartori, A.L.B.","28998",,"Latão","Estação Ecológica de Assis.","Não"
"ESTAÇÃO ECOLÓGICA DE ASSIS","Angiosperms","Lamiaceae","Vitex","megapotamica","(Spreng.) Moldenke","LAMIACEAE Vitex megapotamica (Spreng.) Moldenke","71227","Splink","UEC","Durigan, G.","30681","Native","Bronze","Estação Ecológica de Assis, Mata ciliar, cerradão.","Sim"
"ESTAÇÃO ECOLÓGICA DE ASSIS","Angiosperms","Lauraceae","Endlicheria","paniculata","(Spreng.) J.F.Macbr.","LAURACEAE Endlicheria paniculata (Spreng.) J.F.Macbr.","ESA:91751","GBIF",,"Lima, R.A.F.",,"Native","Latão","Parcela permanente 10.24ha, Estacao Ecologica de Assis, Assis county, Sao Paulo State","Sim"
"ESTAÇÃO ECOLÓGICA DE ASSIS","Angiosperms","Lauraceae",,,"Juss.","LAURACEAE Lauraceae Juss.","ESA117510","Splink","ESA","Flores, T.B.","315",,"Latão","Estação Ecológica de Assis - Instituto Florestal - Projeto Parcelas Permanentes - Biota Fapesp - Estrada em direção a parcela","Não"
"ESTAÇÃO ECOLÓGICA DE ASSIS","Angiosperms","Lauraceae","Nectandra","cuspidata","Nees","LAURACEAE Nectandra cuspidata Nees","SPSF00046830","Splink","SPSF","Flores, T.B.","315","Native","Ouro","Estaçao Ecológica de Assis","Sim"
"ESTAÇÃO ECOLÓGICA DE ASSIS","Angiosperms","Lauraceae","Nectandra","megapotamica","(Spreng.) Mez","LAURACEAE Nectandra megapotamica (Spreng.) Mez","ESA138994","Splink","ESA","Colletta, G.D.","2506","Native","Latão","Estação Ecológica de Assis. Cerrado.","Sim"
"ESTAÇÃO ECOLÓGICA DE ASSIS","Angiosperms","Lauraceae","Nectandra","oppositifolia","Nees & Mart.","LAURACEAE Nectandra oppositifolia Nees & Mart.","ESA:91755","GBIF",,"Lima, R.A.F.",,"Native","Latão","Parcela permanente 10.24ha, Estacao Ecologica de Assis, Assis county, Sao Paulo State","Não"
"ESTAÇÃO ECOLÓGICA DE ASSIS","Angiosperms","Lauraceae","Ocotea","corymbosa","(Meisn.) Mez","LAURACEAE Ocotea corymbosa (Meisn.) Mez","SPSF00050257","Splink","SPSF","Coutinho, A.P.S.","702","Native","Ouro","Estaçao Ecológica de Assis","Sim"
"ESTAÇÃO ECOLÓGICA DE ASSIS","Angiosperms","Lauraceae","Ocotea","minarum","(Nees & Mart.) Mez","LAURACEAE Ocotea minarum (Nees & Mart.) Mez","UEC014559","Splink","UEC","Durigan, G.","30736","Native","Ouro","Estação Ecológica de Assis.","Sim"
"ESTAÇÃO ECOLÓGICA DE ASSIS","Angiosperms","Lauraceae","Ocotea","velloziana","(Meisn.) Mez","LAURACEAE Ocotea velloziana (Meisn.) Mez",,"GBIF",,"Lima, R.A.F.",,"Native","Latão","Parcela permanente 10.24ha, Estacao Ecologica de Assis, Assis county, Sao Paulo State","Sim"
"ESTAÇÃO ECOLÓGICA DE ASSIS","Angiosperms","Lauraceae","Persea","willdenovii","Kosterm.","LAURACEAE Persea willdenovii Kosterm.","RB01321740","GBIF","RB","Savassi-Coutinho, A.P.","705","Native","Ouro","Estação Ecológica de Assis. Parcela permanente do Biota. Cerradão, indivíduo 5562 (Parcela E-6),","Sim"
"ESTAÇÃO ECOLÓGICA DE ASSIS","Angiosperms","Lecythidaceae","Cariniana","estrellensis","(Raddi) Kuntze","LECYTHIDACEAE Cariniana estrellensis (Raddi) Kuntze","77222","GBIF","UEC","Durigan, G.","30587","Native","Latão","Estação Ecológica de Assis.","Sim"
"ESTAÇÃO ECOLÓGICA DE ASSIS","Angiosperms","Loganiaceae","Strychnos","bicolor","Progel","LOGANIACEAE Strychnos bicolor Progel",,"GBIF",,"Lima, R.A.F.",,"Native","Latão","Parcela permanente 10.24ha, Estacao Ecologica de Assis, Assis county, Sao Paulo State","Não"
"ESTAÇÃO ECOLÓGICA DE ASSIS","Angiosperms","Loganiaceae","Strychnos","brasiliensis","(Spreng.) Mart.","LOGANIACEAE Strychnos brasiliensis (Spreng.) Mart.","22036","GBIF","Escola Superior de Agricultura ''Luiz de Queiroz'' - ESALQ/USP","Savassi, A.P.G.",,"Native","Latão","A Estação Ecológica de Assis (EEA) possui área de 1312,28ha, e localiza-se entre as altitudes de 520 e 590m.","Não"
"ESTAÇÃO ECOLÓGICA DE ASSIS","Angiosperms","Loganiaceae","Strychnos","parvifolia","A.DC.","LOGANIACEAE Strychnos parvifolia A.DC.","US01926115","Splink","US","Pace, M.R.","637","Native","Bronze","Estação Ecológica de Assis","Sim"
"ESTAÇÃO ECOLÓGICA DE ASSIS","Angiosperms","Loganiaceae","Strychnos","pseudoquina","A.St.-Hil.","LOGANIACEAE Strychnos pseudoquina A.St.-Hil.","22037","GBIF","ESALQ/Piracicaba","Moreira, C.M.",,"Native","Latão","A Estação Ecológica de Assis (EEA) possui área de 1312,28ha, e localiza-se entre as altitudes de 520 e 590m.","Não"
"ESTAÇÃO ECOLÓGICA DE ASSIS","Angiosperms","Loranthaceae",,,"Juss.","LORANTHACEAE Loranthaceae Juss.",,"GBIF","US","Acevedo-Rodriguez, P.","16815",,"Latão","Assis. Estaçao Ecologica Assis/Instituto Florestal; along dirt road to the permanents plots.","Não"
"ESTAÇÃO ECOLÓGICA DE ASSIS","Ferns and Lycophytes","Lycopodiaceae","Lycopodiella",,"Holub","LYCOPODIACEAE Lycopodiella Holub","UEC052190","Splink","UEC","Breier, T.B.","831",,"Bronze","Estação Ecológica Assis, Trilha da parcela.","Não"
"ESTAÇÃO ECOLÓGICA DE ASSIS","Ferns and Lycophytes","Lycopodiaceae","Palhinhaea","cernua","(L.) Franco & Vasc.","LYCOPODIACEAE Palhinhaea cernua (L.) Franco & Vasc.","UEC052175","Splink","UEC","Breier, T.B.","832","Native","Bronze","Estação Ecológica Assis, Trilha de Assis.","Não"
"ESTAÇÃO ECOLÓGICA DE ASSIS","Angiosperms","Lythraceae","Lafoensia","pacari","A.St.-Hil.","LYTHRACEAE Lafoensia pacari A.St.-Hil.","22037","GBIF","ESALQ/Piracicaba","Moreira, C.M.",,"Native","Latão","A Estação Ecológica de Assis (EEA) possui área de 1312,28ha, e localiza-se entre as altitudes de 520 e 590m.","Não"
"ESTAÇÃO ECOLÓGICA DE ASSIS","Angiosperms","Malpighiaceae","Alicia","anisopetala","(A.Juss.) W.R.Anderson","MALPIGHIACEAE Alicia anisopetala (A.Juss.) W.R.Anderson","SPSF00057632","Splink","SPSF","Durigan, G.","4263","Native","Prata","Estação Ecológica de Assis","Não"
"ESTAÇÃO ECOLÓGICA DE ASSIS","Angiosperms","Malpighiaceae","Banisteriopsis","adenopoda","(A.Juss.) B.Gates","MALPIGHIACEAE Banisteriopsis adenopoda (A.Juss.) B.Gates",,"Splink","US","Acevedo-Rodriguez, P.","16808","Native","Ouro","Assis. Estaçao Ecologica Assis/Instituto Florestal; along dirt road to the permanents plots.","Sim"
"ESTAÇÃO ECOLÓGICA DE ASSIS","Angiosperms","Malpighiaceae","Banisteriopsis","stellaris","(Griseb.) B.Gates","MALPIGHIACEAE Banisteriopsis stellaris (Griseb.) B.Gates",,"Splink","US","Acevedo-Rodriguez, P.","16787","Native","Ouro","Assis. Estaçao Ecologica Assis/Instituto Florestal; permanents plots.","Sim"
"ESTAÇÃO ECOLÓGICA DE ASSIS","Angiosperms","Malpighiaceae","Byrsonima","basiloba","A.Juss.","MALPIGHIACEAE Byrsonima basiloba A.Juss.","ESA:91760","GBIF",,"Lima, R.A.F.",,"Native","Latão","Parcela permanente 10.24ha, Estacao Ecologica de Assis, Assis county, Sao Paulo State","Não"
"ESTAÇÃO ECOLÓGICA DE ASSIS","Angiosperms","Malpighiaceae","Byrsonima","coccolobifolia","Kunth","MALPIGHIACEAE Byrsonima coccolobifolia Kunth","RB00982449","GBIF","RB","Savassi-Coutinho, A.P.","710","Native","Bronze","ESTAÇÃO ECOLÓGICA DE ASSIS, TRILHA PERIMETRAL DE CIMA DA PARCELA PERMANENTE DE BIOTA, CERRADÃO.","Sim"
"ESTAÇÃO ECOLÓGICA DE ASSIS","Angiosperms","Malpighiaceae","Byrsonima","crassifolia","(L.) Kunth","MALPIGHIACEAE Byrsonima crassifolia (L.) Kunth","22037","GBIF","ESALQ/Piracicaba","Moreira, C.M.",,"Native","Latão","A Estação Ecológica de Assis (EEA) possui área de 1312,28ha, e localiza-se entre as altitudes de 520 e 590m.","Sim"
"ESTAÇÃO ECOLÓGICA DE ASSIS","Angiosperms","Malpighiaceae","Byrsonima","intermedia","A.Juss.","MALPIGHIACEAE Byrsonima intermedia A.Juss.","476914","Splink","SP","Pastore, M.","257","Native","Ouro","Estação Ecológica de Assis, Beira da mata próximo à Rodovia que vai para Marília (Rodovia Rachid Rayes SP-333)","Sim"
"ESTAÇÃO ECOLÓGICA DE ASSIS","Angiosperms","Malpighiaceae","Byrsonima","laxiflora","Griseb.","MALPIGHIACEAE Byrsonima laxiflora Griseb.","ESA117511","Splink","ESA","Flores, T.B.","316","Native","Latão","Estação Ecológica de Assis - Instituto Florestal - Projeto Parcelas Permanentes - Biota Fapesp - Estrada em direção a parcela","Sim"
"ESTAÇÃO ECOLÓGICA DE ASSIS","Angiosperms","Malpighiaceae","Byrsonima","verbascifolia","(L.) DC.","MALPIGHIACEAE Byrsonima verbascifolia (L.) DC.","SP016182","Splink","SP","Durigan, G.",,"Native","Ouro","Estação Ecológica de Assis","Não"
"ESTAÇÃO ECOLÓGICA DE ASSIS","Angiosperms","Malpighiaceae","Christianella","multiglandulosa","(Nied.) W.R.Anderson","MALPIGHIACEAE Christianella multiglandulosa (Nied.) W.R.Anderson",,"Splink","US","Acevedo-Rodriguez, P.","16803","Native","Ouro","Assis. Estaçao Ecologica Assis/Instituto Florestal; along dirt road to the permanents plots.","Sim"
"ESTAÇÃO ECOLÓGICA DE ASSIS","Angiosperms","Malpighiaceae","Diplopterys",,"A.Juss.","MALPIGHIACEAE Diplopterys A.Juss.","US01926113","Splink","US","Pace, M.R.","639",,"Latão","Estação Ecológica de Assis","Não"
"ESTAÇÃO ECOLÓGICA DE ASSIS","Angiosperms","Malpighiaceae","Heteropterys",,"Kunth","MALPIGHIACEAE Heteropterys Kunth",,"Splink","US","Acevedo-Rodriguez, P.","16801",,"Latão","Assis. Estaçao Ecologica Assis/Instituto Florestal; along dirt road to the permanents plots.","Não"
"ESTAÇÃO ECOLÓGICA DE ASSIS","Angiosperms","Malpighiaceae",,,,"MALPIGHIACEAE Laxiflora","ESA117504","REFLORA","ESA","Flores, T.B.","308",,"Ouro","Estação Ecológica de Assis - Instituto Florestal - Projeto Parcelas Permanentes - Biota Fapesp - Estrada em direção a parcela","Não"
"ESTAÇÃO ECOLÓGICA DE ASSIS","Angiosperms","Malpighiaceae",,,"Juss.","MALPIGHIACEAE Malpighiaceae Juss.",,"GBIF","US","Acevedo-Rodriguez, P.","16805",,"Latão","Assis. Estaçao Ecologica Assis/Instituto Florestal; along dirt road to the permanents plots.","Não"
"ESTAÇÃO ECOLÓGICA DE ASSIS","Angiosperms","Malpighiaceae","Mascagnia","cordifolia","(A.Juss.) Griseb.","MALPIGHIACEAE Mascagnia cordifolia (A.Juss.) Griseb.","21446","GBIF","UNESP / Jaboticabal","Rossatto, D.R.",,"Native","Latão","Coleta de plantas herbáceas na Estação Ecológica de Assis - SP","Sim"
"ESTAÇÃO ECOLÓGICA DE ASSIS","Angiosperms","Malpighiaceae","Peixotoa",,"A.Juss.","MALPIGHIACEAE Peixotoa A.Juss.","71031","GBIF","UEC","Durigan, G.","30732",,"Ouro","Estação Ecológica de Assis.","Não"
"ESTAÇÃO ECOLÓGICA DE ASSIS","Angiosperms","Malvaceae","Eriotheca","gracilipes","(K.Schum.) A.Robyns","MALVACEAE Eriotheca gracilipes (K.Schum.) A.Robyns","ESA00139029","REFLORA","ESA","Colletta, G.D.","2541","Native","Ouro","Estação Ecológica de Assis. Cerrado.","Sim"
"ESTAÇÃO ECOLÓGICA DE ASSIS","Angiosperms","Malvaceae","Eriotheca","pentaphylla","(Vell.) A.Robyns","MALVACEAE Eriotheca pentaphylla (Vell.) A.Robyns","RB00940385","GBIF","Rio de Janeiro Botanical Garden Herbarium","Savassi-Coutinho, A.P.","668","Native","Ouro","Estação Ecológica de Assis, Parcela Permanente do Biota.","Não"
"ESTAÇÃO ECOLÓGICA DE ASSIS","Angiosperms","Malvaceae","Luehea","divaricata","Mart.","MALVACEAE Luehea divaricata Mart.","77221","Splink","UEC","Durigan, G.","30586","Native","Ouro","Estação Ecológica de Assis","Não"
"ESTAÇÃO ECOLÓGICA DE ASSIS","Angiosperms","Malvaceae","Luehea","grandiflora","Mart.","MALVACEAE Luehea grandiflora Mart.",,"GBIF",,"Lima, R.A.F.",,"Native","Latão","Parcela permanente 10.24ha, Estacao Ecologica de Assis, Assis county, Sao Paulo State","Não"
"ESTAÇÃO ECOLÓGICA DE ASSIS","Angiosperms","Malvaceae","Pseudobombax",,"Dugand","MALVACEAE Pseudobombax Dugand","ESA139050","Splink","ESA","Colletta, G.D.","2562",,"Latão","Estação Ecológica de Assis. Cerrado.","Não"
"ESTAÇÃO ECOLÓGICA DE ASSIS","Angiosperms","Malvaceae","Sida","linifolia","Cav.","MALVACEAE Sida linifolia Cav.","476911","Splink","SP","Pastore, M.","259","Native","Bronze","Estação Ecológica de Assis","Não"
"ESTAÇÃO ECOLÓGICA DE ASSIS","Angiosperms","Melastomataceae","Chaetogastra","hieracioides","Schrank et Mart. ex. DC.","MELASTOMATACEAE Chaetogastra hieracioides Schrank et Mart. ex. DC.","22037","GBIF","ESALQ/Piracicaba","Moreira, C.M.",,"Native","Latão","A Estação Ecológica de Assis (EEA) possui área de 1312,28ha, e localiza-se entre as altitudes de 520 e 590m.","Não"
"ESTAÇÃO ECOLÓGICA DE ASSIS","Angiosperms","Melastomataceae","Leandra","aurea","(Cham.) Cogn.","MELASTOMATACEAE Leandra aurea (Cham.) Cogn.","21446","GBIF","UNESP / Jaboticabal","Rossatto, D.R.",,"Native","Latão","Coleta de plantas herbáceas na Estação Ecológica de Assis - SP","Sim"
"ESTAÇÃO ECOLÓGICA DE ASSIS","Angiosperms","Melastomataceae","Leandra","melastomoides","Raddi","MELASTOMATACEAE Leandra melastomoides Raddi","UEC044849","Splink","UEC","Durigan, G.","30725","Native","Ouro","Estação Ecológica de Assis.","Sim"
"ESTAÇÃO ECOLÓGICA DE ASSIS","Angiosperms","Melastomataceae",,,"A.Juss.","MELASTOMATACEAE Melastomataceae A.Juss.","SORO005602","Splink","SORO","Oliveira, A.C.P.","30",,"Bronze","Estrada para chegar na Trilha do Cerrado - Primeira estrada para chegar PP/BIOTA. Estação Ecológica de Assis.","Não"
"ESTAÇÃO ECOLÓGICA DE ASSIS","Angiosperms","Melastomataceae","Miconia","albicans","(Sw.) Steud.","MELASTOMATACEAE Miconia albicans (Sw.) Steud.","ESA138996","Splink","ESA","Colletta, G.D.","2508","Native","Latão","Estação Ecológica de Assis. Cerrado.","Não"
"ESTAÇÃO ECOLÓGICA DE ASSIS","Angiosperms","Melastomataceae","Miconia","cinerascens","Miq.","MELASTOMATACEAE Miconia cinerascens var. cinerascens Miq.","UEC083707","Splink","UEC","Durigan, G.","31709","Native","Ouro","Estação Ecológica de Assis","Não"
"ESTAÇÃO ECOLÓGICA DE ASSIS","Angiosperms","Melastomataceae","Miconia","elegans","Cogn.","MELASTOMATACEAE Miconia elegans Cogn.",,"Splink","UEC",,,"Native","Prata","Estação Ecológica de Assis","Não"
"ESTAÇÃO ECOLÓGICA DE ASSIS","Angiosperms","Melastomataceae","Miconia","fallax","DC.","MELASTOMATACEAE Miconia fallax DC.","21446","GBIF","UNESP / Jaboticabal","Rossatto, D.R.",,"Native","Latão","Coleta de plantas herbáceas na Estação Ecológica de Assis - SP","Sim"
"ESTAÇÃO ECOLÓGICA DE ASSIS","Angiosperms","Melastomataceae","Miconia","ligustroides","(DC.) Naudin","MELASTOMATACEAE Miconia ligustroides (DC.) Naudin","RB01345589","GBIF","RB","Pace, M.R.","653","Native","Ouro","Around the ""Estação Ecológica de Assis""","Não"
"ESTAÇÃO ECOLÓGICA DE ASSIS","Angiosperms","Melastomataceae","Miconia","paucidens","DC.","MELASTOMATACEAE Miconia paucidens DC.","UEC161568","Splink","UEC","Sciamarelli, A.","29023","Native","Ouro","Estação Ecológica de Assis - Trilha Ecol","Sim"
"ESTAÇÃO ECOLÓGICA DE ASSIS","Angiosperms","Melastomataceae","Miconia","sellowiana","Naudin","MELASTOMATACEAE Miconia sellowiana Naudin","49712","GBIF","UPCB","Coutinho, A.P.S.","653","Native","Ouro","Estação Ecológica de Assis.","Não"
"ESTAÇÃO ECOLÓGICA DE ASSIS","Angiosperms","Melastomataceae","Pleroma","stenocarpum","(Schrank et Mart. ex DC.) Triana","MELASTOMATACEAE Pleroma stenocarpum (Schrank et Mart. ex DC.) Triana","ESA00139018","REFLORA","ESA","Colletta, G.D.","2530","Native","Ouro","Estação Ecológica de Assis. Cerrado.","Sim"
"ESTAÇÃO ECOLÓGICA DE ASSIS","Angiosperms","Meliaceae","Cabralea","canjerana","(Vell.) Mart.","MELIACEAE Cabralea canjerana (Vell.) Mart.","82021","Splink","UEC","Durigan, G.","31713","Native","Latão","Estação Ecológica de Assis","Sim"
"ESTAÇÃO ECOLÓGICA DE ASSIS","Angiosperms","Meliaceae","Guarea","macrophylla","(A.Juss.) T.D.Penn.","MELIACEAE Guarea macrophylla subsp. spiciflora (A.Juss.) T.D.Penn.","77848","GBIF","UEC","Durigan, G.","30598","Native","Latão","Estacao Ecologica de Assis","Sim"
"ESTAÇÃO ECOLÓGICA DE ASSIS","Angiosperms","Meliaceae","Guarea","macrophylla","(Vell.) T.D.Penn.","MELIACEAE Guarea macrophylla subsp. tuberculata (Vell.) T.D.Penn.","SPSF00053719","Splink","SPSF","Durigan, G.","s/n","Native","Prata","Estação Ecológica de Assis","Não"
"ESTAÇÃO ECOLÓGICA DE ASSIS","Angiosperms","Meliaceae","Trichilia","catigua","A.Juss.","MELIACEAE Trichilia catigua A.Juss.","UEC047161","Splink","UEC","Durigan, G.","30584","Native","Ouro","Estação Ecológica de Assis.","Sim"
"ESTAÇÃO ECOLÓGICA DE ASSIS","Angiosperms","Meliaceae","Trichilia","pallida","Sw.","MELIACEAE Trichilia pallida Sw.","SPF00228680","Splink","SPF","Pace, M.R.","626","Native","Prata","Estação Ecológica de Assis","Sim"
"ESTAÇÃO ECOLÓGICA DE ASSIS","Angiosperms","Menispermaceae","Cissampelos","ovalifolia","DC.","MENISPERMACEAE Cissampelos ovalifolia DC.","21446","GBIF","UNESP / Jaboticabal","Rossatto, D.R.",,"Native","Latão","Coleta de plantas herbáceas na Estação Ecológica de Assis - SP","Sim"
"ESTAÇÃO ECOLÓGICA DE ASSIS","Angiosperms","Menispermaceae",,,"A.Juss.","MENISPERMACEAE Menispermaceae A.Juss.","RB01370154","GBIF","RB","Pace, M.R.","636",,"Latão","Estação Ecológica de Assis","Não"
"ESTAÇÃO ECOLÓGICA DE ASSIS","Angiosperms","Menispermaceae","Odontocarya","acuparata","Miers","MENISPERMACEAE Odontocarya acuparata Miers","US01864669","Splink","US","Pace, M.R.","636","Native","Bronze","Estação Ecológica de Assis","Não"
"ESTAÇÃO ECOLÓGICA DE ASSIS","Angiosperms","Monimiaceae","Mollinedia","schottiana","(Spreng.) Perkins","MONIMIACEAE Mollinedia schottiana (Spreng.) Perkins","22036","GBIF","Escola Superior de Agricultura ''Luiz de Queiroz'' - ESALQ/USP","Savassi, A.P.G.",,"Native","Latão","A Estação Ecológica de Assis (EEA) possui área de 1312,28ha, e localiza-se entre as altitudes de 520 e 590m.","Não"
"ESTAÇÃO ECOLÓGICA DE ASSIS","Angiosperms","Monimiaceae","Mollinedia","widgrenii","A.DC.","MONIMIACEAE Mollinedia widgrenii A.DC.","ESA:91772","GBIF",,"Lima, R.A.F.",,"Native","Latão","Parcela permanente 10.24ha, Estacao Ecologica de Assis, Assis county, Sao Paulo State","Não"
"ESTAÇÃO ECOLÓGICA DE ASSIS","Angiosperms","Monimiaceae",,,"Juss.","MONIMIACEAE Monimiaceae Juss.","RB00985916","GBIF","Rio de Janeiro Botanical Garden Herbarium","Savassi-Coutinho, A.P.","826",,"Bronze","Estação Ecológica de Assis, Parcela Permanente do Biota, indivíduo 5731 (Parcela Z13).","Não"
"ESTAÇÃO ECOLÓGICA DE ASSIS","Angiosperms","Moraceae","Brosimum","guianense","(Aubl.) Huber","MORACEAE Brosimum guianense (Aubl.) Huber","22037","GBIF","ESALQ/Piracicaba","Moreira, C.M.",,"Native","Latão","A Estação Ecológica de Assis (EEA) possui área de 1312,28ha, e localiza-se entre as altitudes de 520 e 590m.","Não"
"ESTAÇÃO ECOLÓGICA DE ASSIS","Angiosperms","Moraceae","Ficus","eximia","Schott","MORACEAE Ficus eximia Schott",,"GBIF",,"Lima, R.A.F.",,"Native","Latão","Parcela permanente 10.24ha, Estacao Ecologica de Assis, Assis county, Sao Paulo State","Não"
"ESTAÇÃO ECOLÓGICA DE ASSIS","Angiosperms","Moraceae","Ficus","guaranitica","Chodat","MORACEAE Ficus guaranitica Chodat","ESA139056","Splink","ESA","Colletta, G.D.","2568","Native","Latão","Estação Ecológica de Assis. Cerrado.","Não"
"ESTAÇÃO ECOLÓGICA DE ASSIS","Angiosperms","Moraceae","Ficus","maxima","Mill.","MORACEAE Ficus maxima Mill.","71413","GBIF","UEC","Durigan, G.","30607","Native","Ouro","Estação Ecológica de Assis, mata ciliar","Sim"
"ESTAÇÃO ECOLÓGICA DE ASSIS","Angiosperms","Moraceae","Pseudolmedia","laevigata","Trécul","MORACEAE Pseudolmedia laevigata Trécul","77215","Splink","UEC","Durigan, G.","30578","Native","Latão","Estação Ecológica de Assis, mata ciliar","Sim"
"ESTAÇÃO ECOLÓGICA DE ASSIS","Angiosperms","Moraceae","Sorocea","bonplandii","(Baill.) W.C.Burger et al.","MORACEAE Sorocea bonplandii (Baill.) W.C.Burger et al.","22037","GBIF","ESALQ/Piracicaba","Moreira, C.M.",,"Native","Latão","A Estação Ecológica de Assis (EEA) possui área de 1312,28ha, e localiza-se entre as altitudes de 520 e 590m.","Não"
"ESTAÇÃO ECOLÓGICA DE ASSIS","Angiosperms","Myrtaceae","Blepharocalyx","salicifolius","(Kunth) O.Berg","MYRTACEAE Blepharocalyx salicifolius (Kunth) O.Berg","71445","Splink","UEC","Durigan, G.","30673","Native","Latão","Estação Ecológica de Assis","Sim"
"ESTAÇÃO ECOLÓGICA DE ASSIS","Angiosperms","Myrtaceae","Campomanesia","adamantium","(Cambess.) O.Berg","MYRTACEAE Campomanesia adamantium (Cambess.) O.Berg","71446","Splink","UEC","Durigan, G.","30679","Native","Latão","Estação Ecológica de Assis, Mata ciliar","Sim"
"ESTAÇÃO ECOLÓGICA DE ASSIS","Angiosperms","Myrtaceae","Eugenia","anomala","D.Legrand","MYRTACEAE Eugenia anomala D.Legrand","21446","GBIF","UNESP / Jaboticabal","Rossatto, D.R.",,"Native","Latão","Coleta de plantas herbáceas na Estação Ecológica de Assis - SP","Não"
"ESTAÇÃO ECOLÓGICA DE ASSIS","Angiosperms","Myrtaceae","Eugenia","aurata","O.Berg","MYRTACEAE Eugenia aurata O.Berg","ESA117515","Splink","ESA","Flores, T.B.","323","Native","Ouro","Estação Ecológica de Assis - Instituto Florestal - Projeto Parcelas Permanentes - Biota Fapesp - Estrada em direção a parcela","Sim"
"ESTAÇÃO ECOLÓGICA DE ASSIS","Angiosperms","Myrtaceae","Eugenia","florida","DC.","MYRTACEAE Eugenia florida DC.",,"GBIF",,"Lima, R.A.F.",,"Native","Latão","Parcela permanente 10.24ha, Estacao Ecologica de Assis, Assis county, Sao Paulo State","Sim"
"ESTAÇÃO ECOLÓGICA DE ASSIS","Angiosperms","Myrtaceae","Eugenia","longipedunculata","Nied.","MYRTACEAE Eugenia longipedunculata Nied.","71058","Splink","UEC","Durigan, G.","30728","Native","Latão","Estação Ecológica de Assis, mata ciliar","Sim"
"ESTAÇÃO ECOLÓGICA DE ASSIS","Angiosperms","Myrtaceae","Eugenia","modesta","DC.","MYRTACEAE Eugenia modesta DC.","71442","Splink","UEC","Durigan, G.","30677","Native","Ouro","Estação Ecológica de Assis, mata ciliar, Cerradão","Sim"
"ESTAÇÃO ECOLÓGICA DE ASSIS","Angiosperms","Myrtaceae","Eugenia","myrcianthes","Nied.","MYRTACEAE Eugenia myrcianthes Nied.",,"GBIF",,"Lima, R.A.F.",,"Native","Latão","Parcela permanente 10.24ha, Estacao Ecologica de Assis, Assis county, Sao Paulo State","Não"
"ESTAÇÃO ECOLÓGICA DE ASSIS","Angiosperms","Myrtaceae","Eugenia","pluriflora","DC.","MYRTACEAE Eugenia pluriflora DC.","71431","Splink","UEC","Durigan, G.","30666","Native","Ouro","Estação Ecológica de Assis, mata ciliar","Sim"
"ESTAÇÃO ECOLÓGICA DE ASSIS","Angiosperms","Myrtaceae","Eugenia","repanda","O.Berg","MYRTACEAE Eugenia repanda O.Berg","RB00974776","GBIF","RB","Savassi-Coutinho, A.P.","732","Native","Ouro","Estação Ecologica de Assis; Parcela permanente da biota.","Sim"
"ESTAÇÃO ECOLÓGICA DE ASSIS","Angiosperms","Myrtaceae","Myrcia","bella","Cambess.","MYRTACEAE Myrcia bella Cambess.",,"GBIF",,"Lima, R.A.F.",,"Native","Latão","Parcela permanente 10.24ha, Estacao Ecologica de Assis, Assis county, Sao Paulo State","Sim"
"ESTAÇÃO ECOLÓGICA DE ASSIS","Angiosperms","Myrtaceae","Myrcia","fenzliana","O.Berg","MYRTACEAE Myrcia fenzliana O.Berg","SPSF00058053","Splink","SPSF","Durigan, G.","3641","Native","Prata","Estação Ecológica de Assis","Sim"
"ESTAÇÃO ECOLÓGICA DE ASSIS","Angiosperms","Myrtaceae","Myrcia","glomerata","(Cambess.) G.P.Burton & E.Lucas","MYRTACEAE Myrcia glomerata (Cambess.) G.P.Burton & E.Lucas",,"GBIF",,"Lima, R.A.F.",,"Native","Latão","Parcela permanente 10.24ha, Estacao Ecologica de Assis, Assis county, Sao Paulo State","Não"
"ESTAÇÃO ECOLÓGICA DE ASSIS","Angiosperms","Myrtaceae","Myrcia","guianensis","(Aubl.) DC.","MYRTACEAE Myrcia guianensis (Aubl.) DC.","UB1009383","Splink","UB","Flores, T.B.","318","Native","Ouro","Estação Ecológica de Assis - Instituto Florestal - Projeto Parcelas Permanentes - Biota Fapesp - Estrada em direção a parcela.","Sim"
"ESTAÇÃO ECOLÓGICA DE ASSIS","Angiosperms","Myrtaceae","Myrcia","hartwegiana","(O.Berg) Kiaersk.","MYRTACEAE Myrcia hartwegiana (O.Berg) Kiaersk.","UEC105640","Splink","UEC","Durigan, G.","30613","Native","Bronze","Estação Ecológica de Assis, Mata ciliar.","Não"
"ESTAÇÃO ECOLÓGICA DE ASSIS","Angiosperms","Myrtaceae","Myrcia","hebepetala","DC.","MYRTACEAE Myrcia hebepetala DC.",,"GBIF",,"Lima, R.A.F.",,"Native","Latão","Parcela permanente 10.24ha, Estacao Ecologica de Assis, Assis county, Sao Paulo State","Não"
"ESTAÇÃO ECOLÓGICA DE ASSIS","Angiosperms","Myrtaceae","Myrcia","multiflora","(Lam.) DC.","MYRTACEAE Myrcia multiflora (Lam.) DC.","UEC107136","Splink","UEC","Sciamarelli, A.","29017","Native","Ouro","Estação Ecológica de Assis. Trilha Ecológica de Assis.","Sim"
"ESTAÇÃO ECOLÓGICA DE ASSIS","Angiosperms","Myrtaceae","Myrcia","neoclusiifolia","A.R.Lourenço & E.Lucas","MYRTACEAE Myrcia neoclusiifolia A.R.Lourenço & E.Lucas","22037","GBIF","ESALQ/Piracicaba","Moreira, C.M.",,"Native","Latão","A Estação Ecológica de Assis (EEA) possui área de 1312,28ha, e localiza-se entre as altitudes de 520 e 590m.","Não"
"ESTAÇÃO ECOLÓGICA DE ASSIS","Angiosperms","Myrtaceae","Myrcia","neolucida","A.R.Lourenço & E.Lucas","MYRTACEAE Myrcia neolucida A.R.Lourenço & E.Lucas","71437","Splink","UEC","Durigan, G.","30672","Native","Latão","Estação Ecológica de Assis, Mata Ciliar","Não"
"ESTAÇÃO ECOLÓGICA DE ASSIS","Angiosperms","Myrtaceae","Myrcia","nivea","Cambess.","MYRTACEAE Myrcia nivea Cambess.","ESA117520","Splink","ESA","Flores, T.B.","328","Native","Ouro","Estação Ecológica de Assis - Instituto Florestal - Projeto Parcelas Permanentes - Biota Fapesp - Estrada em direção a parcela","Não"
"ESTAÇÃO ECOLÓGICA DE ASSIS","Angiosperms","Myrtaceae","Myrcia","splendens","(Sw.) DC.","MYRTACEAE Myrcia splendens (Sw.) DC.","RB00934522","GBIF","RB","Savassi-Coutinho, A.P.","835","Native","Ouro","Estação Ecológica de Assis, Parcela Permanente do Biota.","Sim"
"ESTAÇÃO ECOLÓGICA DE ASSIS","Angiosperms","Myrtaceae","Myrcia","tomentosa","(Aubl.) DC.","MYRTACEAE Myrcia tomentosa (Aubl.) DC.","117520","GBIF","ESA","Flores, T.B.","328","Native","Ouro","Estação Ecológica de Assis - Instituto Florestal - Projeto Parcelas Permanentes - Biota Fapesp - Estrada em direção a parcela","Sim"
"ESTAÇÃO ECOLÓGICA DE ASSIS","Angiosperms","Myrtaceae","Myrcia","venulosa","DC.","MYRTACEAE Myrcia venulosa DC.","SORO004748","Splink","SORO","Svassi-Coutinho, A.P.","848","Native","Latão","Estação Ecológica de Assis, Estrada de acesso a trilha do cerrado, borda de Cerradão. 520m","Sim"
"ESTAÇÃO ECOLÓGICA DE ASSIS","Angiosperms","Myrtaceae","Myrcia","vestita","DC.","MYRTACEAE Myrcia vestita DC.",,"GBIF",,"Lima, R.A.F.",,"Native","Latão","Parcela permanente 10.24ha, Estacao Ecologica de Assis, Assis county, Sao Paulo State","Não"
"ESTAÇÃO ECOLÓGICA DE ASSIS","Angiosperms","Myrtaceae","Myrciaria","delicatula","(DC.) O.Berg","MYRTACEAE Myrciaria delicatula (DC.) O.Berg","UEC112468","Splink","UEC","Durigan, G.","30670","Native","Latão","Estação Ecológica de Assis.","Não"
"ESTAÇÃO ECOLÓGICA DE ASSIS","Angiosperms","Myrtaceae","Myrciaria","floribunda","(H.West ex Willd.) O.Berg","MYRTACEAE Myrciaria floribunda (H.West ex Willd.) O.Berg","ESA:91793","GBIF",,"Lima, R.A.F.",,"Native","Latão","Parcela permanente 10.24ha, Estacao Ecologica de Assis, Assis county, Sao Paulo State","Sim"
"ESTAÇÃO ECOLÓGICA DE ASSIS","Angiosperms","Myrtaceae",,,"Juss.","MYRTACEAE Myrtaceae Juss.","ESA117513","Splink","ESA","Flores, T.B.","318",,"Ouro","Estação Ecológica de Assis - Instituto Florestal - Projeto Parcelas Permanentes - Biota Fapesp - Estrada em direção a parcela","Não"
"ESTAÇÃO ECOLÓGICA DE ASSIS","Angiosperms","Myrtaceae","Psidium","australe","Cambess.","MYRTACEAE Psidium australe Cambess.","71443","GBIF","UEC","Durigan, G.","30678","Native","Ouro","Estação Ecológica de Assis.","Sim"
"ESTAÇÃO ECOLÓGICA DE ASSIS","Angiosperms","Myrtaceae","Psidium","bergianum","(Nied.) Burret","MYRTACEAE Psidium bergianum (Nied.) Burret","UEC176950","Splink","UEC","Durigan, G.","30737","Native","Ouro","Estação ecológica de Assis.","Não"
"ESTAÇÃO ECOLÓGICA DE ASSIS","Fungi",,,,,"NA Indet. sp.",,"Splink","US","Acevedo-Rodriguez, P.","16815",,"Latão","Assis. Estaçao Ecologica Assis/Instituto Florestal; along dirt road to the permanents plots.","Não"
"ESTAÇÃO ECOLÓGICA DE ASSIS","Angiosperms","Nyctaginaceae","Guapira","graciliflora","(Mart. ex Schmidt) Lundell","NYCTAGINACEAE Guapira graciliflora (Mart. ex Schmidt) Lundell","FLOR0072422","Splink","FLOR","Savassi-Coutinho, A.P.","744","Native","Ouro","Estação Ecológica de Assis, Parcela Permanente do Biota, indivíduo 18799 (Parcela M15[""N15""]).","Sim"
"ESTAÇÃO ECOLÓGICA DE ASSIS","Angiosperms","Nyctaginaceae","Guapira","hirsuta","(Choisy) Lundell","NYCTAGINACEAE Guapira hirsuta (Choisy) Lundell","ESA:91796","GBIF",,"Lima, R.A.F.",,"Native","Latão","Parcela permanente 10.24ha, Estacao Ecologica de Assis, Assis county, Sao Paulo State","Não"
"ESTAÇÃO ECOLÓGICA DE ASSIS","Angiosperms","Nyctaginaceae","Guapira","noxia","(Netto) Lundell","NYCTAGINACEAE Guapira noxia (Netto) Lundell","RB00962508","GBIF","RB","Savassi-Coutinho, A.P.","854","Native","Ouro","Estação Ecológica de Assis, Parcela Permanente do Biota, indivíduo 5176 (Parcela Z15).","Sim"
"ESTAÇÃO ECOLÓGICA DE ASSIS","Angiosperms","Nyctaginaceae","Guapira","opposita","(Vell.) Reitz","NYCTAGINACEAE Guapira opposita (Vell.) Reitz","RB01131219","GBIF","RB","Savassi-Coutinho, A.P.","747","Native","Ouro","Estação Ecológica de Assis, Parcela Permanente do Biota, indivíduo 8555 (Parcela K-11)","Sim"
"ESTAÇÃO ECOLÓGICA DE ASSIS","Angiosperms","Ochnaceae","Ouratea","spectabilis","(Mart.) Engl.","OCHNACEAE Ouratea spectabilis (Mart.) Engl.","ESA00139028","REFLORA","ESA","Colletta, G.D.","2540","Native","Ouro","Estação Ecológica de Assis. Cerrado.","Não"
"ESTAÇÃO ECOLÓGICA DE ASSIS","Angiosperms","Opiliaceae","Agonandra","brasiliensis","Miers ex Benth. & Hook.f.","OPILIACEAE Agonandra brasiliensis Miers ex Benth. & Hook.f.","UEC030576","Splink","UEC","Durigan, G.","30721","Native","Latão","Estação Ecológica de Assis.","Não"
"ESTAÇÃO ECOLÓGICA DE ASSIS","Angiosperms","Orchidaceae","Acianthera","pubescens","(Lindl.) Pridgeon & M.W.Chase","ORCHIDACEAE Acianthera pubescens (Lindl.) Pridgeon & M.W.Chase","UEC027272","Splink","UEC","Breier, T.B.","813","Native","Bronze","Estação Ecológica de Assis, Trilha da parcela. Próximo ao rio. Sinonímia: Pleurothallis smithiana Lindl.","Sim"
"ESTAÇÃO ECOLÓGICA DE ASSIS","Angiosperms","Orchidaceae","Acianthera","saundersiana","(Rchb.f.) Pridgeon & M.W.Chase","ORCHIDACEAE Acianthera saundersiana (Rchb.f.) Pridgeon & M.W.Chase","140257","GBIF","UEC","Breier, T.B.","815","Native","Bronze","Estação Ecológica de Assis, Próximo ao rio.","Não"
"ESTAÇÃO ECOLÓGICA DE ASSIS","Angiosperms","Orchidaceae","Campylocentrum","brachycarpum","Cogn.","ORCHIDACEAE Campylocentrum brachycarpum Cogn.","SPSF00038487","Splink","SPSF","Breier, T.B.","0811","Native","Bronze","Estação Ecológica de Assis","Sim"
"ESTAÇÃO ECOLÓGICA DE ASSIS","Angiosperms","Orchidaceae","Campylocentrum","grisebachii","Cogn.","ORCHIDACEAE Campylocentrum grisebachii Cogn.","UEC064668","Splink","UEC","Breier, T.B.","810","Native","Ouro","Estação Ecológica Assis, Trilha da parcela.","Não"
"ESTAÇÃO ECOLÓGICA DE ASSIS","Angiosperms","Orchidaceae","Campylocentrum","pauloense","(Schltr.) Hoehne","ORCHIDACEAE Campylocentrum pauloense (Schltr.) Hoehne","UEC064670","Splink","UEC","Breier, T.B.","811","Native","Ouro","Estação Ecológica Assis, Trilha da parcela.","Não"
"ESTAÇÃO ECOLÓGICA DE ASSIS","Angiosperms","Orchidaceae","Epidendrum","denticulatum","Barb.Rodr.","ORCHIDACEAE Epidendrum denticulatum Barb.Rodr.","ESA139063","Splink","ESA","Colletta, G.D.","2575","Native","Latão","Estação Ecológica de Assis. Cerrado.","Não"
"ESTAÇÃO ECOLÓGICA DE ASSIS","Angiosperms","Orchidaceae","Epidendrum","secundum","Jacq.","ORCHIDACEAE Epidendrum secundum Jacq.","UEC064191","Splink","UEC","Breier, T.B.","825","Native","Bronze","Estação Ecológica de Assis, Parcelas permanentes.","Sim"
"ESTAÇÃO ECOLÓGICA DE ASSIS","Angiosperms","Orchidaceae","Rodriguezia","decora","(Lem.) Rchb.f.","ORCHIDACEAE Rodriguezia decora (Lem.) Rchb.f.","140270","GBIF","UEC","Breier, T.B.","824","Native","Bronze","Estação Ecológica Assis, Na parcela I06, no solo, preparada 15/05/2004.","Não"
"ESTAÇÃO ECOLÓGICA DE ASSIS","Angiosperms","Orchidaceae","Sarcoglottis","acaulis","(Sm.) Schltr.","ORCHIDACEAE Sarcoglottis acaulis (Sm.) Schltr.","SPSF00057798","Splink","SPSF","Pilon, N.","868","Native","Bronze","Estação Ecológica de Assis","Não"
"ESTAÇÃO ECOLÓGICA DE ASSIS","Angiosperms","Orchidaceae","Trichocentrum","pumilum","(Lindl.) M.W.Chase & N.H.Williams","ORCHIDACEAE Trichocentrum pumilum (Lindl.) M.W.Chase & N.H.Williams","UEC027345","Splink","UEC","Breier, T.B.","814","Native","Bronze","Estação Ecológica Assis, Trilha da parcela. Próximo ao rio.","Não"
"ESTAÇÃO ECOLÓGICA DE ASSIS","Angiosperms","Peraceae","Pera","glabrata","(Schott) Baill.","PERACEAE Pera glabrata (Schott) Baill.","ESA00139027","REFLORA","ESA","Colletta, G.D.","2539","Native","Ouro","Estação Ecológica de Assis. Cerrado.","Não"
"ESTAÇÃO ECOLÓGICA DE ASSIS","Angiosperms","Piperaceae","Piper","amalago","L.","PIPERACEAE Piper amalago L.","RB01370217","GBIF","RB","Pace, M.R.","629","Native","Ouro","Estação Ecológica de Assis","Sim"
"ESTAÇÃO ECOLÓGICA DE ASSIS","Angiosperms","Piperaceae","Piper","ovatum","Vahl","PIPERACEAE Piper ovatum Vahl",,"GBIF",,"Lima, R.A.F.",,"Native","Latão","Parcela permanente 10.24ha, Estacao Ecologica de Assis, Assis county, Sao Paulo State","Não"
"ESTAÇÃO ECOLÓGICA DE ASSIS","Angiosperms","Piperaceae","Piper","umbellatum","L.","PIPERACEAE Piper umbellatum L.","71400","GBIF","UEC","Durigan, G.","30614","Native","Prata","Estação ecológica de Assis.","Não"
"ESTAÇÃO ECOLÓGICA DE ASSIS","Angiosperms","Poaceae","Andropogon",,"L.","POACEAE Andropogon L.","ESA139061","Splink","ESA","Colletta, G.D.","2573",,"Latão","Estação Ecológica de Assis. Cerrado.","Não"
"ESTAÇÃO ECOLÓGICA DE ASSIS","Angiosperms","Poaceae","Axonopus","pressus","(Nees ex Steud.) Parodi","POACEAE Axonopus pressus (Nees ex Steud.) Parodi","ESA139010","Splink","ESA","Colletta, G.D.","2522","Native","Latão","Estação Ecológica de Assis. Cerrado.","Sim"
"ESTAÇÃO ECOLÓGICA DE ASSIS","Angiosperms","Poaceae","Axonopus","siccus","(Nees) Kuhlm.","POACEAE Axonopus siccus (Nees) Kuhlm.","21446","GBIF","UNESP / Jaboticabal","Rossatto, D.R.",,"Native","Latão","Coleta de plantas herbáceas na Estação Ecológica de Assis - SP","Sim"
"ESTAÇÃO ECOLÓGICA DE ASSIS","Angiosperms","Poaceae","Chusquea",,"Kunth","POACEAE Chusquea Kunth","ESA00139013","REFLORA","ESA","Colletta, G.D.","2525",,"Ouro","Estação Ecológica de Assis. Cerrado.","Não"
"ESTAÇÃO ECOLÓGICA DE ASSIS","Angiosperms","Poaceae","Gymnopogon","foliosus","(Willd.) Nees","POACEAE Gymnopogon foliosus (Willd.) Nees","ESA138991","Splink","ESA","Colletta, G.D.","2503","Native","Latão","Estação Ecológica de Assis. Cerrado.","Sim"
"ESTAÇÃO ECOLÓGICA DE ASSIS","Angiosperms","Poaceae","Loudetia","flammida","(Trin.) C.E.Hubb.","POACEAE Loudetia flammida (Trin.) C.E.Hubb.","SPSF00056979","Splink","SPSF","Durigan, G.","3939","Native","Bronze","Estação Ecológica de Assis","Sim"
"ESTAÇÃO ECOLÓGICA DE ASSIS","Angiosperms","Poaceae","Melinis",,"P.Beauv.","POACEAE Melinis P.Beauv.","ESA139046","Splink","ESA","Colletta, G.D.","2558",,"Latão","Estação Ecológica de Assis. Cerrado.","Não"
"ESTAÇÃO ECOLÓGICA DE ASSIS","Angiosperms","Poaceae","Merostachys","scandens","Send.","POACEAE Merostachys scandens Send.","137326","GBIF","UEC","Breier, T.B.","833","Native","Latão","Estação Ecológica Assis, Parcelas permanentes.","Não"
"ESTAÇÃO ECOLÓGICA DE ASSIS","Angiosperms","Poaceae","Merostachys","skvortzovii","Send.","POACEAE Merostachys skvortzovii Send.","21446","GBIF","UNESP / Jaboticabal","Rossatto, D.R.",,"Native","Latão","Coleta de plantas herbáceas na Estação Ecológica de Assis - SP","Não"
"ESTAÇÃO ECOLÓGICA DE ASSIS","Angiosperms","Poaceae","Panicum","millegrana","Poir.","POACEAE Panicum millegrana Poir.","SPSF00057536","Splink","SPSF","Durigan, G.","3993","Native","Prata","Estação Ecológica de Assis","Não"
"ESTAÇÃO ECOLÓGICA DE ASSIS","Angiosperms","Poaceae",,,"Barnhart","POACEAE Poaceae Barnhart","ESA139062","Splink","ESA","Colletta, G.D.","2574",,"Latão","Estação Ecológica de Assis. Cerrado.","Não"
"ESTAÇÃO ECOLÓGICA DE ASSIS","Angiosperms","Poaceae","Setaria",,"P. Beauv.","POACEAE Setaria P. Beauv.","ESA139045","Splink","ESA","Colletta, G.D.","2557",,"Latão","Estação Ecológica de Assis. Cerrado.","Não"
"ESTAÇÃO ECOLÓGICA DE ASSIS","Angiosperms","Polygalaceae","Bredemeyera","floribunda","Willd.","POLYGALACEAE Bredemeyera floribunda Willd.","SPSF00037014","Splink","SPSF","Rossatto, D.R.","25","Native","Latão","Estação Ecológica de Assis","Não"
"ESTAÇÃO ECOLÓGICA DE ASSIS","Angiosperms","Polygalaceae","Securidaca","rivinifolia","A.St.-Hil. & Moq.","POLYGALACEAE Securidaca rivinifolia A.St.-Hil. & Moq.",,"Splink","US","Acevedo-Rodriguez, P.","16795","Native","Bronze","Assis. Estaçao Ecologica Assis/Instituto Florestal; permanents plots.","Sim"
"ESTAÇÃO ECOLÓGICA DE ASSIS","Angiosperms","Polygonaceae","Coccoloba","mollis","Casar.","POLYGONACEAE Coccoloba mollis Casar.","UEC159141","Splink","UEC","Durigan, G.","30733","Native","Ouro","Estação Ecológica de Assis","Sim"
"ESTAÇÃO ECOLÓGICA DE ASSIS","Ferns and Lycophytes","Polypodiaceae","Microgramma","crispata","(Fée) R.M.Tryon & A.F.Tryon","POLYPODIACEAE Microgramma crispata (Fée) R.M.Tryon & A.F.Tryon","UEC055168","Splink","UEC","Breier, T.B.","834","Native","Bronze","Estação Ecológica Assis, parcelas permantentes","Não"
"ESTAÇÃO ECOLÓGICA DE ASSIS","Ferns and Lycophytes","Polypodiaceae","Microgramma","geminata","(Schrad.) R.M.Tryon & A.F.Tryon","POLYPODIACEAE Microgramma geminata (Schrad.) R.M.Tryon & A.F.Tryon","UEC055018","Splink","UEC","Breier, T.B.","805","Native","Bronze","Estação Ecológica Assis, Parcelas permanentes.&nf;Na parcela L15, 16976.","Sim"
"ESTAÇÃO ECOLÓGICA DE ASSIS","Ferns and Lycophytes","Polypodiaceae","Microgramma","squamulosa","(Kaulf.) de la Sota","POLYPODIACEAE Microgramma squamulosa (Kaulf.) de la Sota","UEC055239","Splink","UEC","Breier, T.B.","812","Native","Bronze","Estação Ecológica de Assis, Trilha da parcela.","Sim"
"ESTAÇÃO ECOLÓGICA DE ASSIS","Ferns and Lycophytes","Polypodiaceae","Pleopeltis","angusta","Humb. & Bonpl. ex Willd.","POLYPODIACEAE Pleopeltis angusta Humb. & Bonpl. ex Willd.","138568","GBIF","UEC","Breier, T.B.","801","Unknown","Bronze","Estação Ecológica Assis, Parcelas permanentes.","Não"
"ESTAÇÃO ECOLÓGICA DE ASSIS","Ferns and Lycophytes","Polypodiaceae","Pleopeltis","astrolepis","(Liebm.) E.Fourn.","POLYPODIACEAE Pleopeltis astrolepis (Liebm.) E.Fourn.","UEC067605","Splink","UEC","Breier, T.B.","806","Native","Bronze","Estação Ecológica Assis, Parcelas permanentes.","Sim"
"ESTAÇÃO ECOLÓGICA DE ASSIS","Ferns and Lycophytes","Polypodiaceae","Pleopeltis","hirsutissima","(Raddi) de la Sota","POLYPODIACEAE Pleopeltis hirsutissima (Raddi) de la Sota","UEC067568","Splink","UEC","Breier, T.B.","802","Native","Bronze","Estação Ecológica Assis, Parcelas permanentes, parcela B9.","Sim"
"ESTAÇÃO ECOLÓGICA DE ASSIS","Ferns and Lycophytes","Polypodiaceae","Pleopeltis","minima","(Bory) J. Prado & R.Y. Hirai","POLYPODIACEAE Pleopeltis minima (Bory) J. Prado & R.Y. Hirai","138923","GBIF","UEC","Breier, T.B.","822","Native","Bronze","Estação Ecológica Assis, Base do instituto florestal.","Não"
"ESTAÇÃO ECOLÓGICA DE ASSIS","Ferns and Lycophytes","Polypodiaceae","Serpocaulon","catharinae","(Langsd. & Fisch.) A.R.Sm.","POLYPODIACEAE Serpocaulon catharinae (Langsd. & Fisch.) A.R.Sm.","UEC067133","Splink","UEC","Breier, T.B.","808","Native","Bronze","Estação Ecológica Assis, Parcelas permanentes.","Sim"
"ESTAÇÃO ECOLÓGICA DE ASSIS","Ferns and Lycophytes","Polypodiaceae","Serpocaulon","vacillans","(Link) A.R.Sm.","POLYPODIACEAE Serpocaulon vacillans (Link) A.R.Sm.","UEC067066","Splink","UEC","Breier, T.B.","803","Native","Bronze","Estação Ecológica Assis, Parcelas permanentes.","Sim"
"ESTAÇÃO ECOLÓGICA DE ASSIS","Angiosperms","Primulaceae","Cybianthus","densicomus","Mart.","PRIMULACEAE Cybianthus densicomus Mart.","71395","Splink","UEC","Durigan, G.","30609","Native","Ouro","Estação Ecológica de Assis","Não"
"ESTAÇÃO ECOLÓGICA DE ASSIS","Angiosperms","Primulaceae","Myrsine","coriacea","(Sw.) R.Br. ex Roem. & Schult.","PRIMULACEAE Myrsine coriacea (Sw.) R.Br. ex Roem. & Schult.",,"GBIF",,"Lima, R.A.F.",,"Native","Latão","Parcela permanente 10.24ha, Estacao Ecologica de Assis, Assis county, Sao Paulo State","Não"
"ESTAÇÃO ECOLÓGICA DE ASSIS","Angiosperms","Primulaceae","Myrsine","gardneriana","A.DC.","PRIMULACEAE Myrsine gardneriana A.DC.","UEC063501","Splink","UEC","Durigan, G.","30726","Native","Ouro","Estação Ecológica de Assis, mata ciliar","Não"
"ESTAÇÃO ECOLÓGICA DE ASSIS","Angiosperms","Primulaceae","Myrsine","lancifolia","Mart.","PRIMULACEAE Myrsine lancifolia Mart.","071046","GBIF","UEC","Durigan, G.","30727","Native","Ouro","Estação Ecológica de Assis","Não"
"ESTAÇÃO ECOLÓGICA DE ASSIS","Angiosperms","Primulaceae","Myrsine","parvula","(Mez) Otegui","PRIMULACEAE Myrsine parvula (Mez) Otegui","98957","Splink","UEC","Durigan, G.",,"Native","Ouro","Estação Ecológica de Assis","Não"
"ESTAÇÃO ECOLÓGICA DE ASSIS","Angiosperms","Primulaceae","Myrsine","umbellata","Mart.","PRIMULACEAE Myrsine umbellata Mart.","UEC063529","Splink","UEC","Durigan, G.","30615","Native","Ouro","Estação Ecológica de Assis, mata ciliar","Sim"
"ESTAÇÃO ECOLÓGICA DE ASSIS","Angiosperms","Proteaceae","Roupala","montana","Aubl.","PROTEACEAE Roupala montana Aubl.","ESA00139036","REFLORA","ESA","Colletta, G.D.","2548","Native","Ouro","Estação Ecológica de Assis. Cerrado.","Sim"
"ESTAÇÃO ECOLÓGICA DE ASSIS","Angiosperms","Rapateaceae",,,,"RAPATEACEAE Umbellata","ESA117522","REFLORA","ESA","Flores, T.B.","330",,"Ouro","Estação Ecológica de Assis - Instituto Florestal - Projeto Parcelas Permanentes - Biota Fapesp - Estrada em direção a parcela","Não"
"ESTAÇÃO ECOLÓGICA DE ASSIS","Angiosperms","Rhamnaceae","Gouania",,"Jacq.","RHAMNACEAE Gouania Jacq.",,"Splink","US","Acevedo-Rodriguez, P.","16809",,"Latão","Assis. Estaçao Ecologica Assis/Instituto Florestal; along dirt road to the permanents plots.","Não"
"ESTAÇÃO ECOLÓGICA DE ASSIS","Angiosperms","Rosaceae","Prunus","myrtifolia","(L.) Urb.","ROSACEAE Prunus myrtifolia (L.) Urb.","UEC027944","Splink","UEC","Sciamarelli, A.","29018","Native","Ouro","Estação Ecológica de Assis, Trilha Ecológica do Horto de Assis","Sim"
"ESTAÇÃO ECOLÓGICA DE ASSIS","Angiosperms","Rosaceae","Rubus","brasiliensis","Mart.","ROSACEAE Rubus brasiliensis Mart.","77911","GBIF","UEC","Durigan, G.","30572","Native","Ouro","Estação Ecológica de Assis","Sim"
"ESTAÇÃO ECOLÓGICA DE ASSIS","Angiosperms","Rubiaceae","Amaioua","intermedia","Mart. ex Schult. & Schult.f.","RUBIACEAE Amaioua intermedia Mart. ex Schult. & Schult.f.","ESA:91802","GBIF",,"Lima, R.A.F.",,"Native","Latão","Parcela permanente 10.24ha, Estacao Ecologica de Assis, Assis county, Sao Paulo State","Sim"
"ESTAÇÃO ECOLÓGICA DE ASSIS","Angiosperms","Rubiaceae","Coccocypselum","lanceolatum","(Ruiz & Pav.) Pers.","RUBIACEAE Coccocypselum lanceolatum (Ruiz & Pav.) Pers.","21446","GBIF","UNESP / Jaboticabal","Rossatto, D.R.",,"Native","Latão","Coleta de plantas herbáceas na Estação Ecológica de Assis - SP","Sim"
"ESTAÇÃO ECOLÓGICA DE ASSIS","Angiosperms","Rubiaceae","Coussarea","contracta","(Walp.) Müll.Arg.","RUBIACEAE Coussarea contracta (Walp.) Müll.Arg.","UEC172225","Splink","UEC","Durigan, G.","30722","Native","Ouro","Estação ecológica de Assis.","Não"
"ESTAÇÃO ECOLÓGICA DE ASSIS","Angiosperms","Rubiaceae","Coussarea","hydrangeifolia","(Benth.) Müll.Arg.","RUBIACEAE Coussarea hydrangeifolia (Benth.) Müll.Arg.","UEC177845","Splink","UEC","Durigan, G.","30730","Native","Ouro","Estação ecológica de Assis","Não"
"ESTAÇÃO ECOLÓGICA DE ASSIS","Angiosperms","Rubiaceae","Faramea","montevidensis","(Cham. & Schltdl.) DC.","RUBIACEAE Faramea montevidensis (Cham. & Schltdl.) DC.","RB01140632","GBIF","RB","Savassi-Coutinho, A.P.","861","Native","Ouro","Estação Ecológica de Assis, Parcela Permanente do Biota","Sim"
"ESTAÇÃO ECOLÓGICA DE ASSIS","Angiosperms","Rubiaceae","Galianthe","verbenoides","(Cham. & Schltdl.) Griseb.","RUBIACEAE Galianthe verbenoides (Cham. & Schltdl.) Griseb.","SPSF00057640","Splink","SPSF","Durigan, G.","4273","Native","Prata","Estação Ecológica de Assis","Não"
"ESTAÇÃO ECOLÓGICA DE ASSIS","Angiosperms","Rubiaceae","Ixora","brevifolia","Benth.","RUBIACEAE Ixora brevifolia Benth.","RB00983913","GBIF","RB","Savassi-Coutinho, A.P.","863","Native","Ouro","Estação Ecológica de Assis, Trilha perimetral de cima da parcela permanente do Biota.","Sim"
"ESTAÇÃO ECOLÓGICA DE ASSIS","Angiosperms","Rubiaceae","Ixora","venulosa","Benth.","RUBIACEAE Ixora venulosa Benth.","71272","GBIF","UEC","Durigan, G.","30589","Native","Ouro","Estação Ecologica de Assis,","Não"
"ESTAÇÃO ECOLÓGICA DE ASSIS","Angiosperms","Rubiaceae","Manettia","cordifolia","Mart.","RUBIACEAE Manettia cordifolia Mart.","US01864676","Splink","US","Pace, M.R.","634","Native","Ouro","Estação Ecológica de Assis","Sim"
"ESTAÇÃO ECOLÓGICA DE ASSIS","Angiosperms","Rubiaceae","Palicourea","deflexa","(DC.) Borhidi","RUBIACEAE Palicourea deflexa (DC.) Borhidi","52617","Splink","IAC","Picchi, D.G.","173","Native","Ouro","Floresta Estadual e Estação Ecológica de Assis","Não"
"ESTAÇÃO ECOLÓGICA DE ASSIS","Angiosperms","Rubiaceae","Palicourea","hoffmannseggiana","(Roem. & Schult.) Borhidi","RUBIACEAE Palicourea hoffmannseggiana (Roem. & Schult.) Borhidi","SPF00203518","Splink","SPF","Picchi, D.G.","173","Native","Ouro","Floresta Estadual e Estação Ecológica de Assis.","Não"
"ESTAÇÃO ECOLÓGICA DE ASSIS","Angiosperms","Rubiaceae","Palicourea","marcgravii","A.St.-Hil.","RUBIACEAE Palicourea marcgravii A.St.-Hil.",,"GBIF",,"Lima, R.A.F.",,"Native","Latão","Parcela permanente 10.24ha, Estacao Ecologica de Assis, Assis county, Sao Paulo State","Sim"
"ESTAÇÃO ECOLÓGICA DE ASSIS","Angiosperms","Rubiaceae","Palicourea","rigida","Kunth","RUBIACEAE Palicourea rigida Kunth","UEC112757","Splink","UEC","Durigan, G.","30731","Native","Ouro","Estação Ecológica de Assis, cerradão.","Sim"
"ESTAÇÃO ECOLÓGICA DE ASSIS","Angiosperms","Rubiaceae","Palicourea","sessilis","(Vell.) C.M.Taylor","RUBIACEAE Palicourea sessilis (Vell.) C.M.Taylor",,"GBIF",,"Lima, R.A.F.",,"Native","Latão","Parcela permanente 10.24ha, Estacao Ecologica de Assis, Assis county, Sao Paulo State","Não"
"ESTAÇÃO ECOLÓGICA DE ASSIS","Angiosperms","Rubiaceae","Palicourea","tenerior","(Cham.) Delprete & J.H.Kirkbr.","RUBIACEAE Palicourea tenerior (Cham.) Delprete & J.H.Kirkbr.","47214","Splink","IAC","Picchi, D.G.","173","Native","Bronze","Floresta Estadual e Estação Ecológica de Assis, trilha do cerradão ca. de 5 Km do centro administrativo da FEA","Não"
"ESTAÇÃO ECOLÓGICA DE ASSIS","Angiosperms","Rubiaceae","Psychotria","carthagenensis","Jacq.","RUBIACEAE Psychotria carthagenensis Jacq.","UEC115412","Splink","UEC","Sartori, A.L.B.","28999","Native","Ouro","estação ecológica de assis","Sim"
"ESTAÇÃO ECOLÓGICA DE ASSIS","Angiosperms","Rubiaceae","Psychotria","hoffmanseggiana","(Willd. ex Roem. & Schult.) Müll.Arg.","RUBIACEAE Psychotria hoffmanseggiana (Willd. ex Roem. & Schult.) Müll.Arg.","NY01181656","Splink","NY","Picchi, D.","174",,"Ouro","Floresta Estadual e Estação Ecológica de Assis. Local conhecido como ""Trilha do Cerrado"" ca. de 5 km do centro administrativo da FEA.","Não"
"ESTAÇÃO ECOLÓGICA DE ASSIS","Angiosperms","Rubiaceae","Psychotria","pedunculosa","Rich.","RUBIACEAE Psychotria pedunculosa Rich.",,"GBIF",,"Lima, R.A.F.",,"Native","Latão","Parcela permanente 10.24ha, Estacao Ecologica de Assis, Assis county, Sao Paulo State","Não"
"ESTAÇÃO ECOLÓGICA DE ASSIS","Angiosperms","Rubiaceae","Rudgea","jasminoides","(Cham.) Müll.Arg.","RUBIACEAE Rudgea jasminoides (Cham.) Müll.Arg.","SPSF00057637","Splink","SPSF","Durigan, G.","4270","Native","Prata","Estação Ecológica de Assis","Não"
"ESTAÇÃO ECOLÓGICA DE ASSIS","Angiosperms","Rubiaceae","Sabicea","brasiliensis","Wernham","RUBIACEAE Sabicea brasiliensis Wernham","21446","GBIF","UNESP / Jaboticabal","Rossatto, D.R.",,"Native","Latão","Coleta de plantas herbáceas na Estação Ecológica de Assis - SP","Não"
"ESTAÇÃO ECOLÓGICA DE ASSIS","Angiosperms","Rubiaceae","Tocoyena","formosa","(Cham. & Schltdl.) K.Schum.","RUBIACEAE Tocoyena formosa (Cham. & Schltdl.) K.Schum.","ESA139042","Splink","ESA","Colletta, G.D.","2554","Native","Latão","Estação Ecológica de Assis. Cerrado.","Sim"
"ESTAÇÃO ECOLÓGICA DE ASSIS","Angiosperms","Rutaceae","Helietta","apiculata","Benth.","RUTACEAE Helietta apiculata Benth.","US01926110","Splink","US","Pace, M.R.","625","Native","Ouro","Estação Ecológica de Assis","Sim"
"ESTAÇÃO ECOLÓGICA DE ASSIS","Angiosperms","Rutaceae","Zanthoxylum","rhoifolium","Lam.","RUTACEAE Zanthoxylum rhoifolium Lam.","UEC074598","Splink","UEC","Durigan, G.","30593","Native","Ouro","Estação Ecológica de Assis.","Sim"
"ESTAÇÃO ECOLÓGICA DE ASSIS","Angiosperms","Salicaceae","Casearia","decandra","Jacq.","SALICACEAE Casearia decandra Jacq.","UEC046712","Splink","UEC","Durigan, G.","30579","Native","Ouro","Estação Ecológica de Assis, mata ciliar.","Não"
"ESTAÇÃO ECOLÓGICA DE ASSIS","Angiosperms","Salicaceae","Casearia","lasiophylla","Eichler","SALICACEAE Casearia lasiophylla Eichler","ESA117517","Splink","ESA","Flores, T.B.","325","Native","Latão","Estação Ecológica de Assis - Instituto Florestal - Projeto Parcelas Permanentes - Biota Fapesp - Estrada em direção a parcela","Sim"
"ESTAÇÃO ECOLÓGICA DE ASSIS","Angiosperms","Salicaceae","Casearia","sylvestris","Sw.","SALICACEAE Casearia sylvestris Sw.","ESA139053","Splink","ESA","Colletta, G.D.","2565","Native","Latão","Estação Ecológica de Assis. Cerrado.","Sim"
"ESTAÇÃO ECOLÓGICA DE ASSIS","Angiosperms","Santalaceae","Phoradendron","craspedophyllum","Eichler","SANTALACEAE Phoradendron craspedophyllum Eichler","UEC014944","Splink","UEC","Breier, T.B.","0826","Native","Ouro","Estação Ecológica Assis, parcelas permanentes.","Não"
"ESTAÇÃO ECOLÓGICA DE ASSIS","Angiosperms","Sapindaceae","Cupania","tenuivalvis","Radlk.","SAPINDACEAE Cupania tenuivalvis Radlk.","RB00981562","GBIF","RB","Savassi-Coutinho, A.P.","758","Native","Ouro","Estação ecologica de Assis.","Sim"
"ESTAÇÃO ECOLÓGICA DE ASSIS","Angiosperms","Sapindaceae",,,,"SAPINDACEAE Eleagnoides","ESA117518","REFLORA","ESA","Flores, T.B.","326",,"Ouro","Estação Ecológica de Assis - Instituto Florestal - Projeto Parcelas Permanentes - Biota Fapesp - Estrada em direção a parcela","Não"
"ESTAÇÃO ECOLÓGICA DE ASSIS","Angiosperms","Sapindaceae","Matayba","elaeagnoides","Radlk.","SAPINDACEAE Matayba elaeagnoides Radlk.","RB00981123","GBIF","RB","Savassi, A.P.","759","Native","Ouro","Estação Ecológica de Assis; Trilha de acesso a parcela permanente do Biota.","Sim"
"ESTAÇÃO ECOLÓGICA DE ASSIS","Angiosperms","Sapindaceae","Serjania","acoma","Radlk.","SAPINDACEAE Serjania acoma Radlk.","US01864683","Splink","US","Pace, M.R.","631","Native","Ouro","Estação Ecológica de Assis","Não"
"ESTAÇÃO ECOLÓGICA DE ASSIS","Angiosperms","Sapindaceae","Serjania","fuscifolia","Radlk.","SAPINDACEAE Serjania fuscifolia Radlk.","21446","GBIF","UNESP / Jaboticabal","Rossatto, D.R.",,"Native","Latão","Coleta de plantas herbáceas na Estação Ecológica de Assis - SP","Não"
"ESTAÇÃO ECOLÓGICA DE ASSIS","Angiosperms","Sapindaceae","Serjania","lethalis","A.St.-Hil.","SAPINDACEAE Serjania lethalis A.St.-Hil.",,"Splink","US","Acevedo-Rodriguez, P.","16788","Native","Ouro","Assis. Estaçao Ecologica Assis/Instituto Florestal; permanents plots.","Sim"
"ESTAÇÃO ECOLÓGICA DE ASSIS","Angiosperms","Sapindaceae","Serjania","reticulata","Cambess.","SAPINDACEAE Serjania reticulata Cambess.",,"Splink","US","Acevedo-Rodriguez, P.","16784","Native","Ouro","Assis. Estaçao Ecologica Assis/Instituto Florestal; permanents plots.","Não"
"ESTAÇÃO ECOLÓGICA DE ASSIS","Angiosperms","Sapotaceae","Chrysophyllum","marginatum","(Hook. & Arn.) Radlk.","SAPOTACEAE Chrysophyllum marginatum (Hook. & Arn.) Radlk.","297960","Splink","SP","Durigan, G.",,"Native","Latão","Estação Ecológica de Assis","Sim"
"ESTAÇÃO ECOLÓGICA DE ASSIS","Angiosperms","Sapotaceae","Pouteria","ramiflora","(Mart.) Radlk.","SAPOTACEAE Pouteria ramiflora (Mart.) Radlk.","22037","GBIF","ESALQ/Piracicaba","Moreira, C.M.",,"Native","Latão","A Estação Ecológica de Assis (EEA) possui área de 1312,28ha, e localiza-se entre as altitudes de 520 e 590m.","Sim"
"ESTAÇÃO ECOLÓGICA DE ASSIS","Angiosperms","Sapotaceae","Pouteria","torta","(Mart.) Radlk.","SAPOTACEAE Pouteria torta (Mart.) Radlk.","FUEL056727","Splink","FUEL","Molina, J.M.P.","268","Native","Bronze","Estação Ecológica de Assis","Não"
"ESTAÇÃO ECOLÓGICA DE ASSIS","Angiosperms","Siparunaceae","Siparuna","guianensis","Aubl.","SIPARUNACEAE Siparuna guianensis Aubl.","RB00985916","GBIF","RB","Savassi-Coutinho, A.P.","826","Native","Bronze","Estação Ecológica de Assis, Parcela Permanente do Biota, indivíduo 5731 (Parcela Z13).","Não"
"ESTAÇÃO ECOLÓGICA DE ASSIS","Angiosperms","Smilacaceae","Smilax","campestris","Griseb.","SMILACACEAE Smilax campestris Griseb.","21446","GBIF","UNESP / Jaboticabal","Rossatto, D.R.",,"Native","Latão","Coleta de plantas herbáceas na Estação Ecológica de Assis - SP","Sim"
"ESTAÇÃO ECOLÓGICA DE ASSIS","Angiosperms","Smilacaceae","Smilax","fluminensis","Steud.","SMILACACEAE Smilax fluminensis Steud.","21446","GBIF","UNESP / Jaboticabal","Rossatto, D.R.",,"Native","Latão","Coleta de plantas herbáceas na Estação Ecológica de Assis - SP","Não"
"ESTAÇÃO ECOLÓGICA DE ASSIS","Angiosperms","Solanaceae","Cestrum","schlechtendalii","G.Don","SOLANACEAE Cestrum schlechtendalii G.Don","71384","GBIF","UEC","Durigan, G.","30616","Native","Ouro","Estação Ecológica de Assis.","Sim"
"ESTAÇÃO ECOLÓGICA DE ASSIS","Angiosperms","Solanaceae","Solanum","lycocarpum","A.St.-Hil.","SOLANACEAE Solanum lycocarpum A.St.-Hil.","ESA139048","Splink","ESA","Colletta, G.D.","2560","Native","Latão","Estação Ecológica de Assis. Cerrado.","Sim"
"ESTAÇÃO ECOLÓGICA DE ASSIS","Angiosperms","Styracaceae","Styrax","camporum","Pohl","STYRACACEAE Styrax camporum Pohl","UEC115190","Splink","UEC","Savassi-Coutinho, A.P.","756","Native","Ouro","Brasil. Estado de São Paulo, Município de Assis. Estação Ecológica de Assis, Estrada de acesso a trilha do cerrado.","Sim"
"ESTAÇÃO ECOLÓGICA DE ASSIS","Angiosperms","Styracaceae","Styrax","ferrugineus","Nees & Mart.","STYRACACEAE Styrax ferrugineus Nees & Mart.","RB01313942","GBIF","RB","Savassi-Coutinho, A.P.","757","Native","Ouro","Estação Ecológica de Assis, Parcela Permanente do Biota","Sim"
"ESTAÇÃO ECOLÓGICA DE ASSIS","Angiosperms","Styracaceae","Styrax","pohlii","A.DC.","STYRACACEAE Styrax pohlii A.DC.","UEC073338","Splink","UEC","Durigan, G.","30594","Native","Latão","Estação Ecológica de Assis.","Sim"
"ESTAÇÃO ECOLÓGICA DE ASSIS","Angiosperms","Symplocaceae","Symplocos","celastrinea","Mart.","SYMPLOCACEAE Symplocos celastrinea Mart.","135440","Splink","UEC","Durigan, G.",,"Native","Prata","Estação Ecológica de Assis","Sim"
"ESTAÇÃO ECOLÓGICA DE ASSIS","Angiosperms","Symplocaceae","Symplocos","nitens","(Pohl) Benth.","SYMPLOCACEAE Symplocos nitens (Pohl) Benth.","77224","Splink","UEC","Durigan, G.","30590","Native","Latão","Estação Ecológica de Assis, mata ciliar.","Sim"
"ESTAÇÃO ECOLÓGICA DE ASSIS","Angiosperms","Symplocaceae","Symplocos","pubescens","Klotzsch ex Benth.","SYMPLOCACEAE Symplocos pubescens Klotzsch ex Benth.","71048","Splink","UEC","Durigan, G.","30723","Native","Latão","Estação Ecológica de Assis","Sim"
"ESTAÇÃO ECOLÓGICA DE ASSIS","Angiosperms","Symplocaceae","Symplocos","revoluta","Casar.","SYMPLOCACEAE Symplocos revoluta Casar.","77915","Splink","UEC","Durigan, G.","30582","Native","Ouro","Estação Ecológica de Assis.","Sim"
"ESTAÇÃO ECOLÓGICA DE ASSIS","Angiosperms","Symplocaceae","Symplocos","tenuifolia","Brand","SYMPLOCACEAE Symplocos tenuifolia Brand","71397","Splink","UEC","Durigan, G.","30611","Native","Latão","Estação Ecológica de Assis","Sim"
"ESTAÇÃO ECOLÓGICA DE ASSIS","Angiosperms","Thymelaeaceae","Daphnopsis","fasciculata","(Meisn.) Nevling","THYMELAEACEAE Daphnopsis fasciculata (Meisn.) Nevling","FLOR0076579","Splink","FLOR","Savassi-Coutinho, A.P.","764","Native","Latão","Estação Ecológica de Assis. Parcela permanente do BIOTA.","Não"
"ESTAÇÃO ECOLÓGICA DE ASSIS","Angiosperms","Thymelaeaceae","Daphnopsis","utilis","Warm.","THYMELAEACEAE Daphnopsis utilis Warm.","FLOR0076569","Splink","FLOR","Medeiros, D.A.","14955","Native","Bronze","Estação Ecológica de Assis.","Sim"
"ESTAÇÃO ECOLÓGICA DE ASSIS","Angiosperms","Turneraceae","Turnera","orientalis","(Urb.) Arbo","TURNERACEAE Turnera orientalis (Urb.) Arbo","SPSF00056471","Splink","SPSF","Durigan, G.","3987","Native","Prata","Estação Ecológica de Assis","Não"
"ESTAÇÃO ECOLÓGICA DE ASSIS","Angiosperms","Urticaceae","Cecropia","pachystachya","Trécul","URTICACEAE Cecropia pachystachya Trécul",,"GBIF",,"Lima, R.A.F.",,"Native","Latão","Parcela permanente 10.24ha, Estacao Ecologica de Assis, Assis county, Sao Paulo State","Não"
"ESTAÇÃO ECOLÓGICA DE ASSIS","Angiosperms","Verbenaceae","Lantana",,"L.","VERBENACEAE Lantana L.","RB01130033","GBIF","RB","Oliveira, A.C.P.","22",,"Bronze","Estrada para chegar na Trilha do Cerrado. Primeira estrada para chegar PP/BIOTA. Estação Ecológica de Assis","Não"
"ESTAÇÃO ECOLÓGICA DE ASSIS","Angiosperms","Verbenaceae","Lippia","origanoides","Kunth","VERBENACEAE Lippia origanoides Kunth","CESJ067432","Splink","CESJ","Bacic, M.C.","37","Native","Ouro","Estação Ecológica de Assis","Não"
"ESTAÇÃO ECOLÓGICA DE ASSIS","Angiosperms","Vochysiaceae","Qualea","cordata","Spreng.","VOCHYSIACEAE Qualea cordata Spreng.","RB00984091","GBIF","RB","Savassi-Coutinho, A.P.","766","Native","Bronze","Estação Ecológica de Assis, Trilha do cerrado de educação ambiental, próximo ao alojamento.","Sim"
"ESTAÇÃO ECOLÓGICA DE ASSIS","Angiosperms","Vochysiaceae","Qualea","grandiflora","Mart.","VOCHYSIACEAE Qualea grandiflora Mart.","ESA139009","Splink","ESA","Colletta, G.D.","2521","Native","Latão","Estação Ecológica de Assis. Cerrado.","Sim"
"ESTAÇÃO ECOLÓGICA DE ASSIS","Angiosperms","Vochysiaceae","Qualea","multiflora","Mart.","VOCHYSIACEAE Qualea multiflora Mart.","22036","GBIF","Escola Superior de Agricultura ''Luiz de Queiroz'' - ESALQ/USP","Savassi, A.P.G.",,"Native","Latão","A Estação Ecológica de Assis (EEA) possui área de 1312,28ha, e localiza-se entre as altitudes de 520 e 590m.","Sim"
"ESTAÇÃO ECOLÓGICA DE ASSIS","Angiosperms","Vochysiaceae","Qualea","parviflora","Mart.","VOCHYSIACEAE Qualea parviflora Mart.","RB01213472","GBIF","RB","Savassi-Coutinho, A.P.","769","Native","Bronze","Estação Ecológica de Assis. Parcela Permanente do Biota.","Sim"
"ESTAÇÃO ECOLÓGICA DE ASSIS","Angiosperms","Vochysiaceae","Vochysia","tucanorum","Mart.","VOCHYSIACEAE Vochysia tucanorum Mart.","ESA00139021","REFLORA","ESA","Colletta, G.D.","2533","Native","Ouro","Estação Ecológica de Assis. Cerrado.","Sim"
