"","data_source","collectionCode","catalogNumber","scientificName","kingdom","family","genus","year","month","day","country","stateProvince","county","locality","institutionCode","phylum","basisOfRecord","verbatimLatitude","verbatimLongitude","collectionID","specificepithet","recordedBy","decimalLongitude","decimalLatitude","modified","scientificNameAuthorship","identifiedBy","coordinatePrecision","recordNumber","barcode","yearIdentified","monthIdentified","dayIdentified","minimumelevationinmeters","maximumelevationinmeters","occurrenceRemarks","continentocean","class","order","individualcount","fieldnumber","infraspecificepithet","preparationtype","minimumdepthinmeters","maximumdepthinmeters","typeStatus","previouscatalognumber","downloadedFrom","municipality","dateIdentified","acceptedScientificName","bibliographicCitation","countryCode","datasetID","datasetName","eventDate","fieldNotes","habitat","identificationRemarks","latitude","longitude","taxonomicStatus","taxonRank","type","verbatimElevation","verbatimEventDate","verbatimLocality","collectionCode.new","collectionObs","recordedBy.new","recordNumber.new","year.new","identifiedBy.new","yearIdentified.new","recordedBy.aux","last.name","identifiedBy.aux","country.new","stateProvince.new","municipality.new","locality.new","locality.scrap","resol.orig","loc","loc.correct","latitude.gazetteer","longitude.gazetteer","resolution.gazetteer","X","gbifID","accessRights","language","license","publisher","references","rightsHolder","institutionID","ownerInstitutionCode","informationWithheld","dataGeneralizations","dynamicProperties","occurrenceID","recordedByID","individualCount","organismQuantity","organismQuantityType","sex","lifeStage","reproductiveCondition","caste","behavior","vitality","establishmentMeans","degreeOfEstablishment","pathway","georeferenceVerificationStatus","occurrenceStatus","preparations","disposition","associatedOccurrences","associatedReferences","associatedSequences","associatedTaxa","otherCatalogNumbers","organismID","organismName","organismScope","associatedOrganisms","previousIdentifications","organismRemarks","materialEntityID","materialEntityRemarks","verbatimLabel","materialSampleID","eventID","parentEventID","eventType","fieldNumber","eventTime","startDayOfYear","endDayOfYear","samplingProtocol","sampleSizeValue","sampleSizeUnit","samplingEffort","eventRemarks","locationID","higherGeographyID","higherGeography","continent","waterBody","islandGroup","island","verticalDatum","verbatimDepth","minimumDistanceAboveSurfaceInMeters","maximumDistanceAboveSurfaceInMeters","locationAccordingTo","locationRemarks","coordinateUncertaintyInMeters","pointRadiusSpatialFit","verbatimCoordinateSystem","verbatimSRS","footprintWKT","footprintSRS","footprintSpatialFit","georeferencedBy","georeferencedDate","georeferenceProtocol","georeferenceSources","georeferenceRemarks","geologicalContextID","earliestEonOrLowestEonothem","latestEonOrHighestEonothem","earliestEraOrLowestErathem","latestEraOrHighestErathem","earliestPeriodOrLowestSystem","latestPeriodOrHighestSystem","earliestEpochOrLowestSeries","latestEpochOrHighestSeries","earliestAgeOrLowestStage","latestAgeOrHighestStage","lowestBiostratigraphicZone","highestBiostratigraphicZone","lithostratigraphicTerms","group","formation","member","bed","identificationID","verbatimIdentification","identificationQualifier","identifiedByID","identificationReferences","identificationVerificationStatus","taxonID","scientificNameID","acceptedNameUsageID","parentNameUsageID","originalNameUsageID","nameAccordingToID","namePublishedInID","taxonConceptID","acceptedNameUsage","parentNameUsage","originalNameUsage","nameAccordingTo","namePublishedIn","namePublishedInYear","higherClassification","superfamily","subfamily","tribe","subtribe","genericName","subgenus","infragenericEpithet","specificEpithet","infraspecificEpithet","cultivarEpithet","verbatimTaxonRank","vernacularName","nomenclaturalCode","nomenclaturalStatus","taxonRemarks","datasetKey","publishingCountry","lastInterpreted","elevation","elevationAccuracy","depth","depthAccuracy","distanceFromCentroidInMeters","issue","mediaType","hasCoordinate","hasGeospatialIssues","taxonKey","acceptedTaxonKey","kingdomKey","phylumKey","classKey","orderKey","familyKey","genusKey","subgenusKey","speciesKey","species","verbatimScientificName","typifiedName","protocol","lastParsed","lastCrawled","repatriated","relativeOrganismQuantity","projectId","isSequenced","gbifRegion","publishedByGbifRegion","level0Gid","level0Name","level1Gid","level1Name","level2Gid","level2Name","level3Gid","level3Name","iucnRedListCategory","associatedMedia","minimumElevationInMeters","maximumElevationInMeters","minimumDepthInMeters","maximumDepthInMeters","geodeticDatum","verbatimCoordinates","scientificNameAuthorship.y","imageCollectionCode","virtualDuplicates","duplicates","DeterminationQualifier","recordedByExtra","dateCollected","dateCollectedMax","verbatimElevationMax","measurementUnit","verbatimLatitudeMax","verbatimLongitudeMax","updatedBy","dateUpdated","right","modified_incomplete","Clado","loc.correct.mun","NAME_0","NAME_1","NAME_2","NAME_3","source","loc.correct.mun.1","NAME_0.1","NAME_1.1","NAME_2.1","NAME_3.1","source.1","loc.correct.mun.2","NAME_0.2","NAME_1.2","NAME_2.2","NAME_3.2","source.2","loc.check","scientificName.new","scientificNameAuthorship.new","scientificNameStatus","suggestedFamily","suggestedName","suggestedAuthorship","taxon.rank","tax.notes","id","accepted.tax.name","accepted.tax.authorship","scientificNameFull","genus.new","family.new","tax.check","species.new"
"Asclepias curassavica","gbif","Observations","158868925","Asclepias curassavica L.","Plantae","Apocynaceae","Asclepias","2023","5","1","BR","São Paulo",,"Parque Natural Municipal Bororé","iNaturalist","Tracheophyta","HUMAN_OBSERVATION",,,,,"zedenil","-46.655021","-23.807617","2023-05-01 21:28:52",,"zedenil",,,,,,,,,,,"Magnoliopsida","Gentianales",,,,,,,,,"GBIF",,"2023-05-01 21:23:17","Asclepias curassavica L.",,"BR",,"iNaturalist research-grade observations","2023-05-01T09:17:24",,,,,,"ACCEPTED","SPECIES",,,"2023-05-01 09:17:24","Parque Natural Municipal Bororé",,,,,,,,,,,"brazil","sao paulo","parque natural municipal borore","parque natural municipal borore",,"locality","brazil_sao paulo_parque natural municipal borore","brazil_sao paulo",-22.2584562,-48.7420254,"state","767364","4103385415",,,"CC_BY_NC_4_0","iNaturalist.org","https://www.inaturalist.org/observations/158868925","zedenil",,,,,,"https://www.inaturalist.org/observations/158868925",,,,,,,,,,,,,,,"PRESENT",,,,,,,,,,,,,,,,,,,,,,"09:17:24-03:00","121","121",,,,,,,,,"SOUTH_AMERICA",,,,,,,,,,"203",,,,,,,,,,,,,,,,,,,,,,,,,,,,,,"357386792",,,,,,"75602",,"3170241",,,,,,,,,,,,,,,,,"Asclepias",,,"curassavica",,,,,,,,"50c9509d-22c7-4a22-a47d-8c48425ef4a7","US","2024-12-16 11:42:04.839",,,,,,"COORDINATE_ROUNDED;CONTINENT_DERIVED_FROM_COORDINATES;TAXON_MATCH_TAXON_ID_IGNORED","StillImage",TRUE,FALSE,"3170241","3170241","6","7707728","220","412","6701","3170229",,"3170241","Asclepias curassavica","Asclepias curassavica",,"DWC_ARCHIVE","2024-12-16 11:42:04.839","2024-12-15 18:55:26.086",TRUE,,"null",FALSE,"LATIN_AMERICA","NORTH_AMERICA","BRA","Brazil","BRA.25_1","São Paulo","BRA.25.565_2","São Paulo",,,"NE",,,,,,"EPSG:4326",,,,,,,,,,,,,,,,,,,"brazil_sao paulo","Brazil","São Paulo",,,"gdam","brazil_sao paulo","Brazil","São Paulo",,,"gdam","brazil_sao paulo","Brazil","São Paulo",,,"gdam","check_local.2state","Asclepias curassavica","L.","name_w_authors","Apocynaceae","Asclepias curassavica","L.","species","name accepted","bfo-4517",,,"Asclepias curassavica L.","Asclepias","Apocynaceae","unknown","Asclepias curassavica"
"Begonia maculata","gbif","Observations","158954765","Begonia maculata Raddi","Plantae","Begoniaceae","Begonia","2023","5","1","BR","São Paulo",,"Parque Natural Municipal Bororé","iNaturalist","Tracheophyta","HUMAN_OBSERVATION",,,,,"zedenil","-46.655021","-23.807617","2024-12-04 20:47:55",,"zedenil",,,,,,,,,,,"Magnoliopsida","Cucurbitales",,,,,,,,,"GBIF",,"2023-05-02 00:19:27","Begonia maculata Raddi",,"BR",,"iNaturalist research-grade observations","2023-05-01T13:32:18",,,,,,"ACCEPTED","SPECIES",,,"2023-05-01 13:32:18","Parque Natural Municipal Bororé",,,,,,,,,,,"brazil","sao paulo","parque natural municipal borore","parque natural municipal borore",,"locality","brazil_sao paulo_parque natural municipal borore","brazil_sao paulo",-22.2584562,-48.7420254,"state","787316","4465576816",,,"CC_BY_NC_4_0","iNaturalist.org","https://www.inaturalist.org/observations/158954765","zedenil",,,,,,"https://www.inaturalist.org/observations/158954765",,,,,,,,,,,,,,,"PRESENT",,,,,,,,,,,,,,,,,,,,,,"13:32:18-03:00","121","121",,,,,,,,,"SOUTH_AMERICA",,,,,,,,,,"203",,,,,,,,,,,,,,,,,,,,,,,,,,,,,,"357502832",,,,,,"284651",,"7303475",,,,,,,,,,,,,,,,,"Begonia",,,"maculata",,,,,,,,"50c9509d-22c7-4a22-a47d-8c48425ef4a7","US","2024-12-16 11:42:21.159",,,,,,"COORDINATE_ROUNDED;CONTINENT_DERIVED_FROM_COORDINATES;TAXON_MATCH_TAXON_ID_IGNORED","StillImage",TRUE,FALSE,"7303475","7303475","6","7707728","220","7224005","6638","2874710",,"7303475","Begonia maculata","Begonia maculata",,"DWC_ARCHIVE","2024-12-16 11:42:21.159","2024-12-15 18:55:26.086",TRUE,,"null",FALSE,"LATIN_AMERICA","NORTH_AMERICA","BRA","Brazil","BRA.25_1","São Paulo","BRA.25.565_2","São Paulo",,,"NE",,,,,,"EPSG:4326",,,,,,,,,,,,,,,,,,,"brazil_sao paulo","Brazil","São Paulo",,,"gdam","brazil_sao paulo","Brazil","São Paulo",,,"gdam","brazil_sao paulo","Brazil","São Paulo",,,"gdam","check_local.2state","Begonia maculata","Raddi","name_w_authors","Begoniaceae","Begonia maculata","Raddi","species","name accepted","bfo-5663",,,"Begonia maculata Raddi","Begonia","Begoniaceae","unknown","Begonia maculata"
"Cordyline fruticosa","gbif","Observations","158919304","Cordyline fruticosa (L.) A.Chev.","Plantae","Asparagaceae","Cordyline","2023","5","1","BR","São Paulo",,"Parque Natural Municipal Bororé","iNaturalist","Tracheophyta","HUMAN_OBSERVATION",,,,,"Ana Cristina Almeida","-46.655321","-23.80693","2024-08-31 20:05:08",,"Ana Cristina Almeida",,,,,,,,,,,"Liliopsida","Asparagales",,,,,,,,,"GBIF",,"2023-05-01 23:01:40","Cordyline fruticosa (L.) A.Chev.",,"BR",,"iNaturalist research-grade observations","2023-05-01T13:21",,,,,,"ACCEPTED","SPECIES",,,"2023/05/01 13:21","Parque Natural Municipal Bororé",,,,,,,,,,,"brazil","sao paulo","parque natural municipal borore","parque natural municipal borore",,"locality","brazil_sao paulo_parque natural municipal borore","brazil_sao paulo",-22.2584562,-48.7420254,"state","767323","4103091410",,,"CC_BY_4_0","iNaturalist.org","https://www.inaturalist.org/observations/158919304","Ana Cristina Almeida",,,,,,"https://www.inaturalist.org/observations/158919304",,,,,,,,,,,,,,,"PRESENT",,,,,,,,,,,,,,,,,,,,,,"13:21:00-03:00","121","121",,,,,,,,,"SOUTH_AMERICA",,,,,,,,,,"203",,,,,,,,,,,,,,,,,,,,,,,,,,,,,,"357453490",,,,,,"123572",,"2766278",,,,,,,,,,,,,,,,,"Cordyline",,,"fruticosa",,,,,,,,"50c9509d-22c7-4a22-a47d-8c48425ef4a7","US","2024-12-16 11:42:40.503",,,,,,"CONTINENT_DERIVED_FROM_COORDINATES;TAXON_MATCH_TAXON_ID_IGNORED","StillImage;StillImage",TRUE,FALSE,"2766278","2766278","6","7707728","196","1169","7683","2766216",,"2766278","Cordyline fruticosa","Cordyline fruticosa",,"DWC_ARCHIVE","2024-12-16 11:42:40.503","2024-12-15 18:55:26.086",TRUE,,"null",FALSE,"LATIN_AMERICA","NORTH_AMERICA","BRA","Brazil","BRA.25_1","São Paulo","BRA.25.565_2","São Paulo",,,"LC",,,,,,"EPSG:4326",,,,,,,,,,,,,,,,,,,"brazil_sao paulo","Brazil","São Paulo",,,"gdam","brazil_sao paulo","Brazil","São Paulo",,,"gdam","brazil_sao paulo","Brazil","São Paulo",,,"gdam","check_local.2state","Cordyline fruticosa","(L.) A.Chev.","name_w_authors","Asparagaceae","Cordyline fruticosa","(L.) A.Chev.","species","name accepted","bfo-609357",,,"Cordyline fruticosa (L.) A.Chev.","Cordyline","Asparagaceae","unknown","Cordyline fruticosa"
"Cryptomeria japonica","speciesLink","MACK","2496","Cryptomeria japonica","Plantae","Taxodiaceae","Cryptomeria","2012","04","26","Brasil","SP","São Paulo","Parque Natural Municipal Bororé","UPM",,"PreservedSpecimen",,,"427","japonica","S. Honda","-46.6300010681152","-23.5400009155273","2020-01-20T14:40:53","(Thunb. ex L.f.) D.Don","R. J. F. Garcia","53584","1040",,"2012","07","31",,,,,,,,,,,,,,,"SPLINK","São Paulo","2012-07-31",,,,,,,,,,,,,,,,,,"MACK",,"Honda, S.","1040","2012","Garcia, R.J.F.","2012",,"Honda",,"brazil","sao paulo","sao paulo","parque natural municipal borore",,"locality","brazil_sao paulo_sao paulo","brazil_sao paulo_sao paulo",-23.65041685,-46.64802516,"county",,,,,,,,,,,,,,,,,,,,,,,,,,,,,,,,,,,,,,,,,,,,,,,,,,,,,,,,,,,,,,,,,,,,,,,,,,,,,,,,,,,,,,,,,,,,,,,,,,,,,,,,,,,,,,,,,,,,,,,,,,,,,,,,,,,,,,,,,,,,,,,,,,,,,,,,,,,,,,,,,,,,,,,,,,,,,,,,,,,,,,,,,,,,,,,,,,,,,,,,,,,,,,,,,,,,,,,,,,,,,,,"check_local.2municip.","Cryptomeria japonica","(Thunb. ex L.f.) D.Don","possibly_ok","Cupressaceae","Cryptomeria japonica","(Thunb. ex L.f.) D.Don","species","name accepted","bfo-596703",,,"Cryptomeria japonica (Thunb. ex L.f.) D.Don","Cryptomeria","Cupressaceae","medium","Cryptomeria japonica"
"Cuphea hyssopifolia","gbif","Observations","158920974","Cuphea hyssopifolia Kunth","Plantae","Lythraceae","Cuphea","2023","5","1","BR","São Paulo",,"Parque Natural Municipal Bororé","iNaturalist","Tracheophyta","HUMAN_OBSERVATION",,,,,"zedenil","-46.655021","-23.807617","2023-12-30 15:21:59",,"Marlon Garlet Facco",,,,,,,,,,,"Magnoliopsida","Myrtales",,,,,,,,,"GBIF",,"2023-05-04 12:31:06","Cuphea hyssopifolia Kunth",,"BR",,"iNaturalist research-grade observations","2023-05-01T11:28:12",,,,,,"ACCEPTED","SPECIES",,,"2023-05-01 11:28:12","Parque Natural Municipal Bororé",,,,,,,,,,,"brazil","sao paulo","parque natural municipal borore","parque natural municipal borore",,"locality","brazil_sao paulo_parque natural municipal borore","brazil_sao paulo",-22.2584562,-48.7420254,"state","787674","4507792822",,,"CC_BY_NC_4_0","iNaturalist.org","https://www.inaturalist.org/observations/158920974","zedenil",,,,,,"https://www.inaturalist.org/observations/158920974",,,,,,,,,,,,,,,"PRESENT",,,,,,,,,,,,,,,,,,,,,,"11:28:12-03:00","121","121",,,,,,,,,"SOUTH_AMERICA",,,,,,,,,,"203",,,,,,,,,,,,,,,,,,,,,,,,,,,,,,"358904096",,,,,,"161257",,"3188698",,,,,,,,,,,,,,,,,"Cuphea",,,"hyssopifolia",,,,,,,,"50c9509d-22c7-4a22-a47d-8c48425ef4a7","US","2024-12-16 11:44:00.955",,,,,,"COORDINATE_ROUNDED;CONTINENT_DERIVED_FROM_COORDINATES;TAXON_MATCH_TAXON_ID_IGNORED","StillImage",TRUE,FALSE,"3188698","3188698","6","7707728","220","690","6684","3188676",,"3188698","Cuphea hyssopifolia","Cuphea hyssopifolia",,"DWC_ARCHIVE","2024-12-16 11:44:00.955","2024-12-15 18:55:26.086",TRUE,,"null",FALSE,"LATIN_AMERICA","NORTH_AMERICA","BRA","Brazil","BRA.25_1","São Paulo","BRA.25.565_2","São Paulo",,,"NE",,,,,,"EPSG:4326",,,,,,,,,,,,,,,,,,,"brazil_sao paulo","Brazil","São Paulo",,,"gdam","brazil_sao paulo","Brazil","São Paulo",,,"gdam","brazil_sao paulo","Brazil","São Paulo",,,"gdam","check_local.2state","Cuphea hyssopifolia","Kunth","name_w_authors","Lythraceae","Cuphea hyssopifolia","Kunth","species","name accepted","bfo-116271",,,"Cuphea hyssopifolia Kunth","Cuphea","Lythraceae","unknown","Cuphea hyssopifolia"
"Curculigo capitulata","gbif","Observations","158893276","Curculigo capitulata (Lour.) Kuntze","Plantae","Hypoxidaceae","Curculigo","2023","5","1","BR","São Paulo",,"Parque Natural Municipal Bororé","iNaturalist","Tracheophyta","HUMAN_OBSERVATION",,,,,"zedenil","-46.655021","-23.807617","2024-10-22 21:09:17",,"zedenil",,,,,,,,,,,"Liliopsida","Asparagales",,,,,,,,,"GBIF",,"2024-10-22 21:09:16","Curculigo capitulata (Lour.) Kuntze",,"BR",,"iNaturalist research-grade observations","2023-05-01T10:17:27",,,,,,"ACCEPTED","SPECIES",,,"2023-05-01 10:17:27","Parque Natural Municipal Bororé",,,,,,,,,,,"brazil","sao paulo","parque natural municipal borore","parque natural municipal borore",,"locality","brazil_sao paulo_parque natural municipal borore","brazil_sao paulo",-22.2584562,-48.7420254,"state","767302","4102937411",,,"CC_BY_NC_4_0","iNaturalist.org","https://www.inaturalist.org/observations/158893276","zedenil",,,,,,"https://www.inaturalist.org/observations/158893276",,,,,,,,,,,,,,,"PRESENT",,,,,,,,,,,,,,,,,,,,,,"10:17:27-03:00","121","121",,,,,,,,,"SOUTH_AMERICA",,,,,,,,,,"203",,,,,,,,,,,,,,,,,,,,,,,,,,,,,,"555513225",,,,,,"1476503",,"2852556",,,,,,,,,,,,,,,,,"Curculigo",,,"capitulata",,,,,,,,"50c9509d-22c7-4a22-a47d-8c48425ef4a7","US","2024-12-16 11:41:49.353",,,,,,"COORDINATE_ROUNDED;CONTINENT_DERIVED_FROM_COORDINATES;TAXON_MATCH_TAXON_ID_IGNORED","StillImage",TRUE,FALSE,"2852556","2852556","6","7707728","196","1169","7686","2740352",,"2852556","Curculigo capitulata","Curculigo capitulata",,"DWC_ARCHIVE","2024-12-16 11:41:49.353","2024-12-15 18:55:26.086",TRUE,,"null",FALSE,"LATIN_AMERICA","NORTH_AMERICA","BRA","Brazil","BRA.25_1","São Paulo","BRA.25.565_2","São Paulo",,,"NE",,,,,,"EPSG:4326",,,,,,,,,,,,,,,,,,,"brazil_sao paulo","Brazil","São Paulo",,,"gdam","brazil_sao paulo","Brazil","São Paulo",,,"gdam","brazil_sao paulo","Brazil","São Paulo",,,"gdam","check_local.2state","Curculigo capitulata","(Lour.) Kuntze","name_w_authors","Hypoxidaceae","Curculigo capitulata","(Lour.) Kuntze","species","name accepted","bfo-633060",,,"Curculigo capitulata (Lour.) Kuntze","Curculigo","Hypoxidaceae","unknown","Curculigo capitulata"
"Endlicheria paniculata","speciesLink","HUFABC","002359","Endlicheria paniculata","Plantae","Lauraceae","Endlicheria","2019","10","01","Brasil","SP","São Paulo","Parque Natural Municipal Bororé","UFABC",,"PreservedSpecimen","0","0","634","paniculata","Amaral, GB","-46.630001","-23.540001","2024-07-05T09:52:14","(Spreng.) J.F.Macbr.","Barretto, EHP","53584","s.n.","HUFABC002359","2019","11","30",,,"<nO>árvore, fruto negros.</nO>",,,,,,,,,,,,"SPLINK","São Paulo","2019-11-30",,,,,,,,,,,,,,,,,,"HUFABC",,"Amaral, G.B.","s.n.","2019","Barretto, E.H.P.","2019",,"Amaral",,"brazil","sao paulo","sao paulo","parque natural municipal borore",,"locality","brazil_sao paulo_sao paulo","brazil_sao paulo_sao paulo",-23.65041685,-46.64802516,"county",,,,,,,,,,,,,,,,,,,,,,,,,,,,,,,,,,,,,,,,,,,,,,,,,,,,,,,,,,,,,,,,,,,,,,,,,,,,,,,,,,,,,,,,,,,,,,,,,,,,,,,,,,,,,,,,,,,,,,,,,,,,,,,,,,,,,,,,,,,,,,,,,,,,,,,,,,,,,,,,,,,,,,,,,,,,,,,,,,,,,,,,,,,,,,,,,,,,,,,,,,,,,,,,,,,,,,,,,,,,,,,"check_local.2municip.","Endlicheria paniculata","(Spreng.) J.F.Macbr.","possibly_ok","Lauraceae","Endlicheria paniculata","(Spreng.) J.F.Macbr.","species","name accepted","bfo-8417",,,"Endlicheria paniculata (Spreng.) J.F.Macbr.","Endlicheria","Lauraceae","medium","Endlicheria paniculata"
"Hatiora salicornioides","gbif","Observations","158948527","Hatiora salicornoides (Haw.) Britton & Rose","Plantae","Cactaceae","Hatiora","2023","5","1","BR","São Paulo",,"Parque Natural Municipal Bororé","iNaturalist","Tracheophyta","HUMAN_OBSERVATION",,,,,"zedenil","-46.655021","-23.807617","2023-12-27 15:33:11",,"zedenil",,,,,,,,,,,"Magnoliopsida","Caryophyllales",,,,,,,,,"GBIF",,"2023-05-02 00:06:07","Hatiora salicornoides (Haw.) Britton & Rose",,"BR",,"iNaturalist research-grade observations","2023-05-01T13:13:46",,,,,,"ACCEPTED","SPECIES",,,"2023-05-01 13:13:46","Parque Natural Municipal Bororé",,,,,,,,,,,"brazil","sao paulo","parque natural municipal borore","parque natural municipal borore",,"locality","brazil_sao paulo_parque natural municipal borore","brazil_sao paulo",-22.2584562,-48.7420254,"state","767299","4102922414",,,"CC_BY_NC_4_0","iNaturalist.org","https://www.inaturalist.org/observations/158948527","zedenil",,,,,,"https://www.inaturalist.org/observations/158948527",,,,,,,,,,,,,,,"PRESENT",,,,,,,,,,,,,,,,,,,,,,"13:13:46-03:00","121","121",,,,,,,,,"SOUTH_AMERICA",,,,,,,,,,"203",,,,,,,,,,,,,,,,,,,,,,,,,,,,,,"357494484",,,,,,"1453005",,"12218755",,,,,,,,,,,,,,,,,"Hatiora",,,"salicornoides",,,,,,,,"50c9509d-22c7-4a22-a47d-8c48425ef4a7","US","2024-12-16 11:44:17.937",,,,,,"COORDINATE_ROUNDED;CONTINENT_DERIVED_FROM_COORDINATES;TAXON_MATCH_TAXON_ID_IGNORED","StillImage",TRUE,FALSE,"12218755","12218755","6","7707728","220","422","2519","7959973",,"12218755","Hatiora salicornoides","Hatiora salicornoides",,"DWC_ARCHIVE","2024-12-16 11:44:17.937","2024-12-15 18:55:26.086",TRUE,,"null",FALSE,"LATIN_AMERICA","NORTH_AMERICA","BRA","Brazil","BRA.25_1","São Paulo","BRA.25.565_2","São Paulo",,,"NE",,,,,,"EPSG:4326",,,,,,,,,,,,,,,,,,,"brazil_sao paulo","Brazil","São Paulo",,,"gdam","brazil_sao paulo","Brazil","São Paulo",,,"gdam","brazil_sao paulo","Brazil","São Paulo",,,"gdam","check_local.2state","Hatiora salicornioides","(Haw.) Britton & Rose","name_w_authors","Cactaceae","Hatiora salicornioides","(Haw.) Britton & Rose","species","replaced orth. variant","bfo-1547","Hatiora salicornioides","(Haw.) Britton & Rose","Hatiora salicornioides (Haw.) Britton & Rose","Hatiora","Cactaceae","unknown","Hatiora salicornioides"
"Hedychium coronarium","gbif","Observations","158968073","Hedychium coronarium J.Koenig","Plantae","Zingiberaceae","Hedychium","2023","5","1","BR","São Paulo",,"Parque Natural Municipal Bororé","iNaturalist","Tracheophyta","HUMAN_OBSERVATION",,,,,"zedenil","-46.655021","-23.807617","2023-05-03 17:45:49",,"zedenil",,,,,,,,,,,"Liliopsida","Zingiberales",,,,,,,,,"GBIF",,"2023-05-02 00:49:21","Hedychium coronarium J.Koenig",,"BR",,"iNaturalist research-grade observations","2023-05-01T13:44:44",,,,,,"ACCEPTED","SPECIES",,,"2023-05-01 13:44:44","Parque Natural Municipal Bororé",,,,,,,,,,,"brazil","sao paulo","parque natural municipal borore","parque natural municipal borore",,"locality","brazil_sao paulo_parque natural municipal borore","brazil_sao paulo",-22.2584562,-48.7420254,"state","767374","4103479427",,,"CC_BY_NC_4_0","iNaturalist.org","https://www.inaturalist.org/observations/158968073","zedenil",,,,,,"https://www.inaturalist.org/observations/158968073",,,,,,,,,,,,,,,"PRESENT",,,,,,,,,,,,,,,,,,,,,,"13:44:44-03:00","121","121",,,,,,,,,"SOUTH_AMERICA",,,,,,,,,,"203",,,,,,,,,,,,,,,,,,,,,,,,,,,,,,"357521780",,,,,,"143955",,"7883492",,,,,,,,,,,,,,,,,"Hedychium",,,"coronarium",,,,,,,,"50c9509d-22c7-4a22-a47d-8c48425ef4a7","US","2024-12-16 12:13:44.313",,,,,,"COORDINATE_ROUNDED;CONTINENT_DERIVED_FROM_COORDINATES;TAXON_MATCH_TAXON_ID_IGNORED","StillImage;StillImage",TRUE,FALSE,"7883492","7883492","6","7707728","196","627","4687","2758595",,"7883492","Hedychium coronarium","Hedychium coronarium",,"DWC_ARCHIVE","2024-12-16 12:13:44.313","2024-12-15 18:55:26.086",TRUE,,"null",FALSE,"LATIN_AMERICA","NORTH_AMERICA","BRA","Brazil","BRA.25_1","São Paulo","BRA.25.565_2","São Paulo",,,"DD",,,,,,"EPSG:4326",,,,,,,,,,,,,,,,,,,"brazil_sao paulo","Brazil","São Paulo",,,"gdam","brazil_sao paulo","Brazil","São Paulo",,,"gdam","brazil_sao paulo","Brazil","São Paulo",,,"gdam","check_local.2state","Hedychium coronarium","J.Koenig","name_w_authors","Zingiberaceae","Hedychium coronarium","J.Koenig","species","name accepted","bfo-110705",,,"Hedychium coronarium J.Koenig","Hedychium","Zingiberaceae","unknown","Hedychium coronarium"
"Heliconia rostrata","gbif","Observations","158732530","Heliconia rostrata Ruiz & Pav.","Plantae","Heliconiaceae","Heliconia","2023","5","1","BR","São Paulo",,"Parque Natural Municipal Bororé","iNaturalist","Tracheophyta","HUMAN_OBSERVATION",,,,,"Ana Cristina Almeida","-46.655321","-23.80693","2024-08-31 20:05:08",,"Ana Cristina Almeida",,,,,,,,,,,"Liliopsida","Zingiberales",,,,,,,,,"GBIF",,"2023-05-01 17:09:05","Heliconia rostrata Ruiz & Pav.",,"BR",,"iNaturalist research-grade observations","2023-05-01T13:08:21",,,,,,"ACCEPTED","SPECIES",,,"2023-05-01 13:08:21","Parque Natural Municipal Bororé",,,,,,,,,,,"brazil","sao paulo","parque natural municipal borore","parque natural municipal borore",,"locality","brazil_sao paulo_parque natural municipal borore","brazil_sao paulo",-22.2584562,-48.7420254,"state","767519","4111593681",,,"CC_BY_4_0","iNaturalist.org","https://www.inaturalist.org/observations/158732530","Ana Cristina Almeida",,,,,,"https://www.inaturalist.org/observations/158732530",,,,,,,,,,,,,,,"PRESENT",,,,,,,,,,,,,,,,,,,,,,"13:08:21-03:00","121","121",,,,,,,,,"SOUTH_AMERICA",,,,,,,,,,"203",,,,,,,,,,,,,,,,,,,,,,,,,,,,,,"357199989",,,,,,"123960",,"2760967",,,,,,,,,,,,,,,,,"Heliconia",,,"rostrata",,,,,,,,"50c9509d-22c7-4a22-a47d-8c48425ef4a7","US","2024-12-16 12:19:00.927",,,,,,"CONTINENT_DERIVED_FROM_COORDINATES;TAXON_MATCH_TAXON_ID_IGNORED","StillImage;StillImage",TRUE,FALSE,"2760967","2760967","6","7707728","196","627","4677","2760545",,"2760967","Heliconia rostrata","Heliconia rostrata",,"DWC_ARCHIVE","2024-12-16 12:19:00.927","2024-12-15 18:55:26.086",TRUE,,"null",FALSE,"LATIN_AMERICA","NORTH_AMERICA","BRA","Brazil","BRA.25_1","São Paulo","BRA.25.565_2","São Paulo",,,"NE",,,,,,"EPSG:4326",,,,,,,,,,,,,,,,,,,"brazil_sao paulo","Brazil","São Paulo",,,"gdam","brazil_sao paulo","Brazil","São Paulo",,,"gdam","brazil_sao paulo","Brazil","São Paulo",,,"gdam","check_local.2state","Heliconia rostrata","Ruiz & Pav.","name_w_authors","Heliconiaceae","Heliconia rostrata","Ruiz & Pav.","species","name accepted","bfo-23284",,,"Heliconia rostrata Ruiz & Pav.","Heliconia","Heliconiaceae","unknown","Heliconia rostrata"
"Hypoxis decumbens","gbif","Observations","158866299","Hypoxis decumbens L.","Plantae","Hypoxidaceae","Hypoxis","2023","5","1","BR","São Paulo",,"Parque Natural Municipal Bororé","iNaturalist","Tracheophyta","HUMAN_OBSERVATION",,,,,"zedenil","-46.655021","-23.807617","2023-05-18 17:49:20",,"zedenil",,,,,,,,,,,"Liliopsida","Asparagales",,,,,,,,,"GBIF",,"2023-05-01 21:18:32","Hypoxis decumbens L.",,"BR",,"iNaturalist research-grade observations","2023-05-01T09:13:51",,,,,,"ACCEPTED","SPECIES",,,"2023-05-01 09:13:51","Parque Natural Municipal Bororé",,,,,,,,,,,"brazil","sao paulo","parque natural municipal borore","parque natural municipal borore",,"locality","brazil_sao paulo_parque natural municipal borore","brazil_sao paulo",-22.2584562,-48.7420254,"state","767875","4121110629",,,"CC_BY_NC_4_0","iNaturalist.org","https://www.inaturalist.org/observations/158866299","zedenil",,,,,,"https://www.inaturalist.org/observations/158866299",,,,,,,,,,,,,,,"PRESENT",,,,,,,,,,,,,,,,,,,,,,"09:13:51-03:00","121","121",,,,,,,,,"SOUTH_AMERICA",,,,,,,,,,"203",,,,,,,,,,,,,,,,,,,,,,,,,,,,,,"357383149",,,,,,"283656",,"2852807",,,,,,,,,,,,,,,,,"Hypoxis",,,"decumbens",,,,,,,,"50c9509d-22c7-4a22-a47d-8c48425ef4a7","US","2024-12-16 11:44:01.849",,,,,,"COORDINATE_ROUNDED;CONTINENT_DERIVED_FROM_COORDINATES;TAXON_MATCH_TAXON_ID_IGNORED","StillImage",TRUE,FALSE,"2852807","2852807","6","7707728","196","1169","7686","2740390",,"2852807","Hypoxis decumbens","Hypoxis decumbens",,"DWC_ARCHIVE","2024-12-16 11:44:01.849","2024-12-15 18:55:26.086",TRUE,,"null",FALSE,"LATIN_AMERICA","NORTH_AMERICA","BRA","Brazil","BRA.25_1","São Paulo","BRA.25.565_2","São Paulo",,,"NE",,,,,,"EPSG:4326",,,,,,,,,,,,,,,,,,,"brazil_sao paulo","Brazil","São Paulo",,,"gdam","brazil_sao paulo","Brazil","São Paulo",,,"gdam","brazil_sao paulo","Brazil","São Paulo",,,"gdam","check_local.2state","Hypoxis decumbens","L.","name_w_authors","Hypoxidaceae","Hypoxis decumbens","L.","species","name accepted","bfo-8021",,,"Hypoxis decumbens L.","Hypoxis","Hypoxidaceae","unknown","Hypoxis decumbens"
"Impatiens walleriana","gbif","Observations","159014618","Impatiens walleriana Hook.fil.","Plantae","Balsaminaceae","Impatiens","2023","5","1","BR","São Paulo",,"Parque Natural Municipal Bororé","iNaturalist","Tracheophyta","HUMAN_OBSERVATION",,,,,"alvesjp_biousp","-46.655021","-23.807617","2023-05-09 12:50:04",,"alvesjp_biousp",,,,,,,,,,,"Magnoliopsida","Ericales",,,,,,,,,"GBIF",,"2023-05-02 02:26:30","Impatiens walleriana Hook.fil.",,"BR",,"iNaturalist research-grade observations","2023-05-01T08:38:18",,,,,,"ACCEPTED","SPECIES",,,"2023-05-01 08:38:18","Parque Natural Municipal Bororé",,,,,,,,,,,"brazil","sao paulo","parque natural municipal borore","parque natural municipal borore",,"locality","brazil_sao paulo_parque natural municipal borore","brazil_sao paulo",-22.2584562,-48.7420254,"state","767518","4111585742",,,"CC_BY_NC_4_0","iNaturalist.org","https://www.inaturalist.org/observations/159014618","alvesjp_biousp",,,,,,"https://www.inaturalist.org/observations/159014618",,,,,,,,,,,,,,,"PRESENT",,,,,,,,,,,,,,,,,,,,,,"08:38:18-03:00","121","121",,,,,,,,,"SOUTH_AMERICA",,,,,,,,,,"203",,,,,,,,,,,,,,,,,,,,,,,,,,,,,,"357586406",,,,,,"68185",,"2891772",,,,,,,,,,,,,,,,,"Impatiens",,,"walleriana",,,,,,,,"50c9509d-22c7-4a22-a47d-8c48425ef4a7","US","2024-12-16 11:44:16.466",,,,,,"COORDINATE_ROUNDED;CONTINENT_DERIVED_FROM_COORDINATES;TAXON_MATCH_TAXON_ID_IGNORED","StillImage",TRUE,FALSE,"2891772","2891772","6","7707728","220","1353","6699","2891766",,"2891772","Impatiens walleriana","Impatiens walleriana",,"DWC_ARCHIVE","2024-12-16 11:44:16.466","2024-12-15 18:55:26.086",TRUE,,"null",FALSE,"LATIN_AMERICA","NORTH_AMERICA","BRA","Brazil","BRA.25_1","São Paulo","BRA.25.565_2","São Paulo",,,"NE",,,,,,"EPSG:4326",,,,,,,,,,,,,,,,,,,"brazil_sao paulo","Brazil","São Paulo",,,"gdam","brazil_sao paulo","Brazil","São Paulo",,,"gdam","brazil_sao paulo","Brazil","São Paulo",,,"gdam","check_local.2state","Impatiens walleriana","Hook.f.","name_w_authors","Balsaminaceae","Impatiens walleriana","Hook.f.","species","author misspelled","bfo-130841",,,"Impatiens walleriana Hook.f.","Impatiens","Balsaminaceae","unknown","Impatiens walleriana"
"Marsypianthes chamaedrys","gbif","PEL","PEL00004776","Marsypianthes chamaedrys (Vahl) Kuntze","Plantae","Lamiaceae","Marsypianthes","2012","4","26","Brasil","São Paulo",,"Parque Natural Municipal Bororé, Ponto 36 = 31 da trilha próxima à futura sede","PEL","Tracheophyta","PRESERVED_SPECIMEN",,,,,"S. Honda;F.G. Pereira,P.S.P. Lobão",,,,"(Vahl) Kuntze","S. Honda",,"1061",,,,,,,"Gramada adjacente ao bosque do pau-brasil. Erva formando moita, 0,6m alt. Flor lilás. fruto verde a marrom.",,"Magnoliopsida","Lamiales",,,,,,,,,"GBIF","São Paulo",,"Marsypianthes chamaedrys (Vahl) Kuntze","Herbário Virtual REFLORA Disponível em: http://herbariovirtualreflora.jbrj.gov.br/reflora/herbarioVirtual/ConsultaPublicoHVUC/ConsultaPublicoHVUC.do?idTestemunho=6568342","BR",,,"2012-04-26",,,,,,"ACCEPTED","SPECIES",,,"2012-04-26",,,,,,,,,,,,"brazil","sao paulo","sao paulo","parque natural municipal borore",,"locality","brazil_sao paulo_sao paulo","brazil_sao paulo_sao paulo",-23.65041685,-46.64802516,"county","907401","4999698059",,"pt","CC_BY_4_0","Instituto de Pesquisas Jardim Botanico do Rio de Janeiro",,"PEL","92.242.080/0001-00",,,,,"6568342",,,,,,,,,,,,,,,"PRESENT",,,,,,,"PEL 26941",,,,,,,,,,,,,,,,"117","117",,,,,,,,,"SOUTH_AMERICA",,,,,,,,,,,,,,,,,,,,,,,,,,,,,,,,,,,,,,,,,,,,,,,,"2926970",,,,,,,,,,,,,,,,,"Marsypianthes",,,"chamaedrys",,,,,,,,"f15facfb-b1da-4fdd-b4cb-94a850ee6b0b","BR","2025-01-01 14:40:10.775",,,,,,"IDENTIFIED_DATE_INVALID;CONTINENT_DERIVED_FROM_COUNTRY;INSTITUTION_MATCH_FUZZY;COLLECTION_MATCH_FUZZY",,FALSE,FALSE,"2926970","2926970","6","7707728","220","408","2497","2926969",,"2926970","Marsypianthes chamaedrys","Marsypianthes chamaedrys (Vahl) Kuntze",,"EML","2025-01-01 14:40:10.775","2025-01-01 12:04:53.42",FALSE,,"null",FALSE,"LATIN_AMERICA","LATIN_AMERICA",,,,,,,,,"NE","jbrj-public.s3-sa-east-1.amazonaws.com/fsi/server?type=image&source=DZI/pel/pel/0/0/47/76/pel00004776.dzi",,,,,,,,,,,,,,,,,,,,,,,,"brazil_sao paulo_sao paulo","Brazil","São Paulo","São Paulo",,"ibge","brazil_sao paulo_sao paulo","Brazil","São Paulo","São Paulo",,"ibge","brazil_sao paulo_sao paulo","Brazil","São Paulo","São Paulo",,"ibge","check_local.2municip.","Marsypianthes chamaedrys","(Vahl) Kuntze","name_w_authors","Lamiaceae","Marsypianthes chamaedrys","(Vahl) Kuntze","species","name accepted","bfo-8272",,,"Marsypianthes chamaedrys (Vahl) Kuntze","Marsypianthes","Lamiaceae","unknown","Marsypianthes chamaedrys"
"Mesosphaerum","gbif","PEL","PEL00004799","Mesosphaerum P.Browne","Plantae","Lamiaceae","Mesosphaerum","2012","4","26","Brasil","São Paulo",,"Parque Natural Municipal Bororé, Ponto 31 da trilha próxima à futura sede. Bosque do pau-brasil","PEL","Tracheophyta","PRESERVED_SPECIMEN",,,,,"S. Honda;F.G. Pereira,P.S.P. Lobão",,,,"(L'Hér.) Harley & J.F.B.Pastore","http://floradobrasil.jbrj.gov.br",,"1041",,,,,,,"Erva, 0,8m alt. Flor lilás, fracamente aromática. Foto.",,"Magnoliopsida","Lamiales",,,,,,,,,"GBIF","São Paulo","2017-03-24","Mesosphaerum P.Browne","Herbário Virtual REFLORA Disponível em: http://herbariovirtualreflora.jbrj.gov.br/reflora/herbarioVirtual/ConsultaPublicoHVUC/ConsultaPublicoHVUC.do?idTestemunho=6568365","BR",,,"2012-04-26",,,,,,"ACCEPTED","GENUS",,,"2012-04-26",,,,,,,,,,,,"brazil","sao paulo","sao paulo","parque natural municipal borore",,"locality","brazil_sao paulo_sao paulo","brazil_sao paulo_sao paulo",-23.65041685,-46.64802516,"county","907406","4999698150",,"pt","CC_BY_4_0","Instituto de Pesquisas Jardim Botanico do Rio de Janeiro",,"PEL","92.242.080/0001-00",,,,,"6568365",,,,,,,,,,,,,,,"PRESENT",,,,,,,"PEL 26938",,,,,,,,,,,,,,,,"117","117",,,,,,,,,"SOUTH_AMERICA",,,,,,,,,,,,,,,,,,,,,,,,,,,,,,,,,,,,,,,,,,,,,,,,"7307350",,,,,,,,,,,,,,,,,"Mesosphaerum",,,,,,,,,,,"f15facfb-b1da-4fdd-b4cb-94a850ee6b0b","BR","2025-01-01 14:40:10.801",,,,,,"CONTINENT_DERIVED_FROM_COUNTRY;TAXON_MATCH_HIGHERRANK;INSTITUTION_MATCH_FUZZY;COLLECTION_MATCH_FUZZY",,FALSE,FALSE,"7307350","7307350","6","7707728","220","408","2497","7307350",,,,"mesosphaerum sidifolium (l'hér.) harley & j.f.b.pastore",,"EML","2025-01-01 14:40:10.801","2025-01-01 12:04:53.42",FALSE,,"null",FALSE,"LATIN_AMERICA","LATIN_AMERICA",,,,,,,,,"NE","jbrj-public.s3-sa-east-1.amazonaws.com/fsi/server?type=image&source=DZI/pel/pel/0/0/47/99/pel00004799.dzi",,,,,,,,,,,,,,,,,,,,,,,,"brazil_sao paulo_sao paulo","Brazil","São Paulo","São Paulo",,"ibge","brazil_sao paulo_sao paulo","Brazil","São Paulo","São Paulo",,"ibge","brazil_sao paulo_sao paulo","Brazil","São Paulo","São Paulo",,"ibge","check_local.2municip.","Mesosphaerum","P.Browne","name_w_authors","Lamiaceae","Mesosphaerum","P.Browne","genus","name accepted","bfo-59202",,,"Mesosphaerum P.Browne","Mesosphaerum","Lamiaceae","unknown",
"Mikania buddleiaefolia","gbif","HUEFS","264320","Mikania buddleiaefolia DC.","Plantae","Asteraceae","Mikania","2018","9","25","Brasil","São Paulo",,"Parque Natural Municipal Bororé.","UEFS","Tracheophyta","PRESERVED_SPECIMEN",,,"https://specieslink.net/col/204",,"Granato, L.",,,"2024-10-29 07:17:34","DC.","S.J.de Sordi",,"174",,,,,,,,,"Magnoliopsida","Asterales",,,,,,,,,"GBIF","São Paulo","2021-06-01","Mikania buddleiaefolia DC.",,"BR",,,"2018-09-25",,,,,,"ACCEPTED","SPECIES",,,,,,,,,,,,,,,"brazil","sao paulo","sao paulo","parque natural municipal borore",,"locality","brazil_sao paulo_sao paulo","brazil_sao paulo_sao paulo",-23.65041685,-46.64802516,"county","814314","4928883468",,,"CC_BY_4_0","Universidade Estadual de Feira de Santana","https://specieslink.net/guid/204/264320","Herbario da Universidade Estadual de Feira de Santana",,"Universidade Estadual de Feira de Santana",,,,"https://specieslink.net/guid/204/264320",,,,,,,,,,,"native",,,,"PRESENT",,,,,,,,,,,,,,,,,,,,,,,"268","268",,,,,,,,,"SOUTH_AMERICA",,,,,,,,,,,,,,,,,,,,,,,,,,,,,,,,,,,,,,,,,,,,,,,,"5398591",,,,,,,,,,,,,,,,,"Mikania",,,"buddleiaefolia",,,,,,,,"2e684fd6-09e2-4661-910a-0a188b610c04","BR","2025-01-05 14:48:21.445",,,,,,"CONTINENT_DERIVED_FROM_COUNTRY;INSTITUTION_MATCH_FUZZY;DIFFERENT_OWNER_INSTITUTION;INSTITUTION_COLLECTION_MISMATCH",,FALSE,FALSE,"5398591","5398591","6","7707728","220","414","3065","7722389",,"5398591","Mikania buddleiaefolia","Mikania buddleiaefolia",,"EML","2025-01-05 14:48:21.445","2025-01-05 14:41:43.196",FALSE,,"null",FALSE,"LATIN_AMERICA","LATIN_AMERICA",,,,,,,,,"NE","https://images.cria.org.br/viewer/HUEFS0264320",,,,,"WGS84",,,,,,,,,,,,,,,,,,,"brazil_sao paulo_sao paulo","Brazil","São Paulo","São Paulo",,"ibge","brazil_sao paulo_sao paulo","Brazil","São Paulo","São Paulo",,"ibge","brazil_sao paulo_sao paulo","Brazil","São Paulo","São Paulo",,"ibge","check_local.2municip.","Mikania buddleiaefolia","DC.","name_w_authors","Asteraceae","Mikania buddleiaefolia","DC.","species","name accepted","bfo-5354",,,"Mikania buddleiaefolia DC.","Mikania","Asteraceae","unknown","Mikania buddleiaefolia"
"Monstera deliciosa","gbif","Observations","158913714","Monstera deliciosa Liebm.","Plantae","Araceae","Monstera","2023","5","1","BR","São Paulo",,"Parque Natural Municipal Bororé","iNaturalist","Tracheophyta","HUMAN_OBSERVATION",,,,,"zedenil","-46.655021","-23.807617","2023-05-01 23:09:30",,"zedenil",,,,,,,,,,,"Liliopsida","Alismatales",,,,,,,,,"GBIF",,"2023-05-01 22:49:29","Monstera deliciosa Liebm.",,"BR",,"iNaturalist research-grade observations","2023-05-01T11:06:21",,,,,,"ACCEPTED","SPECIES",,,"2023-05-01 11:06:21","Parque Natural Municipal Bororé",,,,,,,,,,,"brazil","sao paulo","parque natural municipal borore","parque natural municipal borore",,"locality","brazil_sao paulo_parque natural municipal borore","brazil_sao paulo",-22.2584562,-48.7420254,"state","767309","4102989488",,,"CC_BY_NC_4_0","iNaturalist.org","https://www.inaturalist.org/observations/158913714","zedenil",,,,,,"https://www.inaturalist.org/observations/158913714",,,,,,,,,,,,,,,"PRESENT",,,,,,,,,,,,,,,,,,,,,,"11:06:21-03:00","121","121",,,,,,,,,"SOUTH_AMERICA",,,,,,,,,,"203",,,,,,,,,,,,,,,,,,,,,,,,,,,,,,"357445764",,,,,,"122521",,"2868241",,,,,,,,,,,,,,,,,"Monstera",,,"deliciosa",,,,,,,,"50c9509d-22c7-4a22-a47d-8c48425ef4a7","US","2024-12-16 12:19:46.445",,,,,,"COORDINATE_ROUNDED;CONTINENT_DERIVED_FROM_COORDINATES;TAXON_MATCH_TAXON_ID_IGNORED","StillImage",TRUE,FALSE,"2868241","2868241","6","7707728","196","551","6979","2868125",,"2868241","Monstera deliciosa","Monstera deliciosa",,"DWC_ARCHIVE","2024-12-16 12:19:46.445","2024-12-15 18:55:26.086",TRUE,,"null",FALSE,"LATIN_AMERICA","NORTH_AMERICA","BRA","Brazil","BRA.25_1","São Paulo","BRA.25.565_2","São Paulo",,,"NE",,,,,,"EPSG:4326",,,,,,,,,,,,,,,,,,,"brazil_sao paulo","Brazil","São Paulo",,,"gdam","brazil_sao paulo","Brazil","São Paulo",,,"gdam","brazil_sao paulo","Brazil","São Paulo",,,"gdam","check_local.2state","Monstera deliciosa","Liebm.","name_w_authors","Araceae","Monstera deliciosa","Liebm.","species","name accepted","bfo-609327",,,"Monstera deliciosa Liebm.","Monstera","Araceae","unknown","Monstera deliciosa"
"Pera glabrata","gbif","UFG","61640","Pera glabrata (Schott) Poepp. ex Baill.","Plantae","Peraceae","Pera","2014","1","8","Brasil","São Paulo",,"Parque Natural Municipal Bororé","UFG","Tracheophyta","PRESERVED_SPECIMEN",,,,,"Garcia, R.J.F.; Barretto, E.H.P.",,,"2024-09-04 19:49:04","(Schott) Baill.","Barreto, E.H.P.",,"3700",,,,,,,"Árvore, 16,0 m alt, botões verdes.",,"Magnoliopsida","Malpighiales",,,,,,,,,"GBIF","São Paulo","2014-01-01","Pera glabrata (Schott) Poepp. ex Baill.",,"BR",,"UFG - Herbário da Universidade Federal de Goiás","2014-01-08",,,,,,"ACCEPTED","SPECIES","Collection",,,,,,,,,,,,,,"brazil","sao paulo","sao paulo","parque natural municipal borore",,"locality","brazil_sao paulo_sao paulo","brazil_sao paulo_sao paulo",-23.65041685,-46.64802516,"county","682301","3414168526",,"pt","CC_BY_NC_4_0","Universidade Federal de Goiás",,"UFG - Herbário da Universidade Federal de Goiás",,"Universidade Federal de Goiás",,,,"BRA:UFG:UFG:61640",,,,,,,,,,,,,,,"PRESENT",,,,,,,,,,,,,,,,,,,,,,,"8","8",,,,,,,,,"SOUTH_AMERICA",,,,,,,,,,,,,,,,,,,,,,,,,,,,,,,,,,,,,,,,,,,,,,,,"6045891",,,,,,,,,,,,,,,,,"Pera",,,"glabrata",,,,,,,,"0bcbd3a8-f22e-4350-a19d-a94fe6ca9738","BR","2025-01-03 11:56:01.148","0","0",,,,"CONTINENT_DERIVED_FROM_COUNTRY;INSTITUTION_MATCH_FUZZY;COLLECTION_MATCH_FUZZY",,FALSE,FALSE,"6045891","6045891","6","7707728","220","1414","4896765","3231319",,"6045891","Pera glabrata","Pera glabrata",,"EML","2025-01-03 11:56:01.148","2025-01-03 11:54:57.652",FALSE,,"null",FALSE,"LATIN_AMERICA","LATIN_AMERICA",,,,,,,,,"LC",,"0","0",,,,,,,,,,,,,,,,,,,,,,"brazil_sao paulo_sao paulo","Brazil","São Paulo","São Paulo",,"ibge","brazil_sao paulo_sao paulo","Brazil","São Paulo","São Paulo",,"ibge","brazil_sao paulo_sao paulo","Brazil","São Paulo","São Paulo",,"ibge","check_local.2municip.","Pera glabrata","(Schott) Baill.","name_w_authors","Peraceae","Pera glabrata","(Schott) Baill.","species","author misspelled","bfo-17629",,,"Pera glabrata (Schott) Baill.","Pera","Peraceae","unknown","Pera glabrata"
"Pharus lappulaceus","gbif","UFG","61840","Pharus lappulaceus Aubl.","Plantae","Poaceae","Pharus","2012","4","26","Brasil","São Paulo",,"Parque Natural Municipal Bororé","UFG","Tracheophyta","PRESERVED_SPECIMEN",,,,,"Haonda, S.; et al.",,,"2024-09-04 19:49:12","Aubl.","Garcia, R.J.F.; Honda, S.",,"1059",,,,,,,"Erva entouceirada, 0,5 metros de altura. Frutos pegajosos.",,"Liliopsida","Poales",,,,,,,,,"GBIF","São Paulo","2012-05-10","Pharus lappulaceus Aubl.",,"BR",,"UFG - Herbário da Universidade Federal de Goiás","2012-04-26",,,,,,"ACCEPTED","SPECIES","Collection",,,,,,,,,,,,,,"brazil","sao paulo","sao paulo","parque natural municipal borore",,"locality","brazil_sao paulo_sao paulo","brazil_sao paulo_sao paulo",-23.65041685,-46.64802516,"county","412955","2412642398",,"pt","CC_BY_NC_4_0","Universidade Federal de Goiás",,"UFG - Herbário da Universidade Federal de Goiás",,"Universidade Federal de Goiás",,,,"BRA:UFG:UFG:61840",,,,,,,,,,,,,,,"PRESENT",,,,,,,,,,,,,,,,,,,,,,,"117","117",,,,,,,,,"SOUTH_AMERICA",,,,,,,,,,,,,,,,,,,,,,,,,,,,,,,,,,,,,,,,,,,,,,,,"5289841",,,,,,,,,,,,,,,,,"Pharus",,,"lappulaceus",,,,,,,,"0bcbd3a8-f22e-4350-a19d-a94fe6ca9738","BR","2025-01-03 11:56:05.155","0","0",,,,"CONTINENT_DERIVED_FROM_COUNTRY;INSTITUTION_MATCH_FUZZY;COLLECTION_MATCH_FUZZY",,FALSE,FALSE,"5289841","5289841","6","7707728","196","1369","3073","2703636",,"5289841","Pharus lappulaceus","Pharus lappulaceus",,"EML","2025-01-03 11:56:05.155","2025-01-03 11:54:57.652",FALSE,,"null",FALSE,"LATIN_AMERICA","LATIN_AMERICA",,,,,,,,,"NE",,"0","0",,,,,,,,,,,,,,,,,,,,,,"brazil_sao paulo_sao paulo","Brazil","São Paulo","São Paulo",,"ibge","brazil_sao paulo_sao paulo","Brazil","São Paulo","São Paulo",,"ibge","brazil_sao paulo_sao paulo","Brazil","São Paulo","São Paulo",,"ibge","check_local.2municip.","Pharus lappulaceus","Aubl.","name_w_authors","Poaceae","Pharus lappulaceus","Aubl.","species","name accepted","bfo-13520",,,"Pharus lappulaceus Aubl.","Pharus","Poaceae","unknown","Pharus lappulaceus"
"Pilea cadierei","gbif","Observations","158866683","Pilea cadierei Gagnep. & Guillaumin","Plantae","Urticaceae","Pilea","2023","5","1","BR","São Paulo",,"Parque Natural Municipal Bororé","iNaturalist","Tracheophyta","HUMAN_OBSERVATION",,,,,"zedenil","-46.655021","-23.807617","2023-05-08 20:38:36",,"zedenil",,,,,,,,,,,"Magnoliopsida","Rosales",,,,,,,,,"GBIF",,"2023-05-01 21:19:14","Pilea cadierei Gagnep. & Guillaumin",,"BR",,"iNaturalist research-grade observations","2023-05-01T09:14:44",,,,,,"ACCEPTED","SPECIES",,,"2023-05-01 09:14:44","Parque Natural Municipal Bororé",,,,,,,,,,,"brazil","sao paulo","parque natural municipal borore","parque natural municipal borore",,"locality","brazil_sao paulo_parque natural municipal borore","brazil_sao paulo",-22.2584562,-48.7420254,"state","767525","4111611700",,,"CC_BY_NC_4_0","iNaturalist.org","https://www.inaturalist.org/observations/158866683","zedenil",,,,,,"https://www.inaturalist.org/observations/158866683",,,,,,,,,,,,,,,"PRESENT",,,,,,,,,,,,,,,,,,,,,,"09:14:44-03:00","121","121",,,,,,,,,"SOUTH_AMERICA",,,,,,,,,,"203",,,,,,,,,,,,,,,,,,,,,,,,,,,,,,"357383690",,,,,,"278679",,"5671157",,,,,,,,,,,,,,,,,"Pilea",,,"cadierei",,,,,,,,"50c9509d-22c7-4a22-a47d-8c48425ef4a7","US","2024-12-16 12:19:29.076",,,,,,"COORDINATE_ROUNDED;CONTINENT_DERIVED_FROM_COORDINATES;TAXON_MATCH_TAXON_ID_IGNORED","StillImage;StillImage",TRUE,FALSE,"5671157","5671157","6","7707728","220","691","6639","2984417",,"5671157","Pilea cadierei","Pilea cadierei",,"DWC_ARCHIVE","2024-12-16 12:19:29.076","2024-12-15 18:55:26.086",TRUE,,"null",FALSE,"LATIN_AMERICA","NORTH_AMERICA","BRA","Brazil","BRA.25_1","São Paulo","BRA.25.565_2","São Paulo",,,"NE",,,,,,"EPSG:4326",,,,,,,,,,,,,,,,,,,"brazil_sao paulo","Brazil","São Paulo",,,"gdam","brazil_sao paulo","Brazil","São Paulo",,,"gdam","brazil_sao paulo","Brazil","São Paulo",,,"gdam","check_local.2state","Pilea cadierei","Gagnep. & Guillaumin","name_w_authors","Urticaceae","Pilea cadierei","Gagnep. & Guillaumin","species","name accepted","bfo-88220",,,"Pilea cadierei Gagnep. & Guillaumin","Pilea","Urticaceae","unknown","Pilea cadierei"
"Pilea microphylla","gbif","Observations","158950878","Pilea microphylla (L.) Liebm.","Plantae","Urticaceae","Pilea","2023","5","1","BR","São Paulo",,"Parque Natural Municipal Bororé","iNaturalist","Tracheophyta","HUMAN_OBSERVATION",,,,,"zedenil","-46.655021","-23.807617","2023-09-05 12:34:52",,"zedenil",,,,,,,,,,,"Magnoliopsida","Rosales",,,,,,,,,"GBIF",,"2023-05-02 00:11:28","Pilea microphylla (L.) Liebm.",,"BR",,"iNaturalist research-grade observations","2023-05-01T13:19:19",,,,,,"ACCEPTED","SPECIES",,,"2023-05-01 13:19:19","Parque Natural Municipal Bororé",,,,,,,,,,,"brazil","sao paulo","parque natural municipal borore","parque natural municipal borore",,"locality","brazil_sao paulo_parque natural municipal borore","brazil_sao paulo",-22.2584562,-48.7420254,"state","773286","4407088478",,,"CC_BY_NC_4_0","iNaturalist.org","https://www.inaturalist.org/observations/158950878","zedenil",,,,,,"https://www.inaturalist.org/observations/158950878",,,,,,,,,,,,,,,"PRESENT",,,,,,,,,,,,,,,,,,,,,,"13:19:19-03:00","121","121",,,,,,,,,"SOUTH_AMERICA",,,,,,,,,,"203",,,,,,,,,,,,,,,,,,,,,,,,,,,,,,"357497687",,,,,,"69172",,"5361841",,,,,,,,,,,,,,,,,"Pilea",,,"microphylla",,,,,,,,"50c9509d-22c7-4a22-a47d-8c48425ef4a7","US","2024-12-16 12:13:48.471",,,,,,"COORDINATE_ROUNDED;CONTINENT_DERIVED_FROM_COORDINATES;TAXON_MATCH_TAXON_ID_IGNORED","StillImage",TRUE,FALSE,"5361841","5361841","6","7707728","220","691","6639","2984417",,"5361841","Pilea microphylla","Pilea microphylla",,"DWC_ARCHIVE","2024-12-16 12:13:48.471","2024-12-15 18:55:26.086",TRUE,,"null",FALSE,"LATIN_AMERICA","NORTH_AMERICA","BRA","Brazil","BRA.25_1","São Paulo","BRA.25.565_2","São Paulo",,,"NE",,,,,,"EPSG:4326",,,,,,,,,,,,,,,,,,,"brazil_sao paulo","Brazil","São Paulo",,,"gdam","brazil_sao paulo","Brazil","São Paulo",,,"gdam","brazil_sao paulo","Brazil","São Paulo",,,"gdam","check_local.2state","Pilea microphylla","(L.) Liebm.","name_w_authors","Urticaceae","Pilea microphylla","(L.) Liebm.","species","name accepted","bfo-15067",,,"Pilea microphylla (L.) Liebm.","Pilea","Urticaceae","unknown","Pilea microphylla"
"Piper umbellatum","gbif","Observations","158868701","Piper umbellatum L.","Plantae","Piperaceae","Piper","2023","5","1","BR","São Paulo",,"Parque Natural Municipal Bororé","iNaturalist","Tracheophyta","HUMAN_OBSERVATION",,,,,"zedenil","-46.655021","-23.807617","2023-11-28 15:18:09",,"zedenil",,,,,,,,,,,"Magnoliopsida","Piperales",,,,,,,,,"GBIF",,"2023-05-01 21:22:54","Piper umbellatum L.",,"BR",,"iNaturalist research-grade observations","2023-05-01T09:17:47",,,,,,"ACCEPTED","SPECIES",,,"2023-05-01 09:17:47","Parque Natural Municipal Bororé",,,,,,,,,,,"brazil","sao paulo","parque natural municipal borore","parque natural municipal borore",,"locality","brazil_sao paulo_parque natural municipal borore","brazil_sao paulo",-22.2584562,-48.7420254,"state","781889","4453794710",,,"CC_BY_NC_4_0","iNaturalist.org","https://www.inaturalist.org/observations/158868701","zedenil",,,,,,"https://www.inaturalist.org/observations/158868701",,,,,,,,,,,,,,,"PRESENT",,,,,,,,,,,,,,,,,,,,,,"09:17:47-03:00","121","121",,,,,,,,,"SOUTH_AMERICA",,,,,,,,,,"203",,,,,,,,,,,,,,,,,,,,,,,,,,,,,,"357386452",,,,,,"285894",,"3086364",,,,,,,,,,,,,,,,,"Piper",,,"umbellatum",,,,,,,,"50c9509d-22c7-4a22-a47d-8c48425ef4a7","US","2024-12-16 11:42:19.741",,,,,,"COORDINATE_ROUNDED;CONTINENT_DERIVED_FROM_COORDINATES;TAXON_MATCH_TAXON_ID_IGNORED","StillImage;StillImage",TRUE,FALSE,"3086364","3086364","6","7707728","220","404","6678","3075433",,"3086364","Piper umbellatum","Piper umbellatum",,"DWC_ARCHIVE","2024-12-16 11:42:19.741","2024-12-15 18:55:26.086",TRUE,,"null",FALSE,"LATIN_AMERICA","NORTH_AMERICA","BRA","Brazil","BRA.25_1","São Paulo","BRA.25.565_2","São Paulo",,,"NE",,,,,,"EPSG:4326",,,,,,,,,,,,,,,,,,,"brazil_sao paulo","Brazil","São Paulo",,,"gdam","brazil_sao paulo","Brazil","São Paulo",,,"gdam","brazil_sao paulo","Brazil","São Paulo",,,"gdam","check_local.2state","Piper umbellatum","L.","name_w_authors","Piperaceae","Piper umbellatum","L.","species","name accepted","bfo-12863",,,"Piper umbellatum L.","Piper","Piperaceae","unknown","Piper umbellatum"
"Pistia stratiotes","gbif","Observations","158928551","Pistia stratiotes L.","Plantae","Araceae","Pistia","2023","5","1","BR","São Paulo",,"Parque Natural Municipal Bororé","iNaturalist","Tracheophyta","HUMAN_OBSERVATION",,,,,"Ana Cristina Almeida","-46.655321","-23.80693","2024-08-31 20:05:08",,"Ana Cristina Almeida",,,,,,,,,,,"Liliopsida","Alismatales",,,,,,,,,"GBIF",,"2023-05-01 23:22:01","Pistia stratiotes L.",,"BR",,"iNaturalist research-grade observations","2023-05-01T12:13",,,,,,"ACCEPTED","SPECIES",,,"2023/05/01 12:13","Parque Natural Municipal Bororé",,,,,,,,,,,"brazil","sao paulo","parque natural municipal borore","parque natural municipal borore",,"locality","brazil_sao paulo_parque natural municipal borore","brazil_sao paulo",-22.2584562,-48.7420254,"state","767333","4103146417",,,"CC_BY_4_0","iNaturalist.org","https://www.inaturalist.org/observations/158928551","Ana Cristina Almeida",,,,,,"https://www.inaturalist.org/observations/158928551",,,,,,,,,,,,,,,"PRESENT",,,,,,,,,,,,,,,,,,,,,,"12:13:00-03:00","121","121",,,,,,,,,"SOUTH_AMERICA",,,,,,,,,,"203",,,,,,,,,,,,,,,,,,,,,,,,,,,,,,"357466829",,,,,,"78589",,"2870583",,,,,,,,,,,,,,,,,"Pistia",,,"stratiotes",,,,,,,,"50c9509d-22c7-4a22-a47d-8c48425ef4a7","US","2024-12-16 11:42:11.408",,,,,,"CONTINENT_DERIVED_FROM_COORDINATES;TAXON_MATCH_TAXON_ID_IGNORED","StillImage;StillImage",TRUE,FALSE,"2870583","2870583","6","7707728","196","551","6979","2870582",,"2870583","Pistia stratiotes","Pistia stratiotes",,"DWC_ARCHIVE","2024-12-16 11:42:11.408","2024-12-15 18:55:26.086",TRUE,,"null",FALSE,"LATIN_AMERICA","NORTH_AMERICA","BRA","Brazil","BRA.25_1","São Paulo","BRA.25.565_2","São Paulo",,,"LC",,,,,,"EPSG:4326",,,,,,,,,,,,,,,,,,,"brazil_sao paulo","Brazil","São Paulo",,,"gdam","brazil_sao paulo","Brazil","São Paulo",,,"gdam","brazil_sao paulo","Brazil","São Paulo",,,"gdam","check_local.2state","Pistia stratiotes","L.","name_w_authors","Araceae","Pistia stratiotes","L.","species","name accepted","bfo-5070",,,"Pistia stratiotes L.","Pistia","Araceae","unknown","Pistia stratiotes"
"Prescottia stachyodes","gbif","Observations","158895073","Prescottia stachyodes (Sw.) Lindl.","Plantae","Orchidaceae","Prescottia","2023","5","1","BR","São Paulo",,"Parque Natural Municipal Bororé","iNaturalist","Tracheophyta","HUMAN_OBSERVATION",,,,,"zedenil","-46.655021","-23.807617","2023-05-04 13:13:23",,"Luiz Kalashinov",,,,,,,,,,,"Liliopsida","Asparagales",,,,,,,,,"GBIF",,"2023-05-01 22:47:04","Prescottia stachyodes (Sw.) Lindl.",,"BR",,"iNaturalist research-grade observations","2023-05-01T10:30:04",,,,,,"ACCEPTED","SPECIES",,,"2023-05-01 10:30:04","Parque Natural Municipal Bororé",,,,,,,,,,,"brazil","sao paulo","parque natural municipal borore","parque natural municipal borore",,"locality","brazil_sao paulo_parque natural municipal borore","brazil_sao paulo",-22.2584562,-48.7420254,"state","767530","4111643710",,,"CC_BY_NC_4_0","iNaturalist.org","https://www.inaturalist.org/observations/158895073","zedenil",,,,,,"https://www.inaturalist.org/observations/158895073",,,,,,,,,,,,,,,"PRESENT",,,,,,,,,,,,,,,,,,,,,,"10:30:04-03:00","121","121",,,,,,,,,"SOUTH_AMERICA",,,,,,,,,,"203",,,,,,,,,,,,,,,,,,,,,,,,,,,,,,"357444214",,,,,,"277057",,"5312296",,,,,,,,,,,,,,,,,"Prescottia",,,"stachyodes",,,,,,,,"50c9509d-22c7-4a22-a47d-8c48425ef4a7","US","2024-12-16 11:41:30.493",,,,,,"COORDINATE_ROUNDED;CONTINENT_DERIVED_FROM_COORDINATES;TAXON_MATCH_TAXON_ID_IGNORED","StillImage",TRUE,FALSE,"5312296","5312296","6","7707728","196","1169","7689","2807173",,"5312296","Prescottia stachyodes","Prescottia stachyodes",,"DWC_ARCHIVE","2024-12-16 11:41:30.493","2024-12-15 18:55:26.086",TRUE,,"null",FALSE,"LATIN_AMERICA","NORTH_AMERICA","BRA","Brazil","BRA.25_1","São Paulo","BRA.25.565_2","São Paulo",,,"NE",,,,,,"EPSG:4326",,,,,,,,,,,,,,,,,,,"brazil_sao paulo","Brazil","São Paulo",,,"gdam","brazil_sao paulo","Brazil","São Paulo",,,"gdam","brazil_sao paulo","Brazil","São Paulo",,,"gdam","check_local.2state","Prescottia stachyodes","(Sw.) Lindl.","name_w_authors","Orchidaceae","Prescottia stachyodes","(Sw.) Lindl.","species","name accepted","bfo-12091",,,"Prescottia stachyodes (Sw.) Lindl.","Prescottia","Orchidaceae","unknown","Prescottia stachyodes"
"Rhipsalis cereuscula","gbif","Observations","158892563","Rhipsalis cereuscula Haw.","Plantae","Cactaceae","Rhipsalis","2023","5","1","BR","São Paulo",,"Parque Natural Municipal Bororé","iNaturalist","Tracheophyta","HUMAN_OBSERVATION",,,,,"zedenil","-46.655021","-23.807617","2023-05-02 08:16:59",,"zedenil",,,,,,,,,,,"Magnoliopsida","Caryophyllales",,,,,,,,,"GBIF",,"2023-05-01 22:07:54","Rhipsalis cereuscula Haw.",,"BR",,"iNaturalist research-grade observations","2023-05-01T10:16:57",,,,,,"ACCEPTED","SPECIES",,,"2023-05-01 10:16:57","Parque Natural Municipal Bororé",,,,,,,,,,,"brazil","sao paulo","parque natural municipal borore","parque natural municipal borore",,"locality","brazil_sao paulo_parque natural municipal borore","brazil_sao paulo",-22.2584562,-48.7420254,"state","767307","4102969356",,,"CC_BY_NC_4_0","iNaturalist.org","https://www.inaturalist.org/observations/158892563","zedenil",,,,,,"https://www.inaturalist.org/observations/158892563",,,,,,,,,,,,,,,"PRESENT",,,,,,,,,,,,,,,,,,,,,,"10:16:57-03:00","121","121",,,,,,,,,"SOUTH_AMERICA",,,,,,,,,,"203",,,,,,,,,,,,,,,,,,,,,,,,,,,,,,"357417795",,,,,,"411266",,"7659514",,,,,,,,,,,,,,,,,"Rhipsalis",,,"cereuscula",,,,,,,,"50c9509d-22c7-4a22-a47d-8c48425ef4a7","US","2024-12-16 11:41:24.745",,,,,,"COORDINATE_ROUNDED;CONTINENT_DERIVED_FROM_COORDINATES;TAXON_MATCH_TAXON_ID_IGNORED","StillImage",TRUE,FALSE,"7659514","7659514","6","7707728","220","422","2519","3084035",,"7659514","Rhipsalis cereuscula","Rhipsalis cereuscula",,"DWC_ARCHIVE","2024-12-16 11:41:24.745","2024-12-15 18:55:26.086",TRUE,,"null",FALSE,"LATIN_AMERICA","NORTH_AMERICA","BRA","Brazil","BRA.25_1","São Paulo","BRA.25.565_2","São Paulo",,,"LC",,,,,,"EPSG:4326",,,,,,,,,,,,,,,,,,,"brazil_sao paulo","Brazil","São Paulo",,,"gdam","brazil_sao paulo","Brazil","São Paulo",,,"gdam","brazil_sao paulo","Brazil","São Paulo",,,"gdam","check_local.2state","Rhipsalis cereuscula","Haw.","name_w_authors","Cactaceae","Rhipsalis cereuscula","Haw.","species","name accepted","bfo-1691",,,"Rhipsalis cereuscula Haw.","Rhipsalis","Cactaceae","unknown","Rhipsalis cereuscula"
"Rhipsalis elliptica","gbif","Observations","158938028","Rhipsalis elliptica G.Lindb. ex K.Schum.","Plantae","Cactaceae","Rhipsalis","2023","5","1","BR","São Paulo",,"Parque Natural Municipal Bororé","iNaturalist","Tracheophyta","HUMAN_OBSERVATION",,,,,"zedenil","-46.655021","-23.807617","2023-08-03 10:42:40",,"zedenil",,,,,,,,,,,"Magnoliopsida","Caryophyllales",,,,,,,,,"GBIF",,"2023-05-01 23:41:50","Rhipsalis elliptica G.Lindb. ex K.Schum.",,"BR",,"iNaturalist research-grade observations","2023-05-01T13:02:59",,,,,,"ACCEPTED","SPECIES",,,"2023-05-01 13:02:59","Parque Natural Municipal Bororé",,,,,,,,,,,"brazil","sao paulo","parque natural municipal borore","parque natural municipal borore",,"locality","brazil_sao paulo_parque natural municipal borore","brazil_sao paulo",-22.2584562,-48.7420254,"state","772428","4171389680",,,"CC_BY_NC_4_0","iNaturalist.org","https://www.inaturalist.org/observations/158938028","zedenil",,,,,,"https://www.inaturalist.org/observations/158938028",,,,,,,,,,,,,,,"PRESENT",,,,,,,,,,,,,,,,,,,,,,"13:02:59-03:00","121","121",,,,,,,,,"SOUTH_AMERICA",,,,,,,,,,"203",,,,,,,,,,,,,,,,,,,,,,,,,,,,,,"357479722",,,,,,"442988",,"7281035",,,,,,,,,,,,,,,,,"Rhipsalis",,,"elliptica",,,,,,,,"50c9509d-22c7-4a22-a47d-8c48425ef4a7","US","2024-12-16 12:38:18.358",,,,,,"COORDINATE_ROUNDED;CONTINENT_DERIVED_FROM_COORDINATES;TAXON_MATCH_TAXON_ID_IGNORED","StillImage;StillImage",TRUE,FALSE,"7281035","7281035","6","7707728","220","422","2519","3084035",,"7281035","Rhipsalis elliptica","Rhipsalis elliptica",,"DWC_ARCHIVE","2024-12-16 12:38:18.358","2024-12-15 18:55:26.086",TRUE,,"null",FALSE,"LATIN_AMERICA","NORTH_AMERICA","BRA","Brazil","BRA.25_1","São Paulo","BRA.25.565_2","São Paulo",,,"LC",,,,,,"EPSG:4326",,,,,,,,,,,,,,,,,,,"brazil_sao paulo","Brazil","São Paulo",,,"gdam","brazil_sao paulo","Brazil","São Paulo",,,"gdam","brazil_sao paulo","Brazil","São Paulo",,,"gdam","check_local.2state","Rhipsalis elliptica","G.Lindb. ex K.Schum.","name_w_authors","Cactaceae","Rhipsalis elliptica","G.Lindb. ex K.Schum.","species","name accepted","bfo-1696",,,"Rhipsalis elliptica G.Lindb. ex K.Schum.","Rhipsalis","Cactaceae","unknown","Rhipsalis elliptica"
"Rhipsalis juengeri","gbif","Observations","158949213","Rhipsalis juengeri Barthlott & N.P.Taylor","Plantae","Cactaceae","Rhipsalis","2023","5","1","BR","São Paulo",,"Parque Natural Municipal Bororé","iNaturalist","Tracheophyta","HUMAN_OBSERVATION",,,,,"zedenil","-46.655021","-23.807617","2023-08-03 10:42:32",,"zedenil",,,,,,,,,,,"Magnoliopsida","Caryophyllales",,,,,,,,,"GBIF",,"2023-05-02 00:07:36","Rhipsalis juengeri Barthlott & N.P.Taylor",,"BR",,"iNaturalist research-grade observations","2023-05-01T13:13:53",,,,,,"ACCEPTED","SPECIES",,,"2023-05-01 13:13:53","Parque Natural Municipal Bororé",,,,,,,,,,,"brazil","sao paulo","parque natural municipal borore","parque natural municipal borore",,"locality","brazil_sao paulo_parque natural municipal borore","brazil_sao paulo",-22.2584562,-48.7420254,"state","772343","4171176616",,,"CC_BY_NC_4_0","iNaturalist.org","https://www.inaturalist.org/observations/158949213","zedenil",,,,,,"https://www.inaturalist.org/observations/158949213",,,,,,,,,,,,,,,"PRESENT",,,,,,,,,,,,,,,,,,,,,,"13:13:53-03:00","121","121",,,,,,,,,"SOUTH_AMERICA",,,,,,,,,,"203",,,,,,,,,,,,,,,,,,,,,,,,,,,,,,"357495428",,,,,,"442993",,"3946423",,,,,,,,,,,,,,,,,"Rhipsalis",,,"juengeri",,,,,,,,"50c9509d-22c7-4a22-a47d-8c48425ef4a7","US","2024-12-16 12:19:13.581",,,,,,"COORDINATE_ROUNDED;CONTINENT_DERIVED_FROM_COORDINATES;TAXON_MATCH_TAXON_ID_IGNORED","StillImage",TRUE,FALSE,"3946423","3946423","6","7707728","220","422","2519","3084035",,"3946423","Rhipsalis juengeri","Rhipsalis juengeri",,"DWC_ARCHIVE","2024-12-16 12:19:13.581","2024-12-15 18:55:26.086",TRUE,,"null",FALSE,"LATIN_AMERICA","NORTH_AMERICA","BRA","Brazil","BRA.25_1","São Paulo","BRA.25.565_2","São Paulo",,,"LC",,,,,,"EPSG:4326",,,,,,,,,,,,,,,,,,,"brazil_sao paulo","Brazil","São Paulo",,,"gdam","brazil_sao paulo","Brazil","São Paulo",,,"gdam","brazil_sao paulo","Brazil","São Paulo",,,"gdam","check_local.2state","Rhipsalis juengeri","Barthlott & N.P.Taylor","name_w_authors","Cactaceae","Rhipsalis juengeri","Barthlott & N.P.Taylor","species","name accepted","bfo-1706",,,"Rhipsalis juengeri Barthlott & N.P.Taylor","Rhipsalis","Cactaceae","unknown","Rhipsalis juengeri"
"Ricinus communis","gbif","Observations","158965196","Ricinus communis L.","Plantae","Euphorbiaceae","Ricinus","2023","5","1","BR","São Paulo",,"Parque Natural Municipal Bororé","iNaturalist","Tracheophyta","HUMAN_OBSERVATION",,,,,"zedenil","-46.655021","-23.807617","2023-05-04 14:07:05",,"zedenil",,,,,,,,,,,"Magnoliopsida","Malpighiales",,,,,,,,,"GBIF",,"2023-05-02 00:42:45","Ricinus communis L.",,"BR",,"iNaturalist research-grade observations","2023-05-01T13:36:37",,,,,,"ACCEPTED","SPECIES",,,"2023-05-01 13:36:37","Parque Natural Municipal Bororé",,,,,,,,,,,"brazil","sao paulo","parque natural municipal borore","parque natural municipal borore",,"locality","brazil_sao paulo_parque natural municipal borore","brazil_sao paulo",-22.2584562,-48.7420254,"state","767605","4112099713",,,"CC_BY_NC_4_0","iNaturalist.org","https://www.inaturalist.org/observations/158965196","zedenil",,,,,,"https://www.inaturalist.org/observations/158965196",,,,,,,,,,,,,,,"PRESENT",,,,,,,,,,,,,,,,,,,,,,"13:36:37-03:00","121","121",,,,,,,,,"SOUTH_AMERICA",,,,,,,,,,"203",,,,,,,,,,,,,,,,,,,,,,,,,,,,,,"357517578",,,,,,"56739",,"5380041",,,,,,,,,,,,,,,,,"Ricinus",,,"communis",,,,,,,,"50c9509d-22c7-4a22-a47d-8c48425ef4a7","US","2024-12-16 11:41:36.549",,,,,,"COORDINATE_ROUNDED;CONTINENT_DERIVED_FROM_COORDINATES;TAXON_MATCH_TAXON_ID_IGNORED","StillImage",TRUE,FALSE,"5380041","5380041","6","7707728","220","1414","4691","9188216",,"5380041","Ricinus communis","Ricinus communis",,"DWC_ARCHIVE","2024-12-16 11:41:36.549","2024-12-15 18:55:26.086",TRUE,,"null",FALSE,"LATIN_AMERICA","NORTH_AMERICA","BRA","Brazil","BRA.25_1","São Paulo","BRA.25.565_2","São Paulo",,,"NE",,,,,,"EPSG:4326",,,,,,,,,,,,,,,,,,,"brazil_sao paulo","Brazil","São Paulo",,,"gdam","brazil_sao paulo","Brazil","São Paulo",,,"gdam","brazil_sao paulo","Brazil","São Paulo",,,"gdam","check_local.2state","Ricinus communis","L.","name_w_authors","Euphorbiaceae","Ricinus communis","L.","species","name accepted","bfo-17659",,,"Ricinus communis L.","Ricinus","Euphorbiaceae","unknown","Ricinus communis"
"Rubus rosifolius","gbif","Observations","159023909","Rubus rosifolius Sm.","Plantae","Rosaceae","Rubus","2023","5","1","BR","São Paulo",,"Parque Natural Municipal Bororé","iNaturalist","Tracheophyta","HUMAN_OBSERVATION",,,,,"alvesjp_biousp","-46.655021","-23.807617","2023-05-02 20:46:54",,"alvesjp_biousp",,,,,,,,,,,"Magnoliopsida","Rosales",,,,,,,,,"GBIF",,"2023-05-02 02:45:51","Rubus rosifolius Sm.",,"BR",,"iNaturalist research-grade observations","2023-05-01T09:38:08",,,,,,"ACCEPTED","SPECIES",,,"2023-05-01 09:38:08","Parque Natural Municipal Bororé",,,,,,,,,,,"brazil","sao paulo","parque natural municipal borore","parque natural municipal borore",,"locality","brazil_sao paulo_parque natural municipal borore","brazil_sao paulo",-22.2584562,-48.7420254,"state","767326","4103114482",,,"CC_BY_NC_4_0","iNaturalist.org","https://www.inaturalist.org/observations/159023909","alvesjp_biousp",,,,,,"https://www.inaturalist.org/observations/159023909",,,,,,,,,,,,,,,"PRESENT",,,,,,,,,,,,,,,,,,,,,,"09:38:08-03:00","121","121",,,,,,,,,"SOUTH_AMERICA",,,,,,,,,,"203",,,,,,,,,,,,,,,,,,,,,,,,,,,,,,"357599971",,,,,,"83524",,"8234521",,,,,,,,,,,,,,,,,"Rubus",,,"rosifolius",,,,,,,,"50c9509d-22c7-4a22-a47d-8c48425ef4a7","US","2024-12-16 12:18:24.456",,,,,,"COORDINATE_ROUNDED;CONTINENT_DERIVED_FROM_COORDINATES;TAXON_MATCH_TAXON_ID_IGNORED","StillImage",TRUE,FALSE,"8234521","8234521","6","7707728","220","691","5015","2988638",,"8234521","Rubus rosifolius","Rubus rosifolius",,"DWC_ARCHIVE","2024-12-16 12:18:24.456","2024-12-15 18:55:26.086",TRUE,,"null",FALSE,"LATIN_AMERICA","NORTH_AMERICA","BRA","Brazil","BRA.25_1","São Paulo","BRA.25.565_2","São Paulo",,,"NE",,,,,,"EPSG:4326",,,,,,,,,,,,,,,,,,,"brazil_sao paulo","Brazil","São Paulo",,,"gdam","brazil_sao paulo","Brazil","São Paulo",,,"gdam","brazil_sao paulo","Brazil","São Paulo",,,"gdam","check_local.2state","Rubus rosifolius","Sm.","name_w_authors","Rosaceae","Rubus rosifolius","Sm.","species","name accepted","bfo-32509",,,"Rubus rosifolius Sm.","Rubus","Rosaceae","unknown","Rubus rosifolius"
"Salvinia molesta","gbif","Observations","158928555","Salvinia ×molesta D.S.Mitch.","Plantae","Salviniaceae","Salvinia","2023","5","1","BR","São Paulo",,"Parque Natural Municipal Bororé","iNaturalist","Tracheophyta","HUMAN_OBSERVATION",,,,,"Ana Cristina Almeida","-46.655321","-23.80693","2024-08-31 20:05:08",,"Ana Cristina Almeida",,,,,,,,,,,"Polypodiopsida","Salviniales",,,,,,,,,"GBIF",,"2023-05-03 03:12:09","Salvinia ×molesta D.S.Mitch.",,"BR",,"iNaturalist research-grade observations","2023-05-01T12:13",,,,,,"ACCEPTED","SPECIES",,,"2023/05/01 12:13","Parque Natural Municipal Bororé",,,,,,,,,,,"brazil","sao paulo","parque natural municipal borore","parque natural municipal borore",,"locality","brazil_sao paulo_parque natural municipal borore","brazil_sao paulo",-22.2584562,-48.7420254,"state","768047","4127128107",,,"CC_BY_4_0","iNaturalist.org","https://www.inaturalist.org/observations/158928555","Ana Cristina Almeida",,,,,,"https://www.inaturalist.org/observations/158928555",,,,,,,,,,,,,,,"PRESENT",,,,,,,,,,,,,,,,,,,,,,"12:13:00-03:00","121","121",,,,,,,,,"SOUTH_AMERICA",,,,,,,,,,"203",,,,,,,,,,,,,,,,,,,,,,,,,,,,,,"358242854",,,,,,"78976",,"5274863",,,,,,,,,,,,,,,,,"Salvinia",,,"molesta",,,,,,,,"50c9509d-22c7-4a22-a47d-8c48425ef4a7","US","2024-12-16 11:41:29.425",,,,,,"CONTINENT_DERIVED_FROM_COORDINATES;TAXON_MATCH_TAXON_ID_IGNORED","StillImage",TRUE,FALSE,"5274863","5274863","6","7707728","7228684","7229405","6629","7801597",,"5274863","Salvinia molesta","Salvinia molesta",,"DWC_ARCHIVE","2024-12-16 11:41:29.425","2024-12-15 18:55:26.086",TRUE,,"null",FALSE,"LATIN_AMERICA","NORTH_AMERICA","BRA","Brazil","BRA.25_1","São Paulo","BRA.25.565_2","São Paulo",,,"NE",,,,,,"EPSG:4326",,,,,,,,,,,,,,,,,,,"brazil_sao paulo","Brazil","São Paulo",,,"gdam","brazil_sao paulo","Brazil","São Paulo",,,"gdam","brazil_sao paulo","Brazil","São Paulo",,,"gdam","check_local.2state","Salvinia molesta","D.S.Mitch.","hybrid|name_w_authors","Salviniaceae","Salvinia molesta","D.S.Mitch.","species","name misspelled","bfo-606403",,,"Salvinia molesta D.S.Mitch.","Salvinia","Salviniaceae","unknown","Salvinia molesta"
"Scleria panicoides","gbif","HUEFS","263700","Scleria panicoides Kunth","Plantae","Cyperaceae","Scleria","2012","4","26","Brasil","São Paulo",,"Parque Natural Municipal Bororé. Ponto 31 da trilha próxima à futura sede. Bosque do pau-brasil.","UEFS","Tracheophyta","PRESERVED_SPECIMEN",,,"https://specieslink.net/col/204",,"Honda, S.",,,"2024-10-29 07:18:02","Kunth","R.J.F.Garcia; S.Honda",,"1038",,,,,,,,,"Liliopsida","Poales",,,,,,,,,"GBIF","São Paulo","2012-07-01","Scleria panicoides Kunth",,"BR",,,"2012-04-26",,,,,,"ACCEPTED","SPECIES",,,,,,,,,,,,,,,"brazil","sao paulo","sao paulo","parque natural municipal borore",,"locality","brazil_sao paulo_sao paulo","brazil_sao paulo_sao paulo",-23.65041685,-46.64802516,"county","814193","4928879756",,,"CC_BY_4_0","Universidade Estadual de Feira de Santana","https://specieslink.net/guid/204/263700","Herbario da Universidade Estadual de Feira de Santana",,"Universidade Estadual de Feira de Santana",,,,"https://specieslink.net/guid/204/263700",,,,,,,,,,,"native",,,,"PRESENT",,,,,,,,,,,,,,,,,,,,,,,"117","117",,,,,,,,,"SOUTH_AMERICA",,,,,,,,,,,,,,,,,,,,,,,,,,,,,,,,,,,,,,,,,,,,,,,,"2712299",,,,,,,,,,,,,,,,,"Scleria",,,"panicoides",,,,,,,,"2e684fd6-09e2-4661-910a-0a188b610c04","BR","2025-01-05 14:48:21.4",,,,,,"CONTINENT_DERIVED_FROM_COUNTRY;INSTITUTION_MATCH_FUZZY;DIFFERENT_OWNER_INSTITUTION;INSTITUTION_COLLECTION_MISMATCH",,FALSE,FALSE,"2712299","2712299","6","7707728","196","1369","7708","2712271",,"2712299","Scleria panicoides","Scleria panicoides",,"EML","2025-01-05 14:48:21.4","2025-01-05 14:41:43.196",FALSE,,"null",FALSE,"LATIN_AMERICA","LATIN_AMERICA",,,,,,,,,"LC","https://images.cria.org.br/viewer/HUEFS0263700",,,,,"WGS84",,,,,,,,,,,,,,,,,,,"brazil_sao paulo_sao paulo","Brazil","São Paulo","São Paulo",,"ibge","brazil_sao paulo_sao paulo","Brazil","São Paulo","São Paulo",,"ibge","brazil_sao paulo_sao paulo","Brazil","São Paulo","São Paulo",,"ibge","check_local.2municip.","Scleria panicoides","Kunth","name_w_authors","Cyperaceae","Scleria panicoides","Kunth","species","name accepted","bfo-7310",,,"Scleria panicoides Kunth","Scleria","Cyperaceae","unknown","Scleria panicoides"
"Senega paniculata","gbif","Observations","158847347","Senega paniculata (L.) J.F.B.Pastore & J.R.Abbott","Plantae","Polygalaceae","Polygala","2023","5","1","BR","São Paulo",,"Parque Natural Municipal Bororé","iNaturalist","Tracheophyta","HUMAN_OBSERVATION",,,,,"zedenil","-46.655021","-23.807617","2024-08-21 17:40:45",,"zedenil",,,,,,,,,,,"Magnoliopsida","Fabales",,,,,,,,,"GBIF",,"2024-08-21 14:27:37","Polygala paniculata L.",,"BR",,"iNaturalist research-grade observations","2023-05-01T08:36:35",,,,,,"SYNONYM","SPECIES",,,"2023-05-01 08:36:35","Parque Natural Municipal Bororé",,,,,,,,,,,"brazil","sao paulo","parque natural municipal borore","parque natural municipal borore",,"locality","brazil_sao paulo_parque natural municipal borore","brazil_sao paulo",-22.2584562,-48.7420254,"state","768017","4126902369",,,"CC_BY_NC_4_0","iNaturalist.org","https://www.inaturalist.org/observations/158847347","zedenil",,,,,,"https://www.inaturalist.org/observations/158847347",,,,,,,,,,,,,,,"PRESENT",,,,,,,,,,,,,,,,,,,,,,"08:36:35-03:00","121","121",,,,,,,,,"SOUTH_AMERICA",,,,,,,,,,"203",,,,,,,,,,,,,,,,,,,,,,,,,,,,,,"530549885",,,,,,"1569127",,"3191373",,,,,,,,,,,,,,,,,"Senega",,,"paniculata",,,,,,,,"50c9509d-22c7-4a22-a47d-8c48425ef4a7","US","2024-12-16 12:15:05.361",,,,,,"COORDINATE_ROUNDED;CONTINENT_DERIVED_FROM_COORDINATES;TAXON_MATCH_TAXON_ID_IGNORED","StillImage",TRUE,FALSE,"12284098","3191373","6","7707728","220","1370","2417","3191366",,"3191373","Polygala paniculata","Senega paniculata",,"DWC_ARCHIVE","2024-12-16 12:15:05.361","2024-12-15 18:55:26.086",TRUE,,"null",FALSE,"LATIN_AMERICA","NORTH_AMERICA","BRA","Brazil","BRA.25_1","São Paulo","BRA.25.565_2","São Paulo",,,"NE",,,,,,"EPSG:4326",,,,,,,,,,,,,,,,,,,"brazil_sao paulo","Brazil","São Paulo",,,"gdam","brazil_sao paulo","Brazil","São Paulo",,,"gdam","brazil_sao paulo","Brazil","São Paulo",,,"gdam","check_local.2state","Senega paniculata","(L.) J.F.B.Pastore & J.R.Abbott","name_w_authors","Polygalaceae","Senega paniculata","(L.) J.F.B.Pastore & J.R.Abbott","species","name accepted","bfo-625028",,,"Senega paniculata (L.) J.F.B.Pastore & J.R.Abbott","Senega","Polygalaceae","unknown","Senega paniculata"
"Solanum pseudocapsicum","gbif","Observations","159037916","Solanum pseudocapsicum L.","Plantae","Solanaceae","Solanum","2023","5","1","BR","São Paulo",,"Parque Natural Municipal Bororé","iNaturalist","Tracheophyta","HUMAN_OBSERVATION",,,,,"alvesjp_biousp","-46.655021","-23.807617","2024-10-11 14:51:18",,"alvesjp_biousp",,,,,,,,,,,"Magnoliopsida","Solanales",,,,,,,,,"GBIF",,"2023-05-02 03:19:56","Solanum pseudocapsicum L.",,"BR",,"iNaturalist research-grade observations","2023-05-01T11:00:16",,,,,,"ACCEPTED","SPECIES",,,"2023-05-01 11:00:16","Parque Natural Municipal Bororé",,,,,,,,,,,"brazil","sao paulo","parque natural municipal borore","parque natural municipal borore",,"locality","brazil_sao paulo_parque natural municipal borore","brazil_sao paulo",-22.2584562,-48.7420254,"state","828535","4954624440",,,"CC_BY_NC_4_0","iNaturalist.org","https://www.inaturalist.org/observations/159037916","alvesjp_biousp",,,,,,"https://www.inaturalist.org/observations/159037916",,,,,,,,,,,,,,,"PRESENT",,,,,,,,,,,,,,,,,,,,,,"11:00:16-03:00","121","121",,,,,,,,,"SOUTH_AMERICA",,,,,,,,,,"203",,,,,,,,,,,,,,,,,,,,,,,,,,,,,,"357620945",,,,,,"169078",,"2931104",,,,,,,,,,,,,,,,,"Solanum",,,"pseudocapsicum",,,,,,,,"50c9509d-22c7-4a22-a47d-8c48425ef4a7","US","2024-12-16 12:19:50.147",,,,,,"COORDINATE_ROUNDED;CONTINENT_DERIVED_FROM_COORDINATES;TAXON_MATCH_TAXON_ID_IGNORED","StillImage",TRUE,FALSE,"2931104","2931104","6","7707728","220","1176","7717","2928997",,"2931104","Solanum pseudocapsicum","Solanum pseudocapsicum",,"DWC_ARCHIVE","2024-12-16 12:19:50.147","2024-12-15 18:55:26.086",TRUE,,"null",FALSE,"LATIN_AMERICA","NORTH_AMERICA","BRA","Brazil","BRA.25_1","São Paulo","BRA.25.565_2","São Paulo",,,"NE",,,,,,"EPSG:4326",,,,,,,,,,,,,,,,,,,"brazil_sao paulo","Brazil","São Paulo",,,"gdam","brazil_sao paulo","Brazil","São Paulo",,,"gdam","brazil_sao paulo","Brazil","São Paulo",,,"gdam","check_local.2state","Solanum pseudocapsicum","L.","name_w_authors","Solanaceae","Solanum pseudocapsicum","L.","species","name accepted","bfo-14834",,,"Solanum pseudocapsicum L.","Solanum","Solanaceae","unknown","Solanum pseudocapsicum"
"Sphagneticola trilobata","gbif","Observations","159022250","Sphagneticola trilobata (L.) Pruski","Plantae","Asteraceae","Sphagneticola","2023","5","1","BR","São Paulo",,"Parque Natural Municipal Bororé","iNaturalist","Tracheophyta","HUMAN_OBSERVATION",,,,,"alvesjp_biousp","-46.655021","-23.807617","2023-05-02 20:40:43",,"alvesjp_biousp",,,,,,,,,,,"Magnoliopsida","Asterales",,,,,,,,,"GBIF",,"2023-05-02 02:41:51","Sphagneticola trilobata (L.) Pruski",,"BR",,"iNaturalist research-grade observations","2023-05-01T09:35:52",,,,,,"ACCEPTED","SPECIES",,,"2023-05-01 09:35:52","Parque Natural Municipal Bororé",,,,,,,,,,,"brazil","sao paulo","parque natural municipal borore","parque natural municipal borore",,"locality","brazil_sao paulo_parque natural municipal borore","brazil_sao paulo",-22.2584562,-48.7420254,"state","767321","4103069454",,,"CC_BY_NC_4_0","iNaturalist.org","https://www.inaturalist.org/observations/159022250","alvesjp_biousp",,,,,,"https://www.inaturalist.org/observations/159022250",,,,,,,,,,,,,,,"PRESENT",,,,,,,,,,,,,,,,,,,,,,"09:35:52-03:00","121","121",,,,,,,,,"SOUTH_AMERICA",,,,,,,,,,"203",,,,,,,,,,,,,,,,,,,,,,,,,,,,,,"357597517",,,,,,"246102",,"3116842",,,,,,,,,,,,,,,,,"Sphagneticola",,,"trilobata",,,,,,,,"50c9509d-22c7-4a22-a47d-8c48425ef4a7","US","2024-12-16 12:15:49.577",,,,,,"COORDINATE_ROUNDED;CONTINENT_DERIVED_FROM_COORDINATES;TAXON_MATCH_TAXON_ID_IGNORED","StillImage",TRUE,FALSE,"3116842","3116842","6","7707728","220","414","3065","3116841",,"3116842","Sphagneticola trilobata","Sphagneticola trilobata",,"DWC_ARCHIVE","2024-12-16 12:15:49.577","2024-12-15 18:55:26.086",TRUE,,"null",FALSE,"LATIN_AMERICA","NORTH_AMERICA","BRA","Brazil","BRA.25_1","São Paulo","BRA.25.565_2","São Paulo",,,"NE",,,,,,"EPSG:4326",,,,,,,,,,,,,,,,,,,"brazil_sao paulo","Brazil","São Paulo",,,"gdam","brazil_sao paulo","Brazil","São Paulo",,,"gdam","brazil_sao paulo","Brazil","São Paulo",,,"gdam","check_local.2state","Sphagneticola trilobata","(L.) Pruski","name_w_authors","Asteraceae","Sphagneticola trilobata","(L.) Pruski","species","name accepted","bfo-16304",,,"Sphagneticola trilobata (L.) Pruski","Sphagneticola","Asteraceae","unknown","Sphagneticola trilobata"
"Thunbergia alata","gbif","Observations","159021868","Thunbergia alata Bojer ex Sims","Plantae","Acanthaceae","Thunbergia","2023","5","1","BR","São Paulo",,"Parque Natural Municipal Bororé","iNaturalist","Tracheophyta","HUMAN_OBSERVATION",,,,,"alvesjp_biousp","-46.655021","-23.807617","2023-09-29 19:46:14",,"alvesjp_biousp",,,,,,,,,,,"Magnoliopsida","Lamiales",,,,,,,,,"GBIF",,"2023-05-02 02:41:02","Thunbergia alata Bojer ex Sims",,"BR",,"iNaturalist research-grade observations","2023-05-01T09:35:40",,,,,,"ACCEPTED","SPECIES",,,"2023-05-01 09:35:40","Parque Natural Municipal Bororé",,,,,,,,,,,"brazil","sao paulo","parque natural municipal borore","parque natural municipal borore",,"locality","brazil_sao paulo_parque natural municipal borore","brazil_sao paulo",-22.2584562,-48.7420254,"state","774574","4420980385",,,"CC_BY_NC_4_0","iNaturalist.org","https://www.inaturalist.org/observations/159021868","alvesjp_biousp",,,,,,"https://www.inaturalist.org/observations/159021868",,,,,,,,,,,,,,,"PRESENT",,,,,,,,,,,,,,,,,,,,,,"09:35:40-03:00","121","121",,,,,,,,,"SOUTH_AMERICA",,,,,,,,,,"203",,,,,,,,,,,,,,,,,,,,,,,,,,,,,,"357596963",,,,,,"132458",,"5415463",,,,,,,,,,,,,,,,,"Thunbergia",,,"alata",,,,,,,,"50c9509d-22c7-4a22-a47d-8c48425ef4a7","US","2024-12-16 11:43:25.444",,,,,,"COORDINATE_ROUNDED;CONTINENT_DERIVED_FROM_COORDINATES;TAXON_MATCH_TAXON_ID_IGNORED","StillImage",TRUE,FALSE,"5415463","5415463","6","7707728","220","408","2393","3173206",,"5415463","Thunbergia alata","Thunbergia alata",,"DWC_ARCHIVE","2024-12-16 11:43:25.444","2024-12-15 18:55:26.086",TRUE,,"null",FALSE,"LATIN_AMERICA","NORTH_AMERICA","BRA","Brazil","BRA.25_1","São Paulo","BRA.25.565_2","São Paulo",,,"NE",,,,,,"EPSG:4326",,,,,,,,,,,,,,,,,,,"brazil_sao paulo","Brazil","São Paulo",,,"gdam","brazil_sao paulo","Brazil","São Paulo",,,"gdam","brazil_sao paulo","Brazil","São Paulo",,,"gdam","check_local.2state","Thunbergia alata","Bojer ex Sims","name_w_authors","Acanthaceae","Thunbergia alata","Bojer ex Sims","species","name accepted","bfo-21730",,,"Thunbergia alata Bojer ex Sims","Thunbergia","Acanthaceae","unknown","Thunbergia alata"
"Tillandsia usneoides","gbif","Observations","158915893","Tillandsia usneoides (L.) L.","Plantae","Bromeliaceae","Tillandsia","2023","5","1","BR","São Paulo",,"Parque Natural Municipal Bororé","iNaturalist","Tracheophyta","HUMAN_OBSERVATION",,,,,"zedenil","-46.655021","-23.807617","2023-11-21 23:02:55",,"zedenil",,,,,,,,,,,"Liliopsida","Poales",,,,,,,,,"GBIF",,"2023-05-01 22:54:20","Tillandsia usneoides (L.) L.",,"BR",,"iNaturalist research-grade observations","2023-05-01T11:10:51",,,,,,"ACCEPTED","SPECIES",,,"2023-05-01 11:10:51","Parque Natural Municipal Bororé",,,,,,,,,,,"brazil","sao paulo","parque natural municipal borore","parque natural municipal borore",,"locality","brazil_sao paulo_parque natural municipal borore","brazil_sao paulo",-22.2584562,-48.7420254,"state","767376","4103493408",,,"CC_BY_NC_4_0","iNaturalist.org","https://www.inaturalist.org/observations/158915893","zedenil",,,,,,"https://www.inaturalist.org/observations/158915893",,,,,,,,,,,,,,,"PRESENT",,,,,,,,,,,,,,,,,,,,,,"11:10:51-03:00","121","121",,,,,,,,,"SOUTH_AMERICA",,,,,,,,,,"203",,,,,,,,,,,,,,,,,,,,,,,,,,,,,,"357448821",,,,,,"49569",,"2695149",,,,,,,,,,,,,,,,,"Tillandsia",,,"usneoides",,,,,,,,"50c9509d-22c7-4a22-a47d-8c48425ef4a7","US","2024-12-16 11:44:16.813",,,,,,"COORDINATE_ROUNDED;CONTINENT_DERIVED_FROM_COORDINATES;TAXON_MATCH_TAXON_ID_IGNORED","StillImage;StillImage",TRUE,FALSE,"2695149","2695149","6","7707728","196","1369","3740","8279994",,"2695149","Tillandsia usneoides","Tillandsia usneoides",,"DWC_ARCHIVE","2024-12-16 11:44:16.813","2024-12-15 18:55:26.086",TRUE,,"null",FALSE,"LATIN_AMERICA","NORTH_AMERICA","BRA","Brazil","BRA.25_1","São Paulo","BRA.25.565_2","São Paulo",,,"LC",,,,,,"EPSG:4326",,,,,,,,,,,,,,,,,,,"brazil_sao paulo","Brazil","São Paulo",,,"gdam","brazil_sao paulo","Brazil","São Paulo",,,"gdam","brazil_sao paulo","Brazil","São Paulo",,,"gdam","check_local.2state","Tillandsia usneoides","(L.) L.","name_w_authors","Bromeliaceae","Tillandsia usneoides","(L.) L.","species","name accepted","bfo-6412",,,"Tillandsia usneoides (L.) L.","Tillandsia","Bromeliaceae","unknown","Tillandsia usneoides"
"Urera nitida","gbif","Observations","158910683","Urera nitida (Vell.) P.Brack","Plantae","Urticaceae","Urera","2023","5","1","BR","São Paulo",,"Parque Natural Municipal Bororé","iNaturalist","Tracheophyta","HUMAN_OBSERVATION",,,,,"zedenil","-46.655021","-23.807617","2023-09-27 00:09:29",,"zedenil",,,,,,,,,,,"Magnoliopsida","Rosales",,,,,,,,,"GBIF",,"2023-05-01 22:43:31","Urera nitida (Vell.) P.Brack",,"BR",,"iNaturalist research-grade observations","2023-05-01T10:57:39",,,,,,"ACCEPTED","SPECIES",,,"2023-05-01 10:57:39","Parque Natural Municipal Bororé",,,,,,,,,,,"brazil","sao paulo","parque natural municipal borore","parque natural municipal borore",,"locality","brazil_sao paulo_parque natural municipal borore","brazil_sao paulo",-22.2584562,-48.7420254,"state","774403","4416790508",,,"CC_BY_NC_4_0","iNaturalist.org","https://www.inaturalist.org/observations/158910683","zedenil",,,,,,"https://www.inaturalist.org/observations/158910683",,,,,,,,,,,,,,,"PRESENT",,,,,,,,,,,,,,,,,,,,,,"10:57:39-03:00","121","121",,,,,,,,,"SOUTH_AMERICA",,,,,,,,,,"203",,,,,,,,,,,,,,,,,,,,,,,,,,,,,,"357441493",,,,,,"1090236",,"4098735",,,,,,,,,,,,,,,,,"Urera",,,"nitida",,,,,,,,"50c9509d-22c7-4a22-a47d-8c48425ef4a7","US","2024-12-16 11:44:04.074",,,,,,"COORDINATE_ROUNDED;CONTINENT_DERIVED_FROM_COORDINATES;TAXON_MATCH_TAXON_ID_IGNORED","StillImage",TRUE,FALSE,"4098735","4098735","6","7707728","220","691","6639","2984329",,"4098735","Urera nitida","Urera nitida",,"DWC_ARCHIVE","2024-12-16 11:44:04.074","2024-12-15 18:55:26.086",TRUE,,"null",FALSE,"LATIN_AMERICA","NORTH_AMERICA","BRA","Brazil","BRA.25_1","São Paulo","BRA.25.565_2","São Paulo",,,"NE",,,,,,"EPSG:4326",,,,,,,,,,,,,,,,,,,"brazil_sao paulo","Brazil","São Paulo",,,"gdam","brazil_sao paulo","Brazil","São Paulo",,,"gdam","brazil_sao paulo","Brazil","São Paulo",,,"gdam","check_local.2state","Urera nitida","(Vell.) P.Brack","name_w_authors","Urticaceae","Urera nitida","(Vell.) P.Brack","species","name accepted","bfo-15078",,,"Urera nitida (Vell.) P.Brack","Urera","Urticaceae","unknown","Urera nitida"
"Vitex polygama","gbif","PEL","PEL00005011","Vitex polygama Cham.","Plantae","Lamiaceae","Vitex","2012","5","3","Brasil","São Paulo",,"Parque Natural Municipal Bororé, Ponto 45 da trilha próxima à futura sede","PEL","Tracheophyta","PRESERVED_SPECIMEN",,,,,"F.G. Pereira;R.J.F. Garcia,P.S.P. Lobão,G.R.M. Nakamura",,,,"Cham.","G.M.P. Ferreira",,"528",,,,,,,"Árvore, 4m alt. Frutos maduros negros.",,"Magnoliopsida","Lamiales",,,,,,,,,"GBIF","São Paulo",,"Vitex polygama Cham.","Herbário Virtual REFLORA Disponível em: http://herbariovirtualreflora.jbrj.gov.br/reflora/herbarioVirtual/ConsultaPublicoHVUC/ConsultaPublicoHVUC.do?idTestemunho=6568575","BR",,,"2012-05-03",,,,,,"ACCEPTED","SPECIES",,,"2012-05-03",,,,,,,,,,,,"brazil","sao paulo","sao paulo","parque natural municipal borore",,"locality","brazil_sao paulo_sao paulo","brazil_sao paulo_sao paulo",-23.65041685,-46.64802516,"county","908197","4999702245",,"pt","CC_BY_4_0","Instituto de Pesquisas Jardim Botanico do Rio de Janeiro",,"PEL","92.242.080/0001-00",,,,,"6568575",,,,,,,,,,,,,,,"PRESENT",,,,,,,"PEL 26908",,,,,,,,,,,,,,,,"124","124",,,,,,,,,"SOUTH_AMERICA",,,,,,,,,,,,,,,,,,,,,,,,,,,,,,,,,,,,,,,,,,,,,,,,"7309300",,,,,,,,,,,,,,,,,"Vitex",,,"polygama",,,,,,,,"f15facfb-b1da-4fdd-b4cb-94a850ee6b0b","BR","2025-01-01 14:41:00.001",,,,,,"RECORDED_DATE_INVALID;IDENTIFIED_DATE_INVALID;CONTINENT_DERIVED_FROM_COUNTRY;INSTITUTION_MATCH_FUZZY;COLLECTION_MATCH_FUZZY",,FALSE,FALSE,"7309300","7309300","6","7707728","220","408","2497","2925556",,"7309300","Vitex polygama","Vitex polygama Cham.",,"EML","2025-01-01 14:41:00.001","2025-01-01 12:04:53.42",FALSE,,"null",FALSE,"LATIN_AMERICA","LATIN_AMERICA",,,,,,,,,"LC","jbrj-public.s3-sa-east-1.amazonaws.com/fsi/server?type=image&source=DZI/pel/pel/0/0/50/11/pel00005011.dzi",,,,,,,,,,,,,,,,,,,,,,,,"brazil_sao paulo_sao paulo","Brazil","São Paulo","São Paulo",,"ibge","brazil_sao paulo_sao paulo","Brazil","São Paulo","São Paulo",,"ibge","brazil_sao paulo_sao paulo","Brazil","São Paulo","São Paulo",,"ibge","check_local.2municip.","Vitex polygama","Cham.","name_w_authors","Lamiaceae","Vitex polygama","Cham.","species","name accepted","bfo-8371",,,"Vitex polygama Cham.","Vitex","Lamiaceae","unknown","Vitex polygama"
"Vriesea carinata","gbif","Observations","159266281","Vriesea carinata Wawra","Plantae","Bromeliaceae","Vriesea","2023","5","1","BR","São Paulo",,"Parque Natural Municipal Bororé","iNaturalist","Tracheophyta","HUMAN_OBSERVATION",,,,,"caue06_","-46.655021","-23.807617","2023-05-02 20:58:11",,"caue06_",,,,,,,,,,,"Liliopsida","Poales",,,,,,,,,"GBIF",,"2023-05-02 20:52:31","Vriesea carinata Wawra",,"BR",,"iNaturalist research-grade observations","2023-05-01T10:21:08",,,,,,"ACCEPTED","SPECIES",,,"2023-05-01 10:21:08","Parque Natural Municipal Bororé",,,,,,,,,,,"brazil","sao paulo","parque natural municipal borore","parque natural municipal borore",,"locality","brazil_sao paulo_parque natural municipal borore","brazil_sao paulo",-22.2584562,-48.7420254,"state","767332","4103145736",,,"CC_BY_NC_4_0","iNaturalist.org","https://www.inaturalist.org/observations/159266281","caue06_",,,,,,"https://www.inaturalist.org/observations/159266281",,,,,,,,,,,,,,,"PRESENT",,,,,,,,,,,,,,,,,,,,,,"10:21:08-03:00","121","121",,,,,,,,,"SOUTH_AMERICA",,,,,,,,,,"204",,,,,,,,,,,,,,,,,,,,,,,,,,,,,,"358080802",,,,,,"545104",,"5289330",,,,,,,,,,,,,,,,,"Vriesea",,,"carinata",,,,,,,,"50c9509d-22c7-4a22-a47d-8c48425ef4a7","US","2024-12-16 12:19:40.63",,,,,,"COORDINATE_ROUNDED;CONTINENT_DERIVED_FROM_COORDINATES;TAXON_MATCH_TAXON_ID_IGNORED","StillImage",TRUE,FALSE,"5289330","5289330","6","7707728","196","1369","3740","2699764",,"5289330","Vriesea carinata","Vriesea carinata",,"DWC_ARCHIVE","2024-12-16 12:19:40.63","2024-12-15 18:55:26.086",TRUE,,"null",FALSE,"LATIN_AMERICA","NORTH_AMERICA","BRA","Brazil","BRA.25_1","São Paulo","BRA.25.565_2","São Paulo",,,"NE",,,,,,"EPSG:4326",,,,,,,,,,,,,,,,,,,"brazil_sao paulo","Brazil","São Paulo",,,"gdam","brazil_sao paulo","Brazil","São Paulo",,,"gdam","brazil_sao paulo","Brazil","São Paulo",,,"gdam","check_local.2state","Vriesea carinata","Wawra","name_w_authors","Bromeliaceae","Vriesea carinata","Wawra","species","name accepted","bfo-6441",,,"Vriesea carinata Wawra","Vriesea","Bromeliaceae","unknown","Vriesea carinata"
