"data_source","barcode","collectionCode","catalogNumber","scientificName","kingdom","family","genus","year","month","day","country","stateProvince","county","locality","institutionCode","basisOfRecord","identifiedBy","yearIdentified","monthIdentified","dayIdentified","verbatimLatitude","verbatimLongitude","collectionID","specificEpithet","recordedBy","decimalLongitude","decimalLatitude","modified","scientificNameAuthorship","recordNumber","minimumElevationInMeters","maximumElevationInMeters","infraspecificEpithet","coordinatePrecision","phylum","class","order","individualcount","continentocean","preparationtype","typeStatus","minimumDepthInMeters","maximumDepthInMeters","fieldNumber","previouscatalognumber","relationshiptype","relatedcatalogitem","downloadedFrom","municipality","dateIdentified","acceptedScientificName","bibliographicCitation","countryCode","datasetID","datasetName","eventDate","fieldNotes","habitat","identificationRemarks","latitude","longitude","taxonomicStatus","taxonRank","type","verbatimElevation","verbatimEventDate","verbatimLocality","collectionCode.new","collectionObs","recordedBy.new","recordNumber.new","year.new","identifiedBy.new","yearIdentified.new","recordedBy.aux","last.name","identifiedBy.aux","country.new","stateProvince.new","municipality.new","locality.new","locality.scrap","resol.orig","loc","loc.correct","latitude.gazetteer","longitude.gazetteer","resolution.gazetteer","gbifID","institutionID","informationWithheld","dataGeneralizations","occurrenceID","recordedByID","caste","vitality","georeferenceVerificationStatus","occurrenceStatus","materialEntityID","materialEntityRemarks","verbatimLabel","eventType","samplingProtocol","eventRemarks","locationID","locationRemarks","coordinateUncertaintyInMeters","pointRadiusSpatialFit","verbatimCoordinateSystem","georeferencedBy","georeferencedDate","georeferenceProtocol","georeferenceRemarks","identificationID","verbatimIdentification","identifiedByID","taxonID","acceptedNameUsage","parentNameUsage","originalNameUsage","nameAccordingTo","namePublishedIn","namePublishedInYear","superfamily","subfamily","tribe","subtribe","genericName","subgenus","infragenericEpithet","cultivarEpithet","verbatimTaxonRank","taxonRemarks","datasetKey","distanceFromCentroidInMeters","mediaType","hasCoordinate","hasGeospatialIssues","species","verbatimScientificName","projectId","isSequenced","gbifRegion","publishedByGbifRegion","iucnRedListCategory","associatedMedia","geodeticDatum","verbatimCoordinates","imageCollectionCode","virtualDuplicates","duplicates","DeterminationQualifier","recordedByExtra","dateCollected","dateCollectedMax","verbatimElevationMax","measurementUnit","verbatimLatitudeMax","verbatimLongitudeMax","updatedBy","dateUpdated","right","modified_incomplete","Clado","loc.correct.mun","NAME_0","NAME_1","NAME_2","NAME_3","loc.check","scientificName.new","scientificNameAuthorship.new","scientificNameStatus","suggestedFamily","suggestedName","suggestedAuthorship","taxon.rank","tax.notes","id","accepted.tax.name","accepted.tax.authorship","scientificNameFull","genus.new","family.new","tax.check","species.new"
"speciesLink","UEC055070","UEC","145708","Acanthocladus brasiliensis","Plantae","Polygalaceae","Acanthocladus","2001","08","18","Brazil","São Paulo","Jaguariúna","RPPN Estância Jatobá","UNICAMP","S","Farah, FT",,,,"-22.667417","-47.037222","2","brasiliensis","Farah, FT","-47.037222","-22.667417","2024-11-25T11:32:45","(A.St.-Hil.) Klotzsch ex Hassk.","2369","585","585",,,"Magnoliopsida",,,,,,,,,,,,,"SPLINK","Jaguariúna",,,,,,,,,,,,,,,,,,,"UEC",,"Farah, F.T.","2369","2001","Farah, F.T.","n.d.",,"Farah",,"brazil","sao paulo","jaguariuna","rppn estancia jatoba",,"locality","brazil_sao paulo_jaguariuna","brazil_sao paulo_jaguariuna",-22.69192697,-47.01296363,"county",,,,,,,,,,,,,,,,,,,,,,,,,,,,,,,,,,,,,,,,,,,,,,,,,,,,,,,,,,,,,,,,,,,,,,,,,,,,,"brazil_sao paulo_jaguariuna","Brazil","São Paulo","Jaguariúna",,"check_local.2municip.","Acanthocladus brasiliensis","(A.St.-Hil. & Moq.) Klotzsch ex Hassk.","possibly_ok","Polygalaceae","Acanthocladus brasiliensis","(A.St.-Hil. & Moq.) Klotzsch ex Hassk.","species","author misspelled","bfo-103170",,,"Acanthocladus brasiliensis (A.St.-Hil. & Moq.) Klotzsch ex Hassk.","Acanthocladus","Polygalaceae","low","Acanthocladus brasiliensis"
"speciesLink","UEC070665","UEC","145677","Canna","Plantae","Cannaceae","Canna","2001","08","18","Brazil","São Paulo","Jaguariúna","RPPN Estância Jatobá","UNICAMP","S","Coffani-Nunes, JV","2012","06","13","-22.667417","-47.037222","2",,"Farah, FT","-47.037222","-22.667417","2024-11-25T11:10:36",,"2392",,,,,"Liliopsida",,,,,,,,,,,,,"SPLINK","Jaguariúna","2012-06-13",,,,,,,,,,,,,,,,,,"UEC",,"Farah, F.T.","2392","2001","Coffani-Nunes, J.V.","2012",,"Farah",,"brazil","sao paulo","jaguariuna","rppn estancia jatoba",,"locality","brazil_sao paulo_jaguariuna","brazil_sao paulo_jaguariuna",-22.69192697,-47.01296363,"county",,,,,,,,,,,,,,,,,,,,,,,,,,,,,,,,,,,,,,,,,,,,,,,,,,,,,,,,,,,,,,,,,,,,,,,,,,,,,"brazil_sao paulo_jaguariuna","Brazil","São Paulo","Jaguariúna",,"check_local.2municip.","Canna","L.","indet","Cannaceae","Canna","L.","genus","name accepted","bfo-110626",,,"Canna L.","Canna","Cannaceae","low",
"gbif",,"UEC","145710","Chamaecrista nictitans (L.) Moench","Plantae","Fabaceae","Chamaecrista","2002","3","9","Brazil","São Paulo",,"RPPN Estância Jatobá","UNICAMP","PRESERVED_SPECIMEN","Escobar, NAG",,,,,,"https://specieslink.net/col/2","nictitans","Farah, FT","-47.037222","-22.667417","2024-11-25 11:22:13","(L.) Moench","2389","585","585",,,"Tracheophyta","Magnoliopsida","Fabales",,,,,,,,,,,"GBIF","Jaguariúna","2015-07-01","Chamaecrista nictitans (L.) Moench",,"BR",,,"2002-03-09",,,,,,"ACCEPTED","SPECIES",,,,,,,,,,,,,,,"brazil","sao paulo","jaguariuna","rppn estancia jatoba",,"locality","brazil_sao paulo_jaguariuna","brazil_sao paulo_jaguariuna",-22.69192697,-47.01296363,"county","1089087019",,,,"https://specieslink.net/guid/2/145710",,,,,"PRESENT",,,,,,,,,,,,,,,,,,,,,,,,,,,,,,"Chamaecrista",,,,,,"7741a517-ab3d-4b85-ae58-56322e44c8ce",,,TRUE,FALSE,"Chamaecrista nictitans","Chamaecrista nictitans","null",FALSE,"LATIN_AMERICA","LATIN_AMERICA","LC",,"WGS84",,,,,,,,,,,,,,,,,,"brazil_sao paulo_jaguariuna","Brazil","São Paulo","Jaguariúna",,"check_local.2municip.","Chamaecrista nictitans","(L.) Moench","name_w_authors","Fabaceae","Chamaecrista nictitans","(L.) Moench","species","name accepted","bfo-22877",,,"Chamaecrista nictitans (L.) Moench","Chamaecrista","Fabaceae","unknown","Chamaecrista nictitans"
"speciesLink","UEC070668","UEC","145706","Chromolaena laevigata","Plantae","Asteraceae","Chromolaena","2001","08","18","Brazil","São Paulo","Jaguariúna","RPPN Estância Jatobá, Floresta Estacional Semidecidual, borda, 585 m.s.m.","UNICAMP","S","Lopes, ITFV","2016","10","18","-22.667417","-47.037222","2","laevigata","Farah, FT","-47.037222","-22.667417","2024-11-25T11:14:56","(Lam.) R.M.King & H.Rob.","2373",,,,,"Magnoliopsida",,,,,,,,,,,,,"SPLINK","Jaguariúna","2016-10-18",,,,,,,,,,,,,,,,,,"UEC",,"Farah, F.T.","2373","2001","Lopes, I.T.F.V.","2016",,"Farah",,"brazil","sao paulo","jaguariuna","rppn estancia jatoba",,"locality","brazil_sao paulo_jaguariuna","brazil_sao paulo_jaguariuna",-22.69192697,-47.01296363,"county",,,,,,,,,,,,,,,,,,,,,,,,,,,,,,,,,,,,,,,,,,,,,,,,,,,,,,,,,,,,,,,,,,,,,,,,,,,,,"brazil_sao paulo_jaguariuna","Brazil","São Paulo","Jaguariúna",,"check_local.2municip.","Chromolaena laevigata","(Lam.) R.M.King & H.Rob.","possibly_ok","Asteraceae","Chromolaena laevigata","(Lam.) R.M.King & H.Rob.","species","name accepted","bfo-16058",,,"Chromolaena laevigata (Lam.) R.M.King & H.Rob.","Chromolaena","Asteraceae","low","Chromolaena laevigata"
"speciesLink","UEC060397","UEC","145671","Cybianthus densicomus","Plantae","Primulaceae","Cybianthus","2001","07","20","Brazil","São Paulo","Jaguariúna","RPPN Estância Jatobá, Floresta ciliar.","UNICAMP","S","Farah, FT",,,,"-22.667417","-47.037222","2","densicomus","Farah, FT","-47.037222","-22.667417","2024-11-25T11:33:04","Mart.","2371","585","585",,,"Magnoliopsida",,,,,,,,,,,,,"SPLINK","Jaguariúna",,,,,,,,,,,,,,,,,,,"UEC",,"Farah, F.T.","2371","2001","Farah, F.T.","n.d.",,"Farah",,"brazil","sao paulo","jaguariuna","rppn estancia jatoba",,"locality","brazil_sao paulo_jaguariuna","brazil_sao paulo_jaguariuna",-22.69192697,-47.01296363,"county",,,,,,,,,,,,,,,,,,,,,,,,,,,,,,,,,,,,,,,,,,,,,,,,,,,,,,,,,,,,,,,,,,,,,,,,,,,,,"brazil_sao paulo_jaguariuna","Brazil","São Paulo","Jaguariúna",,"check_local.2municip.","Cybianthus densicomus","Mart.","possibly_ok","Primulaceae","Cybianthus densicomus","Mart.","species","name accepted","bfo-31456",,,"Cybianthus densicomus Mart.","Cybianthus","Primulaceae","low","Cybianthus densicomus"
"gbif",,"UEC","145675","Cyperaceae","Plantae","Cyperaceae",,"2001","8","18","Brazil","São Paulo",,"RPPN Estância Jatobá, Campo úmido, 585 m.s.m.","UNICAMP","PRESERVED_SPECIMEN","Farah, FT",,,,,,"https://specieslink.net/col/2",,"Farah, FT","-47.037222","-22.667417","2024-11-25 11:11:04","Vahl","2382",,,,,"Tracheophyta","Liliopsida","Poales",,,,,,,,,,,"GBIF","Jaguariúna",,"Cyperaceae",,"BR",,,"2001-08-18",,,,,,"ACCEPTED","FAMILY",,,,,,,,,,,,,,,"brazil","sao paulo","jaguariuna","rppn estancia jatoba",,"locality","brazil_sao paulo_jaguariuna","brazil_sao paulo_jaguariuna",-22.69192697,-47.01296363,"county","1089087016",,,,"https://specieslink.net/guid/2/145675",,,,,"PRESENT",,,,,,,,,,,,,,,,,,,,,,,,,,,,,,,,,,,,"7741a517-ab3d-4b85-ae58-56322e44c8ce",,,TRUE,FALSE,,"Rynchospora","null",FALSE,"LATIN_AMERICA","LATIN_AMERICA","NE","https://images.cria.org.br/viewer/UEC070667","WGS84",,,,,,,,,,,,,,,,,,"brazil_sao paulo_jaguariuna","Brazil","São Paulo","Jaguariúna",,"check_local.2municip.","Cyperaceae","Juss.","family_as_genus","Cyperaceae","Cyperaceae","Juss.","family","name accepted","bfo-100",,,"Cyperaceae Juss.",,"Cyperaceae","unknown",
"speciesLink","UEC055065","UEC","145707","Dendropanax cuneatus","Plantae","Araliaceae","Dendropanax","2001","08","18","Brazil","São Paulo","Jaguariúna","RPPN Estância Jatobá","UNICAMP","S","Farah, FT",,,,"-22.667417","-47.037222","2","cuneatus","Farah, FT","-47.037222","-22.667417","2024-11-25T11:13:33","(A.DC.) Decne. & Planch.","2391","585","585",,,"Magnoliopsida",,,,,,,,,,,,,"SPLINK","Jaguariúna",,,,,,,,,,,,,,,,,,,"UEC",,"Farah, F.T.","2391","2001","Farah, F.T.","n.d.",,"Farah",,"brazil","sao paulo","jaguariuna","rppn estancia jatoba",,"locality","brazil_sao paulo_jaguariuna","brazil_sao paulo_jaguariuna",-22.69192697,-47.01296363,"county",,,,,,,,,,,,,,,,,,,,,,,,,,,,,,,,,,,,,,,,,,,,,,,,,,,,,,,,,,,,,,,,,,,,,,,,,,,,,"brazil_sao paulo_jaguariuna","Brazil","São Paulo","Jaguariúna",,"check_local.2municip.","Dendropanax cuneatus","(DC.) Decne. & Planch.","possibly_ok","Araliaceae","Dendropanax cuneatus","(DC.) Decne. & Planch.","species","author misspelled","bfo-5105",,,"Dendropanax cuneatus (DC.) Decne. & Planch.","Dendropanax","Araliaceae","low","Dendropanax cuneatus"
"gbif",,"UEC","145674","Eriochrysis cayennensis P.Beauv.","Plantae","Poaceae","Eriochrysis","2001","8","18","Brazil","São Paulo",,"RPPN Estância Jatobá, Campo úmido.","UNICAMP","PRESERVED_SPECIMEN","Neves, BT",,,,,,"https://specieslink.net/col/2","cayennensis","Farah, FT","-47.037222","-22.667417","2024-11-25 11:11:48","P.Beauv.","2381",,,,,"Tracheophyta","Liliopsida","Poales",,,,,,,,,,,"GBIF","Jaguariúna","2012-09-01","Eriochrysis cayennensis P.Beauv.",,"BR",,,"2001-08-18",,,,,,"ACCEPTED","SPECIES",,,,,,,,,,,,,,,"brazil","sao paulo","jaguariuna","rppn estancia jatoba",,"locality","brazil_sao paulo_jaguariuna","brazil_sao paulo_jaguariuna",-22.69192697,-47.01296363,"county","1089086995",,,,"https://specieslink.net/guid/2/145674",,,,,"PRESENT",,,,,,,,,,,,,,,,,,,,,,,,,,,,,,"Eriochrysis",,,,,,"7741a517-ab3d-4b85-ae58-56322e44c8ce",,,TRUE,FALSE,"Eriochrysis cayennensis","Eriochrysis cayennensis","null",FALSE,"LATIN_AMERICA","LATIN_AMERICA","NE","https://images.cria.org.br/viewer/UEC070663","WGS84",,,,,,,,,,,,,,,,,,"brazil_sao paulo_jaguariuna","Brazil","São Paulo","Jaguariúna",,"check_local.2municip.","Eriochrysis cayennensis","P.Beauv.","name_w_authors","Poaceae","Eriochrysis cayennensis","P.Beauv.","species","name accepted","bfo-13234",,,"Eriochrysis cayennensis P.Beauv.","Eriochrysis","Poaceae","unknown","Eriochrysis cayennensis"
"speciesLink","SORO003727","SORO","3727","Eugenia hiemalis","Plantae","Myrtaceae","Eugenia","2001","08","19","Brasil","São Paulo","Jaguariúna","RPPN Estância Jatobá, Floresra ciliar, 585 msm","UFSCar","PreservedSpecimen",,,,,"22°39.627'S","47°02.140'W","391","hiemalis","Farah, F.T.","-47.035667","-22.66045","2025-05-05T15:48:11","Cambess.","2380",,,,,,,,,,,,,,,,,,"SPLINK","Jaguariúna",,,,,,,,,,,,,,,,,,,"SORO",,"Farah, F.T.","2380","2001","s.n.","n.d.",,"Farah",,"brazil","sao paulo","jaguariuna","rppn estancia jatoba",,"locality","brazil_sao paulo_jaguariuna","brazil_sao paulo_jaguariuna",-22.69192697,-47.01296363,"county",,,,,,,,,,,,,,,,,,,,,,,,,,,,,,,,,,,,,,,,,,,,,,,,,,,,,,,,,,,,,,,,,,,,,,,,,,,,,"brazil_sao paulo_jaguariuna","Brazil","São Paulo","Jaguariúna",,"check_local.2municip.","Eugenia hiemalis","Cambess.","possibly_ok","Myrtaceae","Eugenia hiemalis","Cambess.","species","name accepted","bfo-10414",,,"Eugenia hiemalis Cambess.","Eugenia","Myrtaceae","unknown","Eugenia hiemalis"
"speciesLink","UEC070669","UEC","145676","Eupatorium","Plantae","Asteraceae","Eupatorium","2001","08","18","Brazil","São Paulo","Jaguariúna","RPPN Estância Jatobá, Floresta Estacional Semidecidual, borda","UNICAMP","S","Farah, FT",,,,"-22.667417","-47.037222","2",,"Farah, FT","-47.037222","-22.667417","2024-11-25T11:15:19","L.","2375",,,,,"Magnoliopsida",,,,,,,,,,,,,"SPLINK","Jaguariúna",,,,,,,,,,,,,,,,,,,"UEC",,"Farah, F.T.","2375","2001","Farah, F.T.","n.d.",,"Farah",,"brazil","sao paulo","jaguariuna","rppn estancia jatoba",,"locality","brazil_sao paulo_jaguariuna","brazil_sao paulo_jaguariuna",-22.69192697,-47.01296363,"county",,,,,,,,,,,,,,,,,,,,,,,,,,,,,,,,,,,,,,,,,,,,,,,,,,,,,,,,,,,,,,,,,,,,,,,,,,,,,"brazil_sao paulo_jaguariuna","Brazil","São Paulo","Jaguariúna",,"check_local.2municip.","Eupatorium","L.","indet","Asteraceae","Eupatorium","L.","genus","name accepted","bfo-22208",,,"Eupatorium L.","Eupatorium","Asteraceae","low",
"speciesLink","UEC055893","UEC","145678","Ficus luschnathiana","Plantae","Moraceae","Ficus","2001","07","18","Brazil","São Paulo","Jaguariúna","RPPN Estância Jatobá","UNICAMP","S","Tamashiro, JY",,,,"-22.667417","-47.037222","2","luschnathiana","Farah, FT","-47.037222","-22.667417","2024-11-25T11:30:51","(Miq.) Miq.","2370","585","585",,,"Magnoliopsida",,,,,,,,,,,,,"SPLINK","Jaguariúna",,,,,,,,,,,,,,,,,,,"UEC",,"Farah, F.T.","2370","2001","Tamashiro, J.Y.","n.d.",,"Farah",,"brazil","sao paulo","jaguariuna","rppn estancia jatoba",,"locality","brazil_sao paulo_jaguariuna","brazil_sao paulo_jaguariuna",-22.69192697,-47.01296363,"county",,,,,,,,,,,,,,,,,,,,,,,,,,,,,,,,,,,,,,,,,,,,,,,,,,,,,,,,,,,,,,,,,,,,,,,,,,,,,"brazil_sao paulo_jaguariuna","Brazil","São Paulo","Jaguariúna",,"check_local.2municip.","Ficus luschnathiana","(Miq.) Miq.","possibly_ok","Moraceae","Ficus luschnathiana","(Miq.) Miq.","species","name accepted","bfo-10168",,,"Ficus luschnathiana (Miq.) Miq.","Ficus","Moraceae","low","Ficus luschnathiana"
"gbif",,"UEC","145709","Hydrocotyle leucocephala Cham. & Schltdl.","Plantae","Araliaceae","Hydrocotyle","2002","3","9","Brazil","São Paulo",,"RPPN Estância Jatobá","UNICAMP","PRESERVED_SPECIMEN","Mendoza, M",,,,,,"https://specieslink.net/col/2","leucocephala","Farah, FT","-47.037222","-22.667417","2024-11-25 11:12:40","Cham. & Schltdl.","2387","585","585",,,"Tracheophyta","Magnoliopsida","Apiales",,,,,,,,,,,"GBIF","Jaguariúna","2015-10-02","Hydrocotyle leucocephala Cham. & Schltdl.",,"BR",,,"2002-03-09",,,,,,"ACCEPTED","SPECIES",,,,,,,,,,,,,,,"brazil","sao paulo","jaguariuna","rppn estancia jatoba",,"locality","brazil_sao paulo_jaguariuna","brazil_sao paulo_jaguariuna",-22.69192697,-47.01296363,"county","1089087006",,,,"https://specieslink.net/guid/2/145709",,,,,"PRESENT",,,,,,,,,,,,,,,,,,,,,,,,,,,,,,"Hydrocotyle",,,,,,"7741a517-ab3d-4b85-ae58-56322e44c8ce",,,TRUE,FALSE,"Hydrocotyle leucocephala","Hydrocotyle leucocephala","null",FALSE,"LATIN_AMERICA","LATIN_AMERICA","NE",,"WGS84",,,,,,,,,,,,,,,,,,"brazil_sao paulo_jaguariuna","Brazil","São Paulo","Jaguariúna",,"check_local.2municip.","Hydrocotyle leucocephala","Cham. & Schltdl.","name_w_authors","Araliaceae","Hydrocotyle leucocephala","Cham. & Schltdl.","species","name accepted","bfo-5122",,,"Hydrocotyle leucocephala Cham. & Schltdl.","Hydrocotyle","Araliaceae","unknown","Hydrocotyle leucocephala"
"gbif",,"UEC","145702","Mascagnia cordifolia (A.Juss.) Griseb.","Plantae","Malpighiaceae","Mascagnia","2001","8","19","Brazil","São Paulo",,"RPPN Estância Jatobá, Pastagem.","UNICAMP","PRESERVED_SPECIMEN","Almeida, RF",,,,,,"https://specieslink.net/col/2","cordifolia","Farah, FT","-47.037222","-22.667417","2024-11-25 11:28:54","(A.Juss.) Griseb.","2376","585","585",,,"Tracheophyta","Magnoliopsida","Malpighiales",,,,,,,,,,,"GBIF","Jaguariúna","2013-06-01","Mascagnia cordifolia (A.Juss.) Griseb.",,"BR",,,"2001-08-19",,,,,,"ACCEPTED","SPECIES",,,,,,,,,,,,,,,"brazil","sao paulo","jaguariuna","rppn estancia jatoba",,"locality","brazil_sao paulo_jaguariuna","brazil_sao paulo_jaguariuna",-22.69192697,-47.01296363,"county","1089087002",,,,"https://specieslink.net/guid/2/145702",,,,,"PRESENT",,,,,,,,,,,,,,,,,,,,,,,,,,,,,,"Mascagnia",,,,,,"7741a517-ab3d-4b85-ae58-56322e44c8ce",,,TRUE,FALSE,"Mascagnia cordifolia","Mascagnia cordifolia","null",FALSE,"LATIN_AMERICA","LATIN_AMERICA","NE","https://images.cria.org.br/viewer/UEC060395","WGS84",,,,,,,,,,,,,,,,,,"brazil_sao paulo_jaguariuna","Brazil","São Paulo","Jaguariúna",,"check_local.2municip.","Mascagnia cordifolia","(A.Juss.) Griseb.","name_w_authors","Malpighiaceae","Mascagnia cordifolia","(A.Juss.) Griseb.","species","name accepted","bfo-8919",,,"Mascagnia cordifolia (A.Juss.) Griseb.","Mascagnia","Malpighiaceae","unknown","Mascagnia cordifolia"
"speciesLink","UEC070776","UEC","145701","Niedenzuella multiglandulosa","Plantae","Malpighiaceae","Niedenzuella","2001","08","18","Brazil","São Paulo","Jaguariúna","RPPN Estância Jatobá","UNICAMP","S","Almeida, RF","2013","06",,"-22.667417","-47.037222","2","multiglandulosa","Farah, FT","-47.037222","-22.667417","2024-11-25T11:28:54","(A.Juss.) W.R.Anderson","2377","585","585",,,"Magnoliopsida",,,,,,,,,,,,,"SPLINK","Jaguariúna","2013-06-NA",,,,,,,,,,,,,,,,,,"UEC",,"Farah, F.T.","2377","2001","Almeida, R.F.","2013",,"Farah",,"brazil","sao paulo","jaguariuna","rppn estancia jatoba",,"locality","brazil_sao paulo_jaguariuna","brazil_sao paulo_jaguariuna",-22.69192697,-47.01296363,"county",,,,,,,,,,,,,,,,,,,,,,,,,,,,,,,,,,,,,,,,,,,,,,,,,,,,,,,,,,,,,,,,,,,,,,,,,,,,,"brazil_sao paulo_jaguariuna","Brazil","São Paulo","Jaguariúna",,"check_local.2municip.","Niedenzuella multiglandulosa","(A.Juss.) W.R.Anderson","possibly_ok","Malpighiaceae","Niedenzuella multiglandulosa","(A.Juss.) W.R.Anderson","species","name accepted","bfo-101448",,,"Niedenzuella multiglandulosa (A.Juss.) W.R.Anderson","Niedenzuella","Malpighiaceae","high","Niedenzuella multiglandulosa"
"speciesLink","UEC070662","UEC","145704","Oplismenus","Plantae","Poaceae","Oplismenus","2002","03","09","Brazil","São Paulo","Jaguariúna","RPPN Estância Jatobá, 585 m.s.m.","UNICAMP","S",,,,,"-22.667417","-47.037222","2",,"Farah, FT","-47.037222","-22.667417","2024-11-25T11:11:52",,"2384",,,,,"Liliopsida",,,,,,,,,,,,,"SPLINK","Jaguariúna",,,,,,,,,,,,,,,,,,,"UEC",,"Farah, F.T.","2384","2002","s.n.","n.d.",,"Farah",,"brazil","sao paulo","jaguariuna","rppn estancia jatoba",,"locality","brazil_sao paulo_jaguariuna","brazil_sao paulo_jaguariuna",-22.69192697,-47.01296363,"county",,,,,,,,,,,,,,,,,,,,,,,,,,,,,,,,,,,,,,,,,,,,,,,,,,,,,,,,,,,,,,,,,,,,,,,,,,,,,"brazil_sao paulo_jaguariuna","Brazil","São Paulo","Jaguariúna",,"check_local.2municip.","Oplismenus","P.Beauv.","indet","Poaceae","Oplismenus","P.Beauv.","genus","name accepted","bfo-13370",,,"Oplismenus P.Beauv.","Oplismenus","Poaceae","unknown",
"gbif",,"UEC","145705","Pteridium Gled. ex Scop.","Plantae","Dennstaedtiaceae","Pteridium","2003","3","9","Brazil","São Paulo",,"RPPN Estância Jatobá, Floresta ciliar, solo encharcado, 585 m.s.m.","UNICAMP","PRESERVED_SPECIMEN","Farah, FT",,,,,,"https://specieslink.net/col/2",,"Farah, FT","-47.037222","-22.667417","2024-11-25 11:37:16",,"2383",,,,,"Tracheophyta","Polypodiopsida","Polypodiales",,,,,,,,,,,"GBIF","Jaguariúna",,"Pteridium Gled. ex Scop.",,"BR",,,"2003-03-09",,,,,,"ACCEPTED","GENUS",,,,,,,,,,,,,,,"brazil","sao paulo","jaguariuna","rppn estancia jatoba",,"locality","brazil_sao paulo_jaguariuna","brazil_sao paulo_jaguariuna",-22.69192697,-47.01296363,"county","1089087014",,,,"https://specieslink.net/guid/2/145705",,,,,"PRESENT",,,,,,,,,,,,,,,,,,,,,,,,,,,,,,"Pteridium",,,,,,"7741a517-ab3d-4b85-ae58-56322e44c8ce",,,TRUE,FALSE,,"Pteridium","null",FALSE,"LATIN_AMERICA","LATIN_AMERICA","NE","https://images.cria.org.br/viewer/UEC070664","WGS84",,,,,,,,,,,,,,,,,,"brazil_sao paulo_jaguariuna","Brazil","São Paulo","Jaguariúna",,"check_local.2municip.","Pteridium","Gled. ex Scop.","name_w_authors","Dennstaedtiaceae","Pteridium","Gled. ex Scop.","genus","name accepted","bfo-90941",,,"Pteridium Gled. ex Scop.","Pteridium","Dennstaedtiaceae","unknown",
"speciesLink","UEC055067","UEC","145681","Tillandsia pohliana","Plantae","Bromeliaceae","Tillandsia","2002","03","09","Brazil","São Paulo","Jaguariúna","RPPN Estância Jatobá","UNICAMP","S","Coffani-Nunes, JV","2012","06","13","-22.667417","-47.037222","2","pohliana","Farah, FT","-47.037222","-22.667417","2024-11-25T11:10:32","Mez","2386","585","585",,,"Liliopsida",,,,,,,,,,,,,"SPLINK","Jaguariúna","2012-06-13",,,,,,,,,,,,,,,,,,"UEC",,"Farah, F.T.","2386","2002","Coffani-Nunes, J.V.","2012",,"Farah",,"brazil","sao paulo","jaguariuna","rppn estancia jatoba",,"locality","brazil_sao paulo_jaguariuna","brazil_sao paulo_jaguariuna",-22.69192697,-47.01296363,"county",,,,,,,,,,,,,,,,,,,,,,,,,,,,,,,,,,,,,,,,,,,,,,,,,,,,,,,,,,,,,,,,,,,,,,,,,,,,,"brazil_sao paulo_jaguariuna","Brazil","São Paulo","Jaguariúna",,"check_local.2municip.","Tillandsia pohliana","Mez","possibly_ok","Bromeliaceae","Tillandsia pohliana","Mez","species","name accepted","bfo-6395",,,"Tillandsia pohliana Mez","Tillandsia","Bromeliaceae","low","Tillandsia pohliana"
"gbif",,"UEC","145711","Tripogandra diuretica (Mart.) Handlos","Plantae","Commelinaceae","Callisia","2002","3","9","Brazil","São Paulo",,"RPPN Estância Jatobá","UNICAMP","PRESERVED_SPECIMEN","Pellegrini, MOO",,,,,,"https://specieslink.net/col/2","diuretica","Farah, FT","-47.037222","-22.667417","2024-11-25 11:10:45","(Mart.) Handlos","2385","585","585",,,"Tracheophyta","Liliopsida","Commelinales",,,,,,,,,,,"GBIF","Jaguariúna","2013-09-19","Callisia diuretica (Mart.) Christenh. & Byng",,"BR",,,"2002-03-09",,,,,,"SYNONYM","SPECIES",,,,,,,,,,,,,,,"brazil","sao paulo","jaguariuna","rppn estancia jatoba",,"locality","brazil_sao paulo_jaguariuna","brazil_sao paulo_jaguariuna",-22.69192697,-47.01296363,"county","1089087003",,,,"https://specieslink.net/guid/2/145711",,,,,"PRESENT",,,,,,,,,,,,,,,,,,,,,,,,,,,,,,"Tripogandra",,,,,,"7741a517-ab3d-4b85-ae58-56322e44c8ce",,,TRUE,FALSE,"Callisia diuretica","Tripogandra diuretica","null",FALSE,"LATIN_AMERICA","LATIN_AMERICA","NE","https://images.cria.org.br/viewer/UEC070777","WGS84",,,,,,,,,,,,,,,,,,"brazil_sao paulo_jaguariuna","Brazil","São Paulo","Jaguariúna",,"check_local.2municip.","Tripogandra diuretica","(Mart.) Handlos","name_w_authors","Commelinaceae","Tripogandra diuretica","(Mart.) Handlos","species","name accepted","bfo-16925",,,"Tripogandra diuretica (Mart.) Handlos","Tripogandra","Commelinaceae","unknown","Tripogandra diuretica"
"speciesLink","UEC055064","UEC","145679","Zanthoxylum hyemale","Plantae","Rutaceae","Zanthoxylum","2001","08","20","Brazil","São Paulo","Jaguariúna","RPPN Estância Jatobá","UNICAMP","S","Farah, FT",,,,"-22.667417","-47.037222","2","hyemale","Farah, FT","-47.037222","-22.667417","2024-11-25T11:34:51","A.St.-Hil.","2372","585","585",,,"Magnoliopsida",,,,,,,,,,,,,"SPLINK","Jaguariúna",,,,,,,,,,,,,,,,,,,"UEC",,"Farah, F.T.","2372","2001","Farah, F.T.","n.d.",,"Farah",,"brazil","sao paulo","jaguariuna","rppn estancia jatoba",,"locality","brazil_sao paulo_jaguariuna","brazil_sao paulo_jaguariuna",-22.69192697,-47.01296363,"county",,,,,,,,,,,,,,,,,,,,,,,,,,,,,,,,,,,,,,,,,,,,,,,,,,,,,,,,,,,,,,,,,,,,,,,,,,,,,"brazil_sao paulo_jaguariuna","Brazil","São Paulo","Jaguariúna",,"check_local.2municip.","Zanthoxylum fagara subsp. lentiscifolium","(Humb. & Bonpl. ex Willd.) Reynel","possibly_ok","Rutaceae","Zanthoxylum fagara subsp. lentiscifolium","(Humb. & Bonpl. ex Willd.) Reynel","subspecies","replaced synonym","bfo-1108","Zanthoxylum fagara subsp. lentiscifolium","(Humb. & Bonpl. ex Willd.) Reynel","Zanthoxylum fagara subsp. lentiscifolium (Humb. & Bonpl. ex Willd.) Reynel","Zanthoxylum","Rutaceae","low","Zanthoxylum fagara"
"speciesLink","UEC000456","UEC","145680","Zingiberaceae","Plantae","Zingiberaceae",,"2002","03","09","Brazil","São Paulo","Jaguariúna","RPPN Estância Jatobá.","UNICAMP","S",,,,,"-22.667417","-47.037222","2",,"Farah, FT","-47.037222","-22.667417","2024-11-25T11:12:12",,"2388","585","585",,,"Liliopsida",,,,,,,,,,,,,"SPLINK","Jaguariúna",,,,,,,,,,,,,,,,,,,"UEC",,"Farah, F.T.","2388","2002","s.n.","n.d.",,"Farah",,"brazil","sao paulo","jaguariuna","rppn estancia jatoba",,"locality","brazil_sao paulo_jaguariuna","brazil_sao paulo_jaguariuna",-22.69192697,-47.01296363,"county",,,,,,,,,,,,,,,,,,,,,,,,,,,,,,,,,,,,,,,,,,,,,,,,,,,,,,,,,,,,,,,,,,,,,,,,,,,,,"brazil_sao paulo_jaguariuna","Brazil","São Paulo","Jaguariúna",,"check_local.2municip.","Zingiberaceae","Martinov","family_as_genus","Zingiberaceae","Zingiberaceae","Martinov","family","name accepted","bfo-110700",,,"Zingiberaceae Martinov",,"Zingiberaceae","unknown",
