"","data_source","barcode","collectionCode","catalogNumber","scientificName","kingdom","family","genus","year","month","day","country","stateProvince","county","locality","institutionCode","basisOfRecord","identifiedBy","yearIdentified","monthIdentified","dayIdentified","verbatimLatitude","verbatimLongitude","collectionID","specificepithet","recordedBy","decimalLongitude","decimalLatitude","modified","scientificNameAuthorship","recordNumber","minimumelevationinmeters","maximumelevationinmeters","occurrenceRemarks","coordinatePrecision","phylum","order","individualcount","continentocean","class","infraspecificepithet","preparationtype","typeStatus","fieldnumber","previouscatalognumber","minimumdepthinmeters","maximumdepthinmeters","relationshiptype","relatedcatalogitem","downloadedFrom","municipality","dateIdentified","acceptedScientificName","bibliographicCitation","countryCode","datasetID","datasetName","eventDate","fieldNotes","habitat","identificationRemarks","latitude","longitude","taxonomicStatus","taxonRank","type","verbatimElevation","verbatimEventDate","verbatimLocality","collectionCode.new","collectionObs","recordedBy.new","recordNumber.new","year.new","identifiedBy.new","yearIdentified.new","recordedBy.aux","last.name","identifiedBy.aux","country.new","stateProvince.new","municipality.new","locality.new","locality.scrap","resol.orig","loc","loc.correct","latitude.gazetteer","longitude.gazetteer","resolution.gazetteer","X","gbifID","accessRights","language","license","publisher","references","rightsHolder","institutionID","ownerInstitutionCode","informationWithheld","dataGeneralizations","dynamicProperties","occurrenceID","recordedByID","individualCount","organismQuantity","organismQuantityType","sex","lifeStage","reproductiveCondition","caste","behavior","vitality","establishmentMeans","degreeOfEstablishment","pathway","georeferenceVerificationStatus","occurrenceStatus","preparations","disposition","associatedOccurrences","associatedReferences","associatedSequences","associatedTaxa","otherCatalogNumbers","organismID","organismName","organismScope","associatedOrganisms","previousIdentifications","organismRemarks","materialEntityID","materialEntityRemarks","verbatimLabel","materialSampleID","eventID","parentEventID","eventType","fieldNumber","eventTime","startDayOfYear","endDayOfYear","samplingProtocol","sampleSizeValue","sampleSizeUnit","samplingEffort","eventRemarks","locationID","higherGeographyID","higherGeography","continent","waterBody","islandGroup","island","verticalDatum","verbatimDepth","minimumDistanceAboveSurfaceInMeters","maximumDistanceAboveSurfaceInMeters","locationAccordingTo","locationRemarks","coordinateUncertaintyInMeters","pointRadiusSpatialFit","verbatimCoordinateSystem","verbatimSRS","footprintWKT","footprintSRS","footprintSpatialFit","georeferencedBy","georeferencedDate","georeferenceProtocol","georeferenceSources","georeferenceRemarks","geologicalContextID","earliestEonOrLowestEonothem","latestEonOrHighestEonothem","earliestEraOrLowestErathem","latestEraOrHighestErathem","earliestPeriodOrLowestSystem","latestPeriodOrHighestSystem","earliestEpochOrLowestSeries","latestEpochOrHighestSeries","earliestAgeOrLowestStage","latestAgeOrHighestStage","lowestBiostratigraphicZone","highestBiostratigraphicZone","lithostratigraphicTerms","group","formation","member","bed","identificationID","verbatimIdentification","identificationQualifier","identifiedByID","identificationReferences","identificationVerificationStatus","taxonID","scientificNameID","acceptedNameUsageID","parentNameUsageID","originalNameUsageID","nameAccordingToID","namePublishedInID","taxonConceptID","acceptedNameUsage","parentNameUsage","originalNameUsage","nameAccordingTo","namePublishedIn","namePublishedInYear","higherClassification","superfamily","subfamily","tribe","subtribe","genericName","subgenus","infragenericEpithet","specificEpithet","infraspecificEpithet","cultivarEpithet","verbatimTaxonRank","vernacularName","nomenclaturalCode","nomenclaturalStatus","taxonRemarks","datasetKey","publishingCountry","lastInterpreted","elevation","elevationAccuracy","depth","depthAccuracy","distanceFromCentroidInMeters","issue","mediaType","hasCoordinate","hasGeospatialIssues","taxonKey","acceptedTaxonKey","kingdomKey","phylumKey","classKey","orderKey","familyKey","genusKey","subgenusKey","speciesKey","species","verbatimScientificName","typifiedName","protocol","lastParsed","lastCrawled","repatriated","relativeOrganismQuantity","projectId","isSequenced","gbifRegion","publishedByGbifRegion","level0Gid","level0Name","level1Gid","level1Name","level2Gid","level2Name","level3Gid","level3Name","iucnRedListCategory","associatedMedia","minimumElevationInMeters","maximumElevationInMeters","minimumDepthInMeters","maximumDepthInMeters","geodeticDatum","verbatimCoordinates","scientificNameAuthorship.y","imageCollectionCode","virtualDuplicates","duplicates","DeterminationQualifier","recordedByExtra","dateCollected","dateCollectedMax","verbatimElevationMax","measurementUnit","verbatimLatitudeMax","verbatimLongitudeMax","updatedBy","dateUpdated","right","modified_incomplete","Clado","loc.correct.mun","NAME_0","NAME_1","NAME_2","NAME_3","source","loc.correct.mun.1","NAME_0.1","NAME_1.1","NAME_2.1","NAME_3.1","source.1","loc.correct.mun.2","NAME_0.2","NAME_1.2","NAME_2.2","NAME_3.2","source.2","loc.check","scientificName.new","scientificNameAuthorship.new","scientificNameStatus","suggestedFamily","suggestedName","suggestedAuthorship","taxon.rank","tax.notes","id","accepted.tax.name","accepted.tax.authorship","scientificNameFull","genus.new","family.new","tax.check","species.new"
"Anthurium sellowianum","speciesLink","EFC021832","EFC","21832","Anthurium sellowianum","Plantae","Araceae","Anthurium","2022","01","17","Brasil","São Paulo","São Bernardo do Campo","Parque Estadual Águas da Billings.","UFPR","PreservedSpecimen","Engels, M.E.","2022","01","17","-23.765889","-46.509629","400","sellowianum","Dall Agnol, R.T.; Engels, M.E.; Mazziero, F.F.F.","-46.509629","-23.765889","2024-12-06T20:08:25","Kunth","3902","786","786","<nO>Erva terrícola ca. 50 cm alt.; espata esverdeada; espádice vinácea. Interior de FOD Montana em estágio avançado de regeneração.</nO>",,,,,,,,,,,,,,,,"SPLINK","São Bernardo do Campo","2022-01-17",,,,,,,,,,,,,,,,,,"EFC",,"Agnol, R.T.D.","3902","2022","Engels, M.E.","2022","Engels, M.E.; Mazziero, F.F.F.","Agnol",,"brazil","sao paulo","sao bernardo do campo","parque estadual aguas da billings",,"locality","brazil_sao paulo_sao bernardo campo","brazil_sao paulo_sao bernardo campo",-23.81292109,-46.55040438,"county",,,,,,,,,,,,,,,,,,,,,,,,,,,,,,,,,,,,,,,,,,,,,,,,,,,,,,,,,,,,,,,,,,,,,,,,,,,,,,,,,,,,,,,,,,,,,,,,,,,,,,,,,,,,,,,,,,,,,,,,,,,,,,,,,,,,,,,,,,,,,,,,,,,,,,,,,,,,,,,,,,,,,,,,,,,,,,,,,,,,,,,,,,,,,,,,,,,,,,,,,,,,,,,,,,,,,,,,,,,,,,,"check_local.2municip.","Anthurium sellowianum","Kunth","possibly_ok","Araceae","Anthurium sellowianum","Kunth","species","name accepted","bfo-4972",,,"Anthurium sellowianum Kunth","Anthurium","Araceae","low","Anthurium sellowianum"
"Brunfelsia pauciflora","speciesLink","EFC021809","EFC","21809","Brunfelsia pauciflora","Plantae","Solanaceae","Brunfelsia","2022","01","15","Brasil","São Paulo","São Bernardo do Campo","Parque Estadual Águas da Billings.","UFPR","PreservedSpecimen","Dall Agnol, R.T.","2022","03","25","-23.758654","-46.510983","400","pauciflora","Dall Agnol, R.T.; Engels, M.E.; Mazziero, F.F.F.","-46.510983","-23.758654","2024-12-06T20:10:12","(Cham. & Schltdl.) Benth.","3879","809","809","<nO>Arbusto ereto ca. 1,5 m alt., frutos imaturos esverdeado-acastanhados. Interior de FOD Montana em estágio intermediário de regeneração.</nO>",,,,,,,,,,,,,,,,"SPLINK","São Bernardo do Campo","2022-03-25",,,,,,,,,,,,,,,,,,"EFC",,"Agnol, R.T.D.","3879","2022","Agnol, R.T.D.","2022","Engels, M.E.; Mazziero, F.F.F.","Agnol",,"brazil","sao paulo","sao bernardo do campo","parque estadual aguas da billings",,"locality","brazil_sao paulo_sao bernardo campo","brazil_sao paulo_sao bernardo campo",-23.81292109,-46.55040438,"county",,,,,,,,,,,,,,,,,,,,,,,,,,,,,,,,,,,,,,,,,,,,,,,,,,,,,,,,,,,,,,,,,,,,,,,,,,,,,,,,,,,,,,,,,,,,,,,,,,,,,,,,,,,,,,,,,,,,,,,,,,,,,,,,,,,,,,,,,,,,,,,,,,,,,,,,,,,,,,,,,,,,,,,,,,,,,,,,,,,,,,,,,,,,,,,,,,,,,,,,,,,,,,,,,,,,,,,,,,,,,,,"check_local.2municip.","Brunfelsia pauciflora","(Cham. & Schltdl.) Benth.","possibly_ok","Solanaceae","Brunfelsia pauciflora","(Cham. & Schltdl.) Benth.","species","name accepted","bfo-14603",,,"Brunfelsia pauciflora (Cham. & Schltdl.) Benth.","Brunfelsia","Solanaceae","low","Brunfelsia pauciflora"
"Caamembeca salicifolia","speciesLink","EFC021815","EFC","21815","Caamembeca salicifolia","Plantae","Polygalaceae","Caamembeca","2022","01","15","Brasil","São Paulo","São Bernardo do Campo","Parque Estadual Águas da Billings.","UFPR","PreservedSpecimen","Dall Agnol, R.T.","2022","03","25","-23.757147","-46.510878","400","salicifolia","Dall Agnol, R.T.; Engels, M.E.; Mazziero, F.F.F.","-46.510878","-23.757147","2024-12-06T20:09:56","(Poir.) J.F.B.Pastore","3885","799","799","<nO>Arbusto ca. 1,5 m alt.; sépalas externas vináceas, internas alvas com mácula apical magenta; carena lútea. FOD Montana em estágio inicial de regeneração.</nO>",,,,,,,,,,,,,,,,"SPLINK","São Bernardo do Campo","2022-03-25",,,,,,,,,,,,,,,,,,"EFC",,"Agnol, R.T.D.","3885","2022","Agnol, R.T.D.","2022","Engels, M.E.; Mazziero, F.F.F.","Agnol",,"brazil","sao paulo","sao bernardo do campo","parque estadual aguas da billings",,"locality","brazil_sao paulo_sao bernardo campo","brazil_sao paulo_sao bernardo campo",-23.81292109,-46.55040438,"county",,,,,,,,,,,,,,,,,,,,,,,,,,,,,,,,,,,,,,,,,,,,,,,,,,,,,,,,,,,,,,,,,,,,,,,,,,,,,,,,,,,,,,,,,,,,,,,,,,,,,,,,,,,,,,,,,,,,,,,,,,,,,,,,,,,,,,,,,,,,,,,,,,,,,,,,,,,,,,,,,,,,,,,,,,,,,,,,,,,,,,,,,,,,,,,,,,,,,,,,,,,,,,,,,,,,,,,,,,,,,,,"check_local.2municip.","Caamembeca salicifolia","(Poir.) J.F.B.Pastore","possibly_ok","Polygalaceae","Caamembeca salicifolia","(Poir.) J.F.B.Pastore","species","name accepted","bfo-603809",,,"Caamembeca salicifolia (Poir.) J.F.B.Pastore","Caamembeca","Polygalaceae","low","Caamembeca salicifolia"
"Calea pinnatifida","speciesLink","EFC021816","EFC","21816","Calea pinnatifida","Plantae","Asteraceae","Calea","2022","01","15","Brasil","São Paulo","São Bernardo do Campo","Parque Estadual Águas da Billings.","UFPR","PreservedSpecimen","Dall Agnol, R.T.","2022","01","15","-23.757147","-46.510878","400","pinnatifida","Dall Agnol, R.T.; Engels, M.E.; Mazziero, F.F.F.","-46.510878","-23.757147","2024-12-06T20:08:31","(R.Br.) Less.","3886","799","799","<nO>Erva volúvel, formando maciço ca. 4 m alt.; invólucro verde-amarelado; flores liguliformes e tubulares amareladas; anteras castanho-alaranjadas. FOD Montana em estágio inicial de regeneração.</nO>",,,,,,,,,,,,,,,,"SPLINK","São Bernardo do Campo","2022-01-15",,,,,,,,,,,,,,,,,,"EFC",,"Agnol, R.T.D.","3886","2022","Agnol, R.T.D.","2022","Engels, M.E.; Mazziero, F.F.F.","Agnol",,"brazil","sao paulo","sao bernardo do campo","parque estadual aguas da billings",,"locality","brazil_sao paulo_sao bernardo campo","brazil_sao paulo_sao bernardo campo",-23.81292109,-46.55040438,"county",,,,,,,,,,,,,,,,,,,,,,,,,,,,,,,,,,,,,,,,,,,,,,,,,,,,,,,,,,,,,,,,,,,,,,,,,,,,,,,,,,,,,,,,,,,,,,,,,,,,,,,,,,,,,,,,,,,,,,,,,,,,,,,,,,,,,,,,,,,,,,,,,,,,,,,,,,,,,,,,,,,,,,,,,,,,,,,,,,,,,,,,,,,,,,,,,,,,,,,,,,,,,,,,,,,,,,,,,,,,,,,"check_local.2municip.","Calea pinnatifida","(R.Br.) Less.","possibly_ok","Asteraceae","Calea pinnatifida","(R.Br.) Less.","species","name accepted","bfo-103756",,,"Calea pinnatifida (R.Br.) Less.","Calea","Asteraceae","low","Calea pinnatifida"
"Coccocypselum cordifolium","speciesLink","EFC021842","EFC","21842","Coccocypselum cordifolium","Plantae","Rubiaceae","Coccocypselum","2022","01","18","Brasil","São Paulo","São Bernardo do Campo","Parque Estadual Águas da Billings.","UFPR","PreservedSpecimen","Dall Agnol, R.T.","2022","03","25","-23.762515","-46.509659","400","cordifolium","Dall Agnol, R.T.; Engels, M.E.; Mazziero, F.F.F.","-46.509659","-23.762515","2024-12-06T20:10:03","Nees & Mart.","3914","782","782","<nO>Erva prostrada, estolonífera; cálice esverdeado; corola com tubo e fauce alvas, lobos magenta; frutos imaturos esverdeados. Interior de FOD Montana em estágio intermediário de regeneração.</nO>",,,,,,,,,,,,,,,,"SPLINK","São Bernardo do Campo","2022-03-25",,,,,,,,,,,,,,,,,,"EFC",,"Agnol, R.T.D.","3914","2022","Agnol, R.T.D.","2022","Engels, M.E.; Mazziero, F.F.F.","Agnol",,"brazil","sao paulo","sao bernardo do campo","parque estadual aguas da billings",,"locality","brazil_sao paulo_sao bernardo campo","brazil_sao paulo_sao bernardo campo",-23.81292109,-46.55040438,"county",,,,,,,,,,,,,,,,,,,,,,,,,,,,,,,,,,,,,,,,,,,,,,,,,,,,,,,,,,,,,,,,,,,,,,,,,,,,,,,,,,,,,,,,,,,,,,,,,,,,,,,,,,,,,,,,,,,,,,,,,,,,,,,,,,,,,,,,,,,,,,,,,,,,,,,,,,,,,,,,,,,,,,,,,,,,,,,,,,,,,,,,,,,,,,,,,,,,,,,,,,,,,,,,,,,,,,,,,,,,,,,"check_local.2municip.","Coccocypselum cordifolium","Nees & Mart.","possibly_ok","Rubiaceae","Coccocypselum cordifolium","Nees & Mart.","species","name accepted","bfo-13881",,,"Coccocypselum cordifolium Nees & Mart.","Coccocypselum","Rubiaceae","low","Coccocypselum cordifolium"
"Coccocypselum hasslerianum","speciesLink","EFC021844","EFC","21844","Coccocypselum hasslerianum","Plantae","Rubiaceae","Coccocypselum","2022","01","18","Brasil","São Paulo","São Bernardo do Campo","Parque Estadual Águas da Billings.","UFPR","PreservedSpecimen","Dall Agnol, R.T.","2022","01","18","-23.762515","-46.509659","400","hasslerianum","Dall Agnol, R.T.; Engels, M.E.; Mazziero, F.F.F.","-46.509659","-23.762515","2024-12-06T20:10:03","Chodat","3916","782","782","<nO>Erva decumbente, estolonífera, ca. 20 cm alt., frutos imaturos esverdeados. Interior de FOD Montana em estágio intermediário de regeneração.</nO>",,,,,,,,,,,,,,,,"SPLINK","São Bernardo do Campo","2022-01-18",,,,,,,,,,,,,,,,,,"EFC",,"Agnol, R.T.D.","3916","2022","Agnol, R.T.D.","2022","Engels, M.E.; Mazziero, F.F.F.","Agnol",,"brazil","sao paulo","sao bernardo do campo","parque estadual aguas da billings",,"locality","brazil_sao paulo_sao bernardo campo","brazil_sao paulo_sao bernardo campo",-23.81292109,-46.55040438,"county",,,,,,,,,,,,,,,,,,,,,,,,,,,,,,,,,,,,,,,,,,,,,,,,,,,,,,,,,,,,,,,,,,,,,,,,,,,,,,,,,,,,,,,,,,,,,,,,,,,,,,,,,,,,,,,,,,,,,,,,,,,,,,,,,,,,,,,,,,,,,,,,,,,,,,,,,,,,,,,,,,,,,,,,,,,,,,,,,,,,,,,,,,,,,,,,,,,,,,,,,,,,,,,,,,,,,,,,,,,,,,,"check_local.2municip.","Coccocypselum hasslerianum","Chodat","possibly_ok","Rubiaceae","Coccocypselum hasslerianum","Chodat","species","name accepted","bfo-13885",,,"Coccocypselum hasslerianum Chodat","Coccocypselum","Rubiaceae","low","Coccocypselum hasslerianum"
"Coccocypselum lanceolatum","speciesLink","EFC021817","EFC","21817","Coccocypselum lanceolatum","Plantae","Rubiaceae","Coccocypselum","2022","01","15","Brasil","São Paulo","São Bernardo do Campo","Parque Estadual Águas da Billings.","UFPR","PreservedSpecimen","Dall Agnol, R.T.","2022","01","15","-23.757147","-46.510878","400","lanceolatum","Dall Agnol, R.T.; Engels, M.E.; Mazziero, F.F.F.","-46.510878","-23.757147","2024-12-06T20:10:03","(Ruiz & Pav.) Pers.","3887","799","799","<nO>Erva terrícola, ascendente, ca. 30 cm alt.; cálice verde-claro; corola arroxeada (adaxial) / alvacento-arroxeada (abaxial); estigma alvo. FOD Montana em estágio inicial de regeneração.</nO>",,,,,,,,,,,,,,,,"SPLINK","São Bernardo do Campo","2022-01-15",,,,,,,,,,,,,,,,,,"EFC",,"Agnol, R.T.D.","3887","2022","Agnol, R.T.D.","2022","Engels, M.E.; Mazziero, F.F.F.","Agnol",,"brazil","sao paulo","sao bernardo do campo","parque estadual aguas da billings",,"locality","brazil_sao paulo_sao bernardo campo","brazil_sao paulo_sao bernardo campo",-23.81292109,-46.55040438,"county",,,,,,,,,,,,,,,,,,,,,,,,,,,,,,,,,,,,,,,,,,,,,,,,,,,,,,,,,,,,,,,,,,,,,,,,,,,,,,,,,,,,,,,,,,,,,,,,,,,,,,,,,,,,,,,,,,,,,,,,,,,,,,,,,,,,,,,,,,,,,,,,,,,,,,,,,,,,,,,,,,,,,,,,,,,,,,,,,,,,,,,,,,,,,,,,,,,,,,,,,,,,,,,,,,,,,,,,,,,,,,,"check_local.2municip.","Coccocypselum lanceolatum","(Ruiz & Pav.) Pers.","possibly_ok","Rubiaceae","Coccocypselum lanceolatum","(Ruiz & Pav.) Pers.","species","name accepted","bfo-13886",,,"Coccocypselum lanceolatum (Ruiz & Pav.) Pers.","Coccocypselum","Rubiaceae","low","Coccocypselum lanceolatum"
"Critoniopsis hermogenesii","speciesLink","EFC021796","EFC","21796","Critoniopsis hermogenesii","Plantae","Asteraceae","Critoniopsis","2022","01","14","Brasil","São Paulo","São Bernardo do Campo","Parque Estadual Águas da Billings.","UFPR","PreservedSpecimen","Monge, M.","2022","03","25","-23.756818","-46.509781","400","hermogenesii","Dall Agnol, R.T.; Engels, M.E.; Mazziero, F.F.F.","-46.509781","-23.756818","2024-12-06T20:08:33","M.Monge & Semir","3865","753","753","<nO>Arvoreta ca. 5 m alt.; brácteas involucrais amareladas com o ápice acastanhado; corola, estiletes e pappus alvos; anteras magenta. FOD Montana em estágio inicial de regeneração.</nO>",,,,,,,,,,,,,,,,"SPLINK","São Bernardo do Campo","2022-03-25",,,,,,,,,,,,,,,,,,"EFC",,"Agnol, R.T.D.","3865","2022","Monge, M.","2022","Engels, M.E.; Mazziero, F.F.F.","Agnol",,"brazil","sao paulo","sao bernardo do campo","parque estadual aguas da billings",,"locality","brazil_sao paulo_sao bernardo campo","brazil_sao paulo_sao bernardo campo",-23.81292109,-46.55040438,"county",,,,,,,,,,,,,,,,,,,,,,,,,,,,,,,,,,,,,,,,,,,,,,,,,,,,,,,,,,,,,,,,,,,,,,,,,,,,,,,,,,,,,,,,,,,,,,,,,,,,,,,,,,,,,,,,,,,,,,,,,,,,,,,,,,,,,,,,,,,,,,,,,,,,,,,,,,,,,,,,,,,,,,,,,,,,,,,,,,,,,,,,,,,,,,,,,,,,,,,,,,,,,,,,,,,,,,,,,,,,,,,"check_local.2municip.","Critoniopsis hermogenesii","M.Monge & Semir","possibly_ok","Asteraceae","Critoniopsis hermogenesii","M.Monge & Semir","species","name accepted","bfo-608551",,,"Critoniopsis hermogenesii M.Monge & Semir","Critoniopsis","Asteraceae","high","Critoniopsis hermogenesii"
"Crotalaria breviflora","speciesLink","EFC021818","EFC","21818","Crotalaria breviflora","Plantae","Fabaceae","Crotalaria","2022","01","15","Brasil","São Paulo","São Bernardo do Campo","Parque Estadual Águas da Billings.","UFPR","PreservedSpecimen","Dall Agnol, R.T.","2022","03","25","-23.757147","-46.510878","400","breviflora","Dall Agnol, R.T.; Engels, M.E.; Mazziero, F.F.F.","-46.510878","-23.757147","2024-12-06T20:09:02","DC.","3888","799","799","<nO>Subarbusto ca. 1 m alt.; planta serícea; cálice acastanhado; corola lútea com estrias acastanhadas no estandarte. Borda de FOD Montana em estágio inicial de regeneração.</nO>",,,,,,,,,,,,,,,,"SPLINK","São Bernardo do Campo","2022-03-25",,,,,,,,,,,,,,,,,,"EFC",,"Agnol, R.T.D.","3888","2022","Agnol, R.T.D.","2022","Engels, M.E.; Mazziero, F.F.F.","Agnol",,"brazil","sao paulo","sao bernardo do campo","parque estadual aguas da billings",,"locality","brazil_sao paulo_sao bernardo campo","brazil_sao paulo_sao bernardo campo",-23.81292109,-46.55040438,"county",,,,,,,,,,,,,,,,,,,,,,,,,,,,,,,,,,,,,,,,,,,,,,,,,,,,,,,,,,,,,,,,,,,,,,,,,,,,,,,,,,,,,,,,,,,,,,,,,,,,,,,,,,,,,,,,,,,,,,,,,,,,,,,,,,,,,,,,,,,,,,,,,,,,,,,,,,,,,,,,,,,,,,,,,,,,,,,,,,,,,,,,,,,,,,,,,,,,,,,,,,,,,,,,,,,,,,,,,,,,,,,"check_local.2municip.","Crotalaria breviflora","DC.","possibly_ok","Fabaceae","Crotalaria breviflora","DC.","species","name accepted","bfo-29558",,,"Crotalaria breviflora DC.","Crotalaria","Fabaceae","low","Crotalaria breviflora"
"Cybianthus cuneifolius","speciesLink","EFC021836","EFC","21836","Cybianthus cuneifolius","Plantae","Primulaceae","Cybianthus","2022","01","17","Brasil","São Paulo","São Bernardo do Campo","Parque Estadual Águas da Billings.","UFPR","PreservedSpecimen","Engels, M.E.; Dall Agnol, R.T.","2022","01","17","-23.765889","-46.509629","400","cuneifolius","Dall Agnol, R.T.; Engels, M.E.; Mazziero, F.F.F.","-46.509629","-23.765889","2024-12-06T20:09:59","Mart.","3906","786","786","<nO>Arbusto ca. 2 m alt.; ramos terminais ferrugíneo-tomentosos; pecíolo canaliculado; face abaxial com pontoações nigrescentes; frutos imaturos esverdeados. Interior de FOD Montana em estágio avançado de regeneração.</nO>",,,,,,,,,,,,,,,,"SPLINK","São Bernardo do Campo","2022-01-17",,,,,,,,,,,,,,,,,,"EFC",,"Agnol, R.T.D.","3906","2022","Engels, M.E.","2022","Engels, M.E.; Mazziero, F.F.F.","Agnol","Agnol, R.T.D.","brazil","sao paulo","sao bernardo do campo","parque estadual aguas da billings",,"locality","brazil_sao paulo_sao bernardo campo","brazil_sao paulo_sao bernardo campo",-23.81292109,-46.55040438,"county",,,,,,,,,,,,,,,,,,,,,,,,,,,,,,,,,,,,,,,,,,,,,,,,,,,,,,,,,,,,,,,,,,,,,,,,,,,,,,,,,,,,,,,,,,,,,,,,,,,,,,,,,,,,,,,,,,,,,,,,,,,,,,,,,,,,,,,,,,,,,,,,,,,,,,,,,,,,,,,,,,,,,,,,,,,,,,,,,,,,,,,,,,,,,,,,,,,,,,,,,,,,,,,,,,,,,,,,,,,,,,,"check_local.2municip.","Cybianthus cuneifolius","Mart.","possibly_ok","Primulaceae","Cybianthus cuneifolius","Mart.","species","name accepted","bfo-31455",,,"Cybianthus cuneifolius Mart.","Cybianthus","Primulaceae","low","Cybianthus cuneifolius"
"Dichorisandra pubescens","speciesLink","EFC021811","EFC","21811","Dichorisandra pubescens","Plantae","Commelinaceae","Dichorisandra","2022","01","15","Brasil","São Paulo","São Bernardo do Campo","Parque Estadual Águas da Billings.","UFPR","PreservedSpecimen","Dall Agnol, R.T.","2022","03","25","-23.758654","-46.510983","400","pubescens","Dall Agnol, R.T.; Engels, M.E.; Mazziero, F.F.F.","-46.510983","-23.758654","2024-12-06T20:08:50","Mart. ex Schult. f.","3881","809","809","<nO>Erva apoiante ca. 1 m alt., folhas uniformemente pilosas em ambas as faces, face adaxial com estrias alvacentas; sépalas verde-claro; pétalas lilás-alvacentas; anteras lilases; frutos magenta. Interior de FOD Montana em estágio intermed</nO>",,,,,,,,,,,,,,,,"SPLINK","São Bernardo do Campo","2022-03-25",,,,,,,,,,,,,,,,,,"EFC",,"Agnol, R.T.D.","3881","2022","Agnol, R.T.D.","2022","Engels, M.E.; Mazziero, F.F.F.","Agnol",,"brazil","sao paulo","sao bernardo do campo","parque estadual aguas da billings",,"locality","brazil_sao paulo_sao bernardo campo","brazil_sao paulo_sao bernardo campo",-23.81292109,-46.55040438,"county",,,,,,,,,,,,,,,,,,,,,,,,,,,,,,,,,,,,,,,,,,,,,,,,,,,,,,,,,,,,,,,,,,,,,,,,,,,,,,,,,,,,,,,,,,,,,,,,,,,,,,,,,,,,,,,,,,,,,,,,,,,,,,,,,,,,,,,,,,,,,,,,,,,,,,,,,,,,,,,,,,,,,,,,,,,,,,,,,,,,,,,,,,,,,,,,,,,,,,,,,,,,,,,,,,,,,,,,,,,,,,,"check_local.2municip.","Dichorisandra pubescens","Mart. ex Schult. f.","possibly_ok","Commelinaceae","Dichorisandra pubescens","Mart. ex Schult. f.","species","name accepted","bfo-6937",,,"Dichorisandra pubescens Mart. ex Schult. f.","Dichorisandra","Commelinaceae","low","Dichorisandra pubescens"
"Echinodorus grandiflorus","speciesLink","EFC021841","EFC","21841","Echinodorus grandiflorus","Plantae","Alismataceae","Echinodorus","2022","01","17","Brasil","São Paulo","São Bernardo do Campo","Parque Estadual Águas da Billings.","UFPR","PreservedSpecimen","Dall Agnol, R.T.","2022","01","17","-23.761355","-46.510907","400","grandiflorus","Dall Agnol, R.T.; Engels, M.E.; Mazziero, F.F.F.","-46.510907","-23.761355","2024-12-06T20:08:17","(Cham. & Schltr.) Micheli","3913","751","751","<nO>Erva palustre ca. 1,7 m alt., cálice esverdeado, corola alva; estames e ovário amarelados. Transição Formação Pioneira Fluviolacustre x FOD Montana.</nO>",,,,,,,,,,,,,,,,"SPLINK","São Bernardo do Campo","2022-01-17",,,,,,,,,,,,,,,,,,"EFC",,"Agnol, R.T.D.","3913","2022","Agnol, R.T.D.","2022","Engels, M.E.; Mazziero, F.F.F.","Agnol",,"brazil","sao paulo","sao bernardo do campo","parque estadual aguas da billings",,"locality","brazil_sao paulo_sao bernardo campo","brazil_sao paulo_sao bernardo campo",-23.81292109,-46.55040438,"county",,,,,,,,,,,,,,,,,,,,,,,,,,,,,,,,,,,,,,,,,,,,,,,,,,,,,,,,,,,,,,,,,,,,,,,,,,,,,,,,,,,,,,,,,,,,,,,,,,,,,,,,,,,,,,,,,,,,,,,,,,,,,,,,,,,,,,,,,,,,,,,,,,,,,,,,,,,,,,,,,,,,,,,,,,,,,,,,,,,,,,,,,,,,,,,,,,,,,,,,,,,,,,,,,,,,,,,,,,,,,,,"check_local.2municip.","Echinodorus grandiflorus","(Cham. & Schltr.) Micheli","possibly_ok","Alismataceae","Echinodorus grandiflorus","(Cham. & Schltr.) Micheli","species","name accepted","bfo-4261",,,"Echinodorus grandiflorus (Cham. & Schltr.) Micheli","Echinodorus","Alismataceae","low","Echinodorus grandiflorus"
"Gleichenella pectinata","speciesLink","EFC021839","EFC","21839","Gleichenella pectinata","Plantae","Gleicheniaceae","Gleichenella","2022","01","17","Brasil","São Paulo","São Bernardo do Campo","Parque Estadual Águas da Billings.","UFPR","PreservedSpecimen","Dall Agnol, R.T.","2022","01","17","-23.760103","-46.509966","400","pectinata","Dall Agnol, R.T.; Engels, M.E.; Mazziero, F.F.F.","-46.509966","-23.760103","2024-12-06T20:09:10","(Willd.) Ching","3910","774","774","<nO>Terrícola ca. 1,5 m alt., soros amarelados. Formando denso agrupamento em clareira em FOD Montana em estágio intermediário de regeneração.</nO>",,,,,,,,,,,,,,,,"SPLINK","São Bernardo do Campo","2022-01-17",,,,,,,,,,,,,,,,,,"EFC",,"Agnol, R.T.D.","3910","2022","Agnol, R.T.D.","2022","Engels, M.E.; Mazziero, F.F.F.","Agnol",,"brazil","sao paulo","sao bernardo do campo","parque estadual aguas da billings",,"locality","brazil_sao paulo_sao bernardo campo","brazil_sao paulo_sao bernardo campo",-23.81292109,-46.55040438,"county",,,,,,,,,,,,,,,,,,,,,,,,,,,,,,,,,,,,,,,,,,,,,,,,,,,,,,,,,,,,,,,,,,,,,,,,,,,,,,,,,,,,,,,,,,,,,,,,,,,,,,,,,,,,,,,,,,,,,,,,,,,,,,,,,,,,,,,,,,,,,,,,,,,,,,,,,,,,,,,,,,,,,,,,,,,,,,,,,,,,,,,,,,,,,,,,,,,,,,,,,,,,,,,,,,,,,,,,,,,,,,,"check_local.2municip.","Gleichenella pectinata","(Willd.) Ching","possibly_ok","Gleicheniaceae","Gleichenella pectinata","(Willd.) Ching","species","name accepted","bfo-91164",,,"Gleichenella pectinata (Willd.) Ching","Gleichenella","Gleicheniaceae","low","Gleichenella pectinata"
"Leandra debilis","speciesLink","EFC021838","EFC","21838","Leandra debilis","Plantae","Melastomataceae","Leandra","2022","01","17","Brasil","São Paulo","São Bernardo do Campo","Parque Estadual Águas da Billings.","UFPR","PreservedSpecimen","Dall Agnol, R.T.","2022","03","25","-23.765889","-46.509629","400","debilis","Dall Agnol, R.T.; Engels, M.E.; Mazziero, F.F.F.","-46.509629","-23.765889","2024-12-06T20:09:25","(Naudin) Cogn.","3909","786","786","<nO>Arbusto ca. 1,5 m alt.; hipanto verde-claro; corola, estames e estilete alvos. Interior de FOD Montana em estágio avançado de regeneração.</nO>",,,,,,,,,,,,,,,,"SPLINK","São Bernardo do Campo","2022-03-25",,,,,,,,,,,,,,,,,,"EFC",,"Agnol, R.T.D.","3909","2022","Agnol, R.T.D.","2022","Engels, M.E.; Mazziero, F.F.F.","Agnol",,"brazil","sao paulo","sao bernardo do campo","parque estadual aguas da billings",,"locality","brazil_sao paulo_sao bernardo campo","brazil_sao paulo_sao bernardo campo",-23.81292109,-46.55040438,"county",,,,,,,,,,,,,,,,,,,,,,,,,,,,,,,,,,,,,,,,,,,,,,,,,,,,,,,,,,,,,,,,,,,,,,,,,,,,,,,,,,,,,,,,,,,,,,,,,,,,,,,,,,,,,,,,,,,,,,,,,,,,,,,,,,,,,,,,,,,,,,,,,,,,,,,,,,,,,,,,,,,,,,,,,,,,,,,,,,,,,,,,,,,,,,,,,,,,,,,,,,,,,,,,,,,,,,,,,,,,,,,"check_local.2municip.","Leandra debilis","(Naudin) Cogn.","possibly_ok","Melastomataceae","Leandra debilis","(Naudin) Cogn.","species","name accepted","bfo-9526",,,"Leandra debilis (Naudin) Cogn.","Leandra","Melastomataceae","low","Leandra debilis"
"Leptostelma maximum","speciesLink","EFC021814","EFC","21814","Leptostelma maximum","Plantae","Asteraceae","Leptostelma","2022","01","15","Brasil","São Paulo","São Bernardo do Campo","Parque Estadual Águas da Billings.","UFPR","PreservedSpecimen","Dall Agnol, R.T.","2022","01","15","-23.759786","-46.511006","400","maximum","Dall Agnol, R.T.; Engels, M.E.; Mazziero, F.F.F.","-46.511006","-23.759786","2024-12-06T20:08:35","D.Don","3884","766","766","<nO>Erva ereta ca. 1,5 m alt.; invólucro esverdeado; flores liguliformes alvas; flores tubulares amareladas. Borda úmida de FOD Montana em estágio intermediário de regeneração.</nO>",,,,,,,,,,,,,,,,"SPLINK","São Bernardo do Campo","2022-01-15",,,,,,,,,,,,,,,,,,"EFC",,"Agnol, R.T.D.","3884","2022","Agnol, R.T.D.","2022","Engels, M.E.; Mazziero, F.F.F.","Agnol",,"brazil","sao paulo","sao bernardo do campo","parque estadual aguas da billings",,"locality","brazil_sao paulo_sao bernardo campo","brazil_sao paulo_sao bernardo campo",-23.81292109,-46.55040438,"county",,,,,,,,,,,,,,,,,,,,,,,,,,,,,,,,,,,,,,,,,,,,,,,,,,,,,,,,,,,,,,,,,,,,,,,,,,,,,,,,,,,,,,,,,,,,,,,,,,,,,,,,,,,,,,,,,,,,,,,,,,,,,,,,,,,,,,,,,,,,,,,,,,,,,,,,,,,,,,,,,,,,,,,,,,,,,,,,,,,,,,,,,,,,,,,,,,,,,,,,,,,,,,,,,,,,,,,,,,,,,,,"check_local.2municip.","Leptostelma maximum","D.Don","possibly_ok","Asteraceae","Leptostelma maximum","D.Don","species","name accepted","bfo-5342",,,"Leptostelma maximum D.Don","Leptostelma","Asteraceae","low","Leptostelma maximum"
"Lindsaea botrychioides","speciesLink","EFC021820","EFC","21820","Lindsaea botrychioides","Plantae","Lindsaeaceae","Lindsaea","2022","01","15","Brasil","São Paulo","São Bernardo do Campo","Parque Estadual Águas da Billings.","UFPR","PreservedSpecimen","Dall Agnol, R.T.","2022","03","25","-23.757147","-46.510878","400","botrychioides","Dall Agnol, R.T.; Engels, M.E.; Mazziero, F.F.F.","-46.510878","-23.757147","2024-12-06T20:09:19","A.St.-Hil.","3890","799","799","<nO>Terrícola ca. 50 cm alt., soros castanho-alaranjados. Interior de FOD Montana em estágio inicial de regeneração.</nO>",,,,,,,,,,,,,,,,"SPLINK","São Bernardo do Campo","2022-03-25",,,,,,,,,,,,,,,,,,"EFC",,"Agnol, R.T.D.","3890","2022","Agnol, R.T.D.","2022","Engels, M.E.; Mazziero, F.F.F.","Agnol",,"brazil","sao paulo","sao bernardo do campo","parque estadual aguas da billings",,"locality","brazil_sao paulo_sao bernardo campo","brazil_sao paulo_sao bernardo campo",-23.81292109,-46.55040438,"county",,,,,,,,,,,,,,,,,,,,,,,,,,,,,,,,,,,,,,,,,,,,,,,,,,,,,,,,,,,,,,,,,,,,,,,,,,,,,,,,,,,,,,,,,,,,,,,,,,,,,,,,,,,,,,,,,,,,,,,,,,,,,,,,,,,,,,,,,,,,,,,,,,,,,,,,,,,,,,,,,,,,,,,,,,,,,,,,,,,,,,,,,,,,,,,,,,,,,,,,,,,,,,,,,,,,,,,,,,,,,,,"check_local.2municip.","Lindsaea botrychioides","A.St.-Hil.","possibly_ok","Lindsaeaceae","Lindsaea botrychioides","A.St.-Hil.","species","name accepted","bfo-91289",,,"Lindsaea botrychioides A.St.-Hil.","Lindsaea","Lindsaeaceae","low","Lindsaea botrychioides"
"Lindsaea virescens var. virescens","speciesLink","EFC021812","EFC","21812","Lindsaea virescens var. virescens","Plantae","Lindsaeaceae","Lindsaea","2022","01","15","Brasil","São Paulo","São Bernardo do Campo","Parque Estadual Águas da Billings.","UFPR","PreservedSpecimen","Mazziero, F.F.F.","2022","03","25","-23.758654","-46.510983","400","virescens","Dall Agnol, R.T.; Engels, M.E.; Mazziero, F.F.F.","-46.510983","-23.758654","2024-12-06T20:09:19","Sw.","3882","809","809","<nO>Terrícola ca. 40 cm alt., soros castanho-alaranjados. Interior de FOD Montana em estágio intermediário de regeneração.</nO>",,,,,,,"var. virescens",,,,,,,,,"SPLINK","São Bernardo do Campo","2022-03-25",,,,,,,,,,,,,,,,,,"EFC",,"Agnol, R.T.D.","3882","2022","Mazziero, F.F.F.","2022","Engels, M.E.; Mazziero, F.F.F.","Agnol",,"brazil","sao paulo","sao bernardo do campo","parque estadual aguas da billings",,"locality","brazil_sao paulo_sao bernardo campo","brazil_sao paulo_sao bernardo campo",-23.81292109,-46.55040438,"county",,,,,,,,,,,,,,,,,,,,,,,,,,,,,,,,,,,,,,,,,,,,,,,,,,,,,,,,,,,,,,,,,,,,,,,,,,,,,,,,,,,,,,,,,,,,,,,,,,,,,,,,,,,,,,,,,,,,,,,,,,,,,,,,,,,,,,,,,,,,,,,,,,,,,,,,,,,,,,,,,,,,,,,,,,,,,,,,,,,,,,,,,,,,,,,,,,,,,,,,,,,,,,,,,,,,,,,,,,,,,,,"check_local.2municip.","Lindsaea virescens var. virescens","Sw.","variety","Lindsaeaceae","Lindsaea virescens var. virescens","Sw.","variety","name accepted","bfo-91338",,,"Lindsaea virescens var. virescens Sw.","Lindsaea","Lindsaeaceae","low","Lindsaea virescens"
"Malanea forsteronioides","speciesLink","EFC021821","EFC","21821","Malanea forsteronioides","Plantae","Rubiaceae","Malanea","2022","01","15","Brasil","São Paulo","São Bernardo do Campo","Parque Estadual Águas da Billings.","UFPR","PreservedSpecimen","Dall Agnol, R.T.","2022","01","15","-23.757147","-46.510878","400","forsteronioides","Dall Agnol, R.T.; Engels, M.E.; Mazziero, F.F.F.","-46.510878","-23.757147","2024-12-06T20:10:05","Müll.Arg.","3891","799","799","<nO>Liana ca. 5 m alt., frutos imaturos rubrescentes. FOD Montana em estágio inicial de regeneração.</nO>",,,,,,,,,,,,,,,,"SPLINK","São Bernardo do Campo","2022-01-15",,,,,,,,,,,,,,,,,,"EFC",,"Agnol, R.T.D.","3891","2022","Agnol, R.T.D.","2022","Engels, M.E.; Mazziero, F.F.F.","Agnol",,"brazil","sao paulo","sao bernardo do campo","parque estadual aguas da billings",,"locality","brazil_sao paulo_sao bernardo campo","brazil_sao paulo_sao bernardo campo",-23.81292109,-46.55040438,"county",,,,,,,,,,,,,,,,,,,,,,,,,,,,,,,,,,,,,,,,,,,,,,,,,,,,,,,,,,,,,,,,,,,,,,,,,,,,,,,,,,,,,,,,,,,,,,,,,,,,,,,,,,,,,,,,,,,,,,,,,,,,,,,,,,,,,,,,,,,,,,,,,,,,,,,,,,,,,,,,,,,,,,,,,,,,,,,,,,,,,,,,,,,,,,,,,,,,,,,,,,,,,,,,,,,,,,,,,,,,,,,"check_local.2municip.","Malanea forsteronioides","Müll.Arg.","possibly_ok","Rubiaceae","Malanea forsteronioides","Müll.Arg.","species","name accepted","bfo-14090",,,"Malanea forsteronioides Müll.Arg.","Malanea","Rubiaceae","low","Malanea forsteronioides"
"Mazus pumilus","speciesLink","EFC021795","EFC","21795","Mazus pumilus","Plantae","Mazaceae","Mazus","2022","01","14","Brasil","São Paulo","São Bernardo do Campo","Parque Estadual Águas da Billings.","UFPR","PreservedSpecimen","Dall Agnol, R.T.","2022","01","14","-23.756818","-46.509781","400","pumilus","Dall Agnol, R.T.; Engels, M.E.; Mazziero, F.F.F.","-46.509781","-23.756818","2024-12-06T20:09:24","(Burm.f.) Steenis","3864","753","753","<nO>Erva palustre, ascendente, ca. 8 cm alt.; cálice verde; corola alvacenta com máculas lúteas. Ruderal em beira de estrada.</nO>",,,,,,,,,,,,,,,,"SPLINK","São Bernardo do Campo","2022-01-14",,,,,,,,,,,,,,,,,,"EFC",,"Agnol, R.T.D.","3864","2022","Agnol, R.T.D.","2022","Engels, M.E.; Mazziero, F.F.F.","Agnol",,"brazil","sao paulo","sao bernardo do campo","parque estadual aguas da billings",,"locality","brazil_sao paulo_sao bernardo campo","brazil_sao paulo_sao bernardo campo",-23.81292109,-46.55040438,"county",,,,,,,,,,,,,,,,,,,,,,,,,,,,,,,,,,,,,,,,,,,,,,,,,,,,,,,,,,,,,,,,,,,,,,,,,,,,,,,,,,,,,,,,,,,,,,,,,,,,,,,,,,,,,,,,,,,,,,,,,,,,,,,,,,,,,,,,,,,,,,,,,,,,,,,,,,,,,,,,,,,,,,,,,,,,,,,,,,,,,,,,,,,,,,,,,,,,,,,,,,,,,,,,,,,,,,,,,,,,,,,"check_local.2municip.","Mazus pumilus","(Burm.f.) Steenis","possibly_ok","Mazaceae","Mazus pumilus","(Burm.f.) Steenis","species","name accepted","bfo-135717",,,"Mazus pumilus (Burm.f.) Steenis","Mazus","Mazaceae","low","Mazus pumilus"
"Miconia brunnea","speciesLink","EFC021834","EFC","21834","Miconia brunnea","Plantae","Melastomataceae","Miconia","2022","01","17","Brasil","São Paulo","São Bernardo do Campo","Parque Estadual Águas da Billings.","UFPR","PreservedSpecimen","Dall Agnol, R.T.","2022","03","25","-23.765889","-46.509629","400","brunnea","Dall Agnol, R.T.; Engels, M.E.; Mazziero, F.F.F.","-46.509629","-23.765889","2024-12-06T20:09:27","DC.","3904","786","786","<nO>Arbusto ca. 2 m alt.; ramos, pecíolos, nervuras e pedúnculos ferrugíneos; frutos imaturos ferrugíneo-nigrescentes. Clareira em FOD Montana em estágio avançado de regeneração.</nO>",,,,,,,,,,,,,,,,"SPLINK","São Bernardo do Campo","2022-03-25",,,,,,,,,,,,,,,,,,"EFC",,"Agnol, R.T.D.","3904","2022","Agnol, R.T.D.","2022","Engels, M.E.; Mazziero, F.F.F.","Agnol",,"brazil","sao paulo","sao bernardo do campo","parque estadual aguas da billings",,"locality","brazil_sao paulo_sao bernardo campo","brazil_sao paulo_sao bernardo campo",-23.81292109,-46.55040438,"county",,,,,,,,,,,,,,,,,,,,,,,,,,,,,,,,,,,,,,,,,,,,,,,,,,,,,,,,,,,,,,,,,,,,,,,,,,,,,,,,,,,,,,,,,,,,,,,,,,,,,,,,,,,,,,,,,,,,,,,,,,,,,,,,,,,,,,,,,,,,,,,,,,,,,,,,,,,,,,,,,,,,,,,,,,,,,,,,,,,,,,,,,,,,,,,,,,,,,,,,,,,,,,,,,,,,,,,,,,,,,,,"check_local.2municip.","Miconia brunnea","DC.","possibly_ok","Melastomataceae","Miconia brunnea","DC.","species","name accepted","bfo-9676",,,"Miconia brunnea DC.","Miconia","Melastomataceae","low","Miconia brunnea"
"Microchilus austrobrasiliensis","user",,"MBM","MBM00450381","Microchilus austrobrasiliensis (Porsch) Ormerod",,"Orchidaceae","Microchilus","2022","04","12","Brazil","São Paulo",,"Parque Estadual Águas da Billings.","MBM",,"Engels, M.E.",,,,"23º 45' 31"""" S","46º 30' 54"""" W",,,"Engels, M.E.","-46.515","-23.7586111111111",,"(Porsch) Ormerod","9693",,,,,,,,,,,,"não",,,,,,,"REFLORA","São Bernardo do Campo","12/04/2022",,,,,,,"Humícola no sub-bosque. Caule e folhas verdes. Flores alvas. Cultivada até floração. UNICATA",,,,,,"SPECIES",,"802",,,,,,,,,,,,,"brazil","sao paulo","sao bernardo do campo","parque estadual aguas da billings",,"locality","brazil_sao paulo_sao bernardo campo","brazil_sao paulo_sao bernardo campo",-23.81292109,-46.55040438,"county",,,,,,,,,,,,,,,,,,,,,,,,,,,,,,,,,,,,,,,,,,,,,,,,,,,,,,,,,,,,,,,,,,,,,,,,,,,,,,,,,,,,,,,,,,,,,,,,,,,,,,,,,,,,,,,,,,,,,,,,,,,,,,,,,,,,,,,,,,,,,,,,,,,,,,,,,,,,,,,,"austrobrasiliensis","ORCHIDACEAE Microchilus austrobrasiliensis (Porsch) Ormerod",,,,,,,,,,,,,,,,,,,,,,,,,,,,"MBM",,"MBM 450381",,,"12/04/2022",,,"METRO",,,,,,,,"brazil_sao paulo_sao bernardo campo","Brazil","São Paulo","São Bernardo do Campo",,"ibge","brazil_sao paulo_sao bernardo campo","Brazil","São Paulo","São Bernardo do Campo",,"ibge","brazil_sao paulo_sao bernardo campo","Brazil","São Paulo","São Bernardo do Campo",,"ibge","check_local.2municip.","Microchilus austrobrasiliensis","(Porsch) Ormerod","name_w_authors","Orchidaceae","Microchilus austrobrasiliensis","(Porsch) Ormerod","species","name accepted","bfo-11845",,,"Microchilus austrobrasiliensis (Porsch) Ormerod","Microchilus","Orchidaceae","high","Microchilus austrobrasiliensis"
"Myrceugenia pilotantha","speciesLink","EFC021833","EFC","21833","Myrceugenia pilotantha","Plantae","Myrtaceae","Myrceugenia","2022","01","17","Brasil","São Paulo","São Bernardo do Campo","Parque Estadual Águas da Billings.","UFPR","PreservedSpecimen","Dall Agnol, R.T.","2022","03","25","-23.765889","-46.509629","400","pilotantha","Dall Agnol, R.T.; Engels, M.E.; Mazziero, F.F.F.","-46.509629","-23.765889","2024-12-06T20:09:36","(Kiaersk.) Landrum","3903","786","786","<nO>Arbusto ca. 2 m alt., botões florais ferrugíneos. Interior de FOD Montana em estágio avançado de regeneração.</nO>",,,,,,,,,,,,,,,,"SPLINK","São Bernardo do Campo","2022-03-25",,,,,,,,,,,,,,,,,,"EFC",,"Agnol, R.T.D.","3903","2022","Agnol, R.T.D.","2022","Engels, M.E.; Mazziero, F.F.F.","Agnol",,"brazil","sao paulo","sao bernardo do campo","parque estadual aguas da billings",,"locality","brazil_sao paulo_sao bernardo campo","brazil_sao paulo_sao bernardo campo",-23.81292109,-46.55040438,"county",,,,,,,,,,,,,,,,,,,,,,,,,,,,,,,,,,,,,,,,,,,,,,,,,,,,,,,,,,,,,,,,,,,,,,,,,,,,,,,,,,,,,,,,,,,,,,,,,,,,,,,,,,,,,,,,,,,,,,,,,,,,,,,,,,,,,,,,,,,,,,,,,,,,,,,,,,,,,,,,,,,,,,,,,,,,,,,,,,,,,,,,,,,,,,,,,,,,,,,,,,,,,,,,,,,,,,,,,,,,,,,"check_local.2municip.","Myrceugenia pilotantha","(Kiaersk.) Landrum","possibly_ok","Myrtaceae","Myrceugenia pilotantha","(Kiaersk.) Landrum","species","name accepted","bfo-10653",,,"Myrceugenia pilotantha (Kiaersk.) Landrum","Myrceugenia","Myrtaceae","low","Myrceugenia pilotantha"
"Myrcia eriopus","speciesLink","EFC021835","EFC","21835","Myrcia eriopus","Plantae","Myrtaceae","Myrcia","2022","01","17","Brasil","São Paulo","São Bernardo do Campo","Parque Estadual Águas da Billings.","UFPR","PreservedSpecimen","Engels, M.E.","2022","01","17","-23.765889","-46.509629","400","eriopus","Dall Agnol, R.T.; Engels, M.E.; Mazziero, F.F.F.","-46.509629","-23.765889","2024-12-06T20:09:37","DC.","3905","786","786","<nO>Arvoreta ca. 6 m alt., flores alvas. Interior de FOD Montana em estágio avançado de regeneração.</nO>",,,,,,,,,,,,,,,,"SPLINK","São Bernardo do Campo","2022-01-17",,,,,,,,,,,,,,,,,,"EFC",,"Agnol, R.T.D.","3905","2022","Engels, M.E.","2022","Engels, M.E.; Mazziero, F.F.F.","Agnol",,"brazil","sao paulo","sao bernardo do campo","parque estadual aguas da billings",,"locality","brazil_sao paulo_sao bernardo campo","brazil_sao paulo_sao bernardo campo",-23.81292109,-46.55040438,"county",,,,,,,,,,,,,,,,,,,,,,,,,,,,,,,,,,,,,,,,,,,,,,,,,,,,,,,,,,,,,,,,,,,,,,,,,,,,,,,,,,,,,,,,,,,,,,,,,,,,,,,,,,,,,,,,,,,,,,,,,,,,,,,,,,,,,,,,,,,,,,,,,,,,,,,,,,,,,,,,,,,,,,,,,,,,,,,,,,,,,,,,,,,,,,,,,,,,,,,,,,,,,,,,,,,,,,,,,,,,,,,"check_local.2municip.","Myrcia eriopus","DC.","possibly_ok","Myrtaceae","Myrcia eriopus","DC.","species","name accepted","bfo-10685",,,"Myrcia eriopus DC.","Myrcia","Myrtaceae","low","Myrcia eriopus"
"Ossaea amygdaloides","speciesLink","EFC021843","EFC","21843","Ossaea amygdaloides","Plantae","Melastomataceae","Ossaea","2022","01","18","Brasil","São Paulo","São Bernardo do Campo","Parque Estadual Águas da Billings.","UFPR","PreservedSpecimen","Dall Agnol, R.T.","2022","03","25","-23.762515","-46.509659","400","amygdaloides","Dall Agnol, R.T.; Engels, M.E.; Mazziero, F.F.F.","-46.509659","-23.762515","2024-12-06T20:09:28","(DC.) Triana","3915","782","782","<nO>Arbusto densamente ramificado ca. 1,5 m alt., frutos imaturos esverdeados. Interior de FOD Montana em estágio intermediário de regeneração.</nO>",,,,,,,,,,,,,,,,"SPLINK","São Bernardo do Campo","2022-03-25",,,,,,,,,,,,,,,,,,"EFC",,"Agnol, R.T.D.","3915","2022","Agnol, R.T.D.","2022","Engels, M.E.; Mazziero, F.F.F.","Agnol",,"brazil","sao paulo","sao bernardo do campo","parque estadual aguas da billings",,"locality","brazil_sao paulo_sao bernardo campo","brazil_sao paulo_sao bernardo campo",-23.81292109,-46.55040438,"county",,,,,,,,,,,,,,,,,,,,,,,,,,,,,,,,,,,,,,,,,,,,,,,,,,,,,,,,,,,,,,,,,,,,,,,,,,,,,,,,,,,,,,,,,,,,,,,,,,,,,,,,,,,,,,,,,,,,,,,,,,,,,,,,,,,,,,,,,,,,,,,,,,,,,,,,,,,,,,,,,,,,,,,,,,,,,,,,,,,,,,,,,,,,,,,,,,,,,,,,,,,,,,,,,,,,,,,,,,,,,,,"check_local.2municip.","Ossaea amygdaloides","(DC.) Triana","possibly_ok","Melastomataceae","Ossaea amygdaloides","(DC.) Triana","species","name accepted","bfo-9829",,,"Ossaea amygdaloides (DC.) Triana","Ossaea","Melastomataceae","low","Ossaea amygdaloides"
"Palhinhaea cernua","speciesLink","EFC021813","EFC","21813","Palhinhaea cernua","Plantae","Lycopodiaceae","Palhinhaea","2022","01","15","Brasil","São Paulo","São Bernardo do Campo","Parque Estadual Águas da Billings.","UFPR","PreservedSpecimen","Dall Agnol, R.T.","2022","01","15","-23.759786","-46.511006","400","cernua","Dall Agnol, R.T.; Engels, M.E.; Mazziero, F.F.F.","-46.511006","-23.759786","2024-12-06T20:09:20","(L.) Franco & Vasc.","3883","766","766","<nO>Terrícola ca. 1,2 m alt.; estróbilos esverdeados, nutantes. Clareira úmida em FOD Montana em estágio intermediário de regeneração.</nO>",,,,,,,,,,,,,,,,"SPLINK","São Bernardo do Campo","2022-01-15",,,,,,,,,,,,,,,,,,"EFC",,"Agnol, R.T.D.","3883","2022","Agnol, R.T.D.","2022","Engels, M.E.; Mazziero, F.F.F.","Agnol",,"brazil","sao paulo","sao bernardo do campo","parque estadual aguas da billings",,"locality","brazil_sao paulo_sao bernardo campo","brazil_sao paulo_sao bernardo campo",-23.81292109,-46.55040438,"county",,,,,,,,,,,,,,,,,,,,,,,,,,,,,,,,,,,,,,,,,,,,,,,,,,,,,,,,,,,,,,,,,,,,,,,,,,,,,,,,,,,,,,,,,,,,,,,,,,,,,,,,,,,,,,,,,,,,,,,,,,,,,,,,,,,,,,,,,,,,,,,,,,,,,,,,,,,,,,,,,,,,,,,,,,,,,,,,,,,,,,,,,,,,,,,,,,,,,,,,,,,,,,,,,,,,,,,,,,,,,,,"check_local.2municip.","Palhinhaea cernua","(L.) Franco & Vasc.","possibly_ok","Lycopodiaceae","Palhinhaea cernua","(L.) Franco & Vasc.","species","name accepted","bfo-128549",,,"Palhinhaea cernua (L.) Franco & Vasc.","Palhinhaea","Lycopodiaceae","low","Palhinhaea cernua"
"Piper corcovadensis var. longiracemosum","speciesLink","EFC021837","EFC","21837","Piper corcovadensis var. longiracemosum","Plantae","Piperaceae","Piper","2022","01","17","Brasil","São Paulo","São Bernardo do Campo","Parque Estadual Águas da Billings.","UFPR","PreservedSpecimen","Dall Agnol, R.T.","2022","03","25","-23.765889","-46.509629","400","corcovadensis","Dall Agnol, R.T.; Engels, M.E.; Mazziero, F.F.F.","-46.509629","-23.765889","2024-12-06T20:09:50","(Yunck.) E.F. Guim. & M. Carvalho-Silva","3908","786","786","<nO>Arbusto ca. 1,5 m alt., frutos imaturos esverdeados. Interior de FOD Montana em estágio avançado de regeneração.</nO>",,,,,,,"var. longiracemosum",,,,,,,,,"SPLINK","São Bernardo do Campo","2022-03-25",,,,,,,,,,,,,,,,,,"EFC",,"Agnol, R.T.D.","3908","2022","Agnol, R.T.D.","2022","Engels, M.E.; Mazziero, F.F.F.","Agnol",,"brazil","sao paulo","sao bernardo do campo","parque estadual aguas da billings",,"locality","brazil_sao paulo_sao bernardo campo","brazil_sao paulo_sao bernardo campo",-23.81292109,-46.55040438,"county",,,,,,,,,,,,,,,,,,,,,,,,,,,,,,,,,,,,,,,,,,,,,,,,,,,,,,,,,,,,,,,,,,,,,,,,,,,,,,,,,,,,,,,,,,,,,,,,,,,,,,,,,,,,,,,,,,,,,,,,,,,,,,,,,,,,,,,,,,,,,,,,,,,,,,,,,,,,,,,,,,,,,,,,,,,,,,,,,,,,,,,,,,,,,,,,,,,,,,,,,,,,,,,,,,,,,,,,,,,,,,,"check_local.2municip.","Piper corcovadensis var. longiracemosum","(Yunck.) E.F. Guim. & M. Carvalho-Silva","variety","Piperaceae","Piper corcovadensis var. longiracemosum","(Yunck.) E.F. Guim. & M. Carvalho-Silva","variety","name accepted","bfo-131986",,,"Piper corcovadensis var. longiracemosum (Yunck.) E.F. Guim. & M. Carvalho-Silva","Piper","Piperaceae","low","Piper corcovadensis"
"Piper umbellatum","speciesLink","EFC021840","EFC","21840","Piper umbellatum","Plantae","Piperaceae","Piper","2022","01","17","Brasil","São Paulo","São Bernardo do Campo","Parque Estadual Águas da Billings.","UFPR","PreservedSpecimen","Dall Agnol, R.T.","2022","01","17","-23.761355","-46.510907","400","umbellatum","Dall Agnol, R.T.; Engels, M.E.; Mazziero, F.F.F.","-46.510907","-23.761355","2024-12-06T20:09:50","L.","3911","751","751","<nO>Arbusto ca. 1,5 m alt., formando agrupamento, espigas alvas. Borda úmida de FOD Montana em estágio intermediário de regeneração.</nO>",,,,,,,,,,,,,,,,"SPLINK","São Bernardo do Campo","2022-01-17",,,,,,,,,,,,,,,,,,"EFC",,"Agnol, R.T.D.","3911","2022","Agnol, R.T.D.","2022","Engels, M.E.; Mazziero, F.F.F.","Agnol",,"brazil","sao paulo","sao bernardo do campo","parque estadual aguas da billings",,"locality","brazil_sao paulo_sao bernardo campo","brazil_sao paulo_sao bernardo campo",-23.81292109,-46.55040438,"county",,,,,,,,,,,,,,,,,,,,,,,,,,,,,,,,,,,,,,,,,,,,,,,,,,,,,,,,,,,,,,,,,,,,,,,,,,,,,,,,,,,,,,,,,,,,,,,,,,,,,,,,,,,,,,,,,,,,,,,,,,,,,,,,,,,,,,,,,,,,,,,,,,,,,,,,,,,,,,,,,,,,,,,,,,,,,,,,,,,,,,,,,,,,,,,,,,,,,,,,,,,,,,,,,,,,,,,,,,,,,,,"check_local.2municip.","Piper umbellatum","L.","possibly_ok","Piperaceae","Piper umbellatum","L.","species","name accepted","bfo-12863",,,"Piper umbellatum L.","Piper","Piperaceae","low","Piper umbellatum"
"Rhynchospora corymbosa","speciesLink","EFC021797","EFC","21797","Rhynchospora corymbosa","Plantae","Cyperaceae","Rhynchospora","2022","01","14","Brasil","São Paulo","São Bernardo do Campo","Parque Estadual Águas da Billings.","UFPR","PreservedSpecimen","Dall Agnol, R.T.","2022","01","14","-23.756818","-46.509781","400","corymbosa","Dall Agnol, R.T.; Engels, M.E.; Mazziero, F.F.F.","-46.509781","-23.756818","2024-12-06T20:08:54","(L.) Britton","3866","753","753","<nO>Erva ereta ca. 1 m alt., espiguetas acastanhadas. Ruderal em beira de estrada, solo úmido.</nO>",,,,,,,,,,,,,,,,"SPLINK","São Bernardo do Campo","2022-01-14",,,,,,,,,,,,,,,,,,"EFC",,"Agnol, R.T.D.","3866","2022","Agnol, R.T.D.","2022","Engels, M.E.; Mazziero, F.F.F.","Agnol",,"brazil","sao paulo","sao bernardo do campo","parque estadual aguas da billings",,"locality","brazil_sao paulo_sao bernardo campo","brazil_sao paulo_sao bernardo campo",-23.81292109,-46.55040438,"county",,,,,,,,,,,,,,,,,,,,,,,,,,,,,,,,,,,,,,,,,,,,,,,,,,,,,,,,,,,,,,,,,,,,,,,,,,,,,,,,,,,,,,,,,,,,,,,,,,,,,,,,,,,,,,,,,,,,,,,,,,,,,,,,,,,,,,,,,,,,,,,,,,,,,,,,,,,,,,,,,,,,,,,,,,,,,,,,,,,,,,,,,,,,,,,,,,,,,,,,,,,,,,,,,,,,,,,,,,,,,,,"check_local.2municip.","Rhynchospora corymbosa","(L.) Britton","possibly_ok","Cyperaceae","Rhynchospora corymbosa","(L.) Britton","species","name accepted","bfo-7269",,,"Rhynchospora corymbosa (L.) Britton","Rhynchospora","Cyperaceae","low","Rhynchospora corymbosa"
"Rhynchospora foliosa","speciesLink","EFC021808","EFC","21808","Rhynchospora foliosa","Plantae","Cyperaceae","Rhynchospora","2022","01","15","Brasil","São Paulo","São Bernardo do Campo","Parque Estadual Águas da Billings.","UFPR","PreservedSpecimen","Dall Agnol, R.T.","2022","01","15","-23.758654","-46.510983","400","foliosa","Dall Agnol, R.T.; Engels, M.E.; Mazziero, F.F.F.","-46.510983","-23.758654","2024-12-06T20:08:54","(Kunth) L.B.Sm.","3878","809","809","<nO>Erva cespitosa, ascendente, ca. 1,5 m alt., espiguetas acastanhadas. Superdominante em interior de FOD Montana em estágio intermediário de regeneração.</nO>",,,,,,,,,,,,,,,,"SPLINK","São Bernardo do Campo","2022-01-15",,,,,,,,,,,,,,,,,,"EFC",,"Agnol, R.T.D.","3878","2022","Agnol, R.T.D.","2022","Engels, M.E.; Mazziero, F.F.F.","Agnol",,"brazil","sao paulo","sao bernardo do campo","parque estadual aguas da billings",,"locality","brazil_sao paulo_sao bernardo campo","brazil_sao paulo_sao bernardo campo",-23.81292109,-46.55040438,"county",,,,,,,,,,,,,,,,,,,,,,,,,,,,,,,,,,,,,,,,,,,,,,,,,,,,,,,,,,,,,,,,,,,,,,,,,,,,,,,,,,,,,,,,,,,,,,,,,,,,,,,,,,,,,,,,,,,,,,,,,,,,,,,,,,,,,,,,,,,,,,,,,,,,,,,,,,,,,,,,,,,,,,,,,,,,,,,,,,,,,,,,,,,,,,,,,,,,,,,,,,,,,,,,,,,,,,,,,,,,,,,"check_local.2municip.","Rhynchospora foliosa","(Kunth) L.B.Sm.","possibly_ok","Cyperaceae","Rhynchospora foliosa","(Kunth) L.B.Sm.","species","name accepted","bfo-51705",,,"Rhynchospora foliosa (Kunth) L.B.Sm.","Rhynchospora","Cyperaceae","low","Rhynchospora foliosa"
"Scoparia dulcis","speciesLink","EFC021794","EFC","21794","Scoparia dulcis","Plantae","Plantaginaceae","Scoparia","2022","01","14","Brasil","São Paulo","São Bernardo do Campo","Parque Estadual Águas da Billings.","UFPR","PreservedSpecimen","Dall Agnol, R.T.","2022","01","14","-23.756818","-46.509781","400","dulcis","Dall Agnol, R.T.; Engels, M.E.; Mazziero, F.F.F.","-46.509781","-23.756818","2024-12-06T20:09:51","L.","3863","753","753","<nO>Erva palustre, ereta, ca. 40 cm alt.; cálice esverdeado; corola alva com a base rubra; anteras amareladas; frutos esverdeados. Ruderal em beira de estrada.</nO>",,,,,,,,,,,,,,,,"SPLINK","São Bernardo do Campo","2022-01-14",,,,,,,,,,,,,,,,,,"EFC",,"Agnol, R.T.D.","3863","2022","Agnol, R.T.D.","2022","Engels, M.E.; Mazziero, F.F.F.","Agnol",,"brazil","sao paulo","sao bernardo do campo","parque estadual aguas da billings",,"locality","brazil_sao paulo_sao bernardo campo","brazil_sao paulo_sao bernardo campo",-23.81292109,-46.55040438,"county",,,,,,,,,,,,,,,,,,,,,,,,,,,,,,,,,,,,,,,,,,,,,,,,,,,,,,,,,,,,,,,,,,,,,,,,,,,,,,,,,,,,,,,,,,,,,,,,,,,,,,,,,,,,,,,,,,,,,,,,,,,,,,,,,,,,,,,,,,,,,,,,,,,,,,,,,,,,,,,,,,,,,,,,,,,,,,,,,,,,,,,,,,,,,,,,,,,,,,,,,,,,,,,,,,,,,,,,,,,,,,,"check_local.2municip.","Scoparia dulcis","L.","possibly_ok","Plantaginaceae","Scoparia dulcis","L.","species","name accepted","bfo-12920",,,"Scoparia dulcis L.","Scoparia","Plantaginaceae","low","Scoparia dulcis"
"Taquara micrantha","speciesLink","EFC021810","EFC","21810","Taquara micrantha","Plantae","Poaceae","Taquara","2022","01","15","Brasil","São Paulo","São Bernardo do Campo","Parque Estadual Águas da Billings.","UFPR","PreservedSpecimen","Dall Agnol, R.T.","2022","01","15","-23.758654","-46.510983","400","micrantha","Dall Agnol, R.T.; Engels, M.E.; Mazziero, F.F.F.","-46.510983","-23.758654","2024-12-06T20:09:54","(Kunth) I.L.C.Oliveira & R.P.Oliveira","3880","809","809","<nO>Erva cespitosa, apoiante, ca. 1,5 m alt.; espiguetas femininas esverdeadas com estigmas alvo-hialinos; espiguetas masculinas arroxeado-hialinas com anteras amareladas; cariopses alvas. Clareira em FOD Montana em estágio intermediário de</nO>",,,,,,,,,,,,,,,,"SPLINK","São Bernardo do Campo","2022-01-15",,,,,,,,,,,,,,,,,,"EFC",,"Agnol, R.T.D.","3880","2022","Agnol, R.T.D.","2022","Engels, M.E.; Mazziero, F.F.F.","Agnol",,"brazil","sao paulo","sao bernardo do campo","parque estadual aguas da billings",,"locality","brazil_sao paulo_sao bernardo campo","brazil_sao paulo_sao bernardo campo",-23.81292109,-46.55040438,"county",,,,,,,,,,,,,,,,,,,,,,,,,,,,,,,,,,,,,,,,,,,,,,,,,,,,,,,,,,,,,,,,,,,,,,,,,,,,,,,,,,,,,,,,,,,,,,,,,,,,,,,,,,,,,,,,,,,,,,,,,,,,,,,,,,,,,,,,,,,,,,,,,,,,,,,,,,,,,,,,,,,,,,,,,,,,,,,,,,,,,,,,,,,,,,,,,,,,,,,,,,,,,,,,,,,,,,,,,,,,,,,"check_local.2municip.","Taquara micrantha","(Kunth) I.L.C.Oliveira & R.P.Oliveira","possibly_ok","Poaceae","Taquara micrantha","(Kunth) I.L.C.Oliveira & R.P.Oliveira","species","name accepted","bfo-616634",,,"Taquara micrantha (Kunth) I.L.C.Oliveira & R.P.Oliveira","Taquara","Poaceae","low","Taquara micrantha"
"Tripogandra diuretica","speciesLink","EFC021845","EFC","21845","Tripogandra diuretica","Plantae","Commelinaceae","Tripogandra","2022","01","18","Brasil","São Paulo","São Bernardo do Campo","Parque Estadual Águas da Billings.","UFPR","PreservedSpecimen","Dall Agnol, R.T.","2022","01","18","-23.759786","-46.511006","400","diuretica","Dall Agnol, R.T.; Engels, M.E.; Mazziero, F.F.F.","-46.511006","-23.759786","2024-12-06T20:08:50","(Mart.) Handlos","3917","766","766","<nO>Erva ereta ca. 70 cm alt.; cálice esverdeado a magenta; corola rósea; anteras amareladas. Borda úmida de FOD Montana em estágio intermediário de regeneração.</nO>",,,,,,,,,,,,,,,,"SPLINK","São Bernardo do Campo","2022-01-18",,,,,,,,,,,,,,,,,,"EFC",,"Agnol, R.T.D.","3917","2022","Agnol, R.T.D.","2022","Engels, M.E.; Mazziero, F.F.F.","Agnol",,"brazil","sao paulo","sao bernardo do campo","parque estadual aguas da billings",,"locality","brazil_sao paulo_sao bernardo campo","brazil_sao paulo_sao bernardo campo",-23.81292109,-46.55040438,"county",,,,,,,,,,,,,,,,,,,,,,,,,,,,,,,,,,,,,,,,,,,,,,,,,,,,,,,,,,,,,,,,,,,,,,,,,,,,,,,,,,,,,,,,,,,,,,,,,,,,,,,,,,,,,,,,,,,,,,,,,,,,,,,,,,,,,,,,,,,,,,,,,,,,,,,,,,,,,,,,,,,,,,,,,,,,,,,,,,,,,,,,,,,,,,,,,,,,,,,,,,,,,,,,,,,,,,,,,,,,,,,"check_local.2municip.","Tripogandra diuretica","(Mart.) Handlos","possibly_ok","Commelinaceae","Tripogandra diuretica","(Mart.) Handlos","species","name accepted","bfo-16925",,,"Tripogandra diuretica (Mart.) Handlos","Tripogandra","Commelinaceae","low","Tripogandra diuretica"
