"data_source","collectionCode","catalogNumber","scientificName","kingdom","family","genus","year","month","day","country","stateProvince","county","locality","coordinatePrecision","institutionCode","phylum","basisOfRecord","collectionID","specificEpithet","recordedBy","decimalLongitude","decimalLatitude","modified","scientificNameAuthorship","identifiedBy","continentocean","class","order","verbatimLatitude","verbatimLongitude","occurrenceRemarks","yearIdentified","recordNumber","barcode","monthIdentified","dayIdentified","infraspecificEpithet","minimumElevationInMeters","maximumElevationInMeters","fieldNumber","preparationtype","typeStatus","individualcount","relatedcatalogitem","downloadedFrom","municipality","dateIdentified","acceptedScientificName","bibliographicCitation","countryCode","datasetID","datasetName","eventDate","fieldNotes","habitat","identificationRemarks","latitude","longitude","taxonomicStatus","taxonRank","type","verbatimElevation","verbatimEventDate","verbatimLocality","collectionCode.new","collectionObs","recordedBy.new","recordNumber.new","year.new","identifiedBy.new","yearIdentified.new","recordedBy.aux","last.name","identifiedBy.aux","country.new","stateProvince.new","municipality.new","locality.new","locality.scrap","resol.orig","loc","loc.correct","latitude.gazetteer","longitude.gazetteer","resolution.gazetteer","gbifID","institutionID","informationWithheld","dataGeneralizations","occurrenceID","recordedByID","caste","vitality","georeferenceVerificationStatus","occurrenceStatus","materialEntityID","materialEntityRemarks","verbatimLabel","eventType","samplingProtocol","eventRemarks","locationID","locationRemarks","coordinateUncertaintyInMeters","pointRadiusSpatialFit","verbatimCoordinateSystem","georeferencedBy","georeferencedDate","georeferenceProtocol","georeferenceRemarks","identificationID","verbatimIdentification","identifiedByID","taxonID","acceptedNameUsage","parentNameUsage","originalNameUsage","nameAccordingTo","namePublishedIn","namePublishedInYear","superfamily","subfamily","tribe","subtribe","genericName","subgenus","infragenericEpithet","cultivarEpithet","verbatimTaxonRank","taxonRemarks","datasetKey","distanceFromCentroidInMeters","mediaType","hasCoordinate","hasGeospatialIssues","species","verbatimScientificName","projectId","isSequenced","gbifRegion","publishedByGbifRegion","iucnRedListCategory","associatedMedia","minimumDepthInMeters","maximumDepthInMeters","geodeticDatum","verbatimCoordinates","imageCollectionCode","virtualDuplicates","duplicates","DeterminationQualifier","recordedByExtra","dateCollected","dateCollectedMax","verbatimElevationMax","measurementUnit","verbatimLatitudeMax","verbatimLongitudeMax","updatedBy","dateUpdated","right","modified_incomplete","Clado","loc.correct.mun","NAME_0","NAME_1","NAME_2","NAME_3","loc.check","scientificName.new","scientificNameAuthorship.new","scientificNameStatus","suggestedFamily","suggestedName","suggestedAuthorship","taxon.rank","tax.notes","id","accepted.tax.name","accepted.tax.authorship","scientificNameFull","genus.new","family.new","tax.check","species.new"
"user","RB","RB01448521","Adiantum abscissum Schrad.","Plantae","Pteridaceae","Adiantum","2018","7","31","Brasil","São Paulo",,"Estrada para o Parque Estadual de Ilhabela.",,"JBRJ",,"Preserved Specimen",,"abscissum","B.K. Canestraro; M.C.K. Canestraro; I.F. Canestraro","-45.3611111","-23.8433333",,"Schrad.","B.K. Canestraro",,,,"23º50´36´´","45º21´40´´W",,,"1296",,,,,,,,,,,,,"Ilhabela",,,,"BR",,,"2018-07-31","Interior de floresta e margem da estrada.",,,,,,"sp.","Physical Object",,,,"RB",,"Canestraro, B.K.","1296","2018","Canestraro, B.K.","n.d.","Canestraro, M.C.K.; Canestraro, I.F.","Canestraro",,"brazil","sao paulo","ilhabela","estrada para o parque estadual de ilhabela",,"locality","brazil_sao paulo_ilhabela","brazil_sao paulo_ilhabela",-23.85166951,-45.32677547,"county",,,,,"urn:catalog:JBRJ:RB:1448521",,,,,,,,,,,,,,,,,,,,,,,,,,,,,,,,,,,,,,,,,,,,,,,,,,,,,"jbrj-public-img.s3-sa-east-1.amazonaws.com/JPG/rb/1/44/85/21/01448521.jpg|jbrj-public-img.s3-sa-east-1.amazonaws.com/JPG/rb/1/44/85/21/01448521-1.jpg",,,,,,,,,,,,,,,,,,,"2021-11-09 16:37:02+00","Samambaias e Licófitas","brazil_sao paulo_ilhabela","Brazil","São Paulo","Ilhabela",,"check_local.2municip.","Adiantum abscissum","Schrad.","name_w_authors","Pteridaceae","Adiantum abscissum","Schrad.","species","name accepted","bfo-91806",,,"Adiantum abscissum Schrad.","Adiantum","Pteridaceae","low","Adiantum abscissum"
"speciesLink","SP","351674","Allophylus petiolulatus","Plantae","Sapindaceae","Allophylus","2000","03","16","Brasil","São Paulo","Ilhabela","Parque Estadual de Ilhabela, Estrada para Castelhanos, trevo da serra.","23719","IBt",,"PreservedSpecimen","1","petiolulatus","Rocha, FT; Aguiar, OT","-45.349998","-23.77","2021-12-09T11:19:20","Radlk.","Pastore, JA",,,,"0","0",,"2001","107","SP045840","07","05",,,,,,,,,"SPLINK","Ilhabela","2001-07-05",,,,,,,,,,,,,,,,,,"SP",,"Rocha, F.T.","107","2000","Pastore, J.A.","2001","Aguiar, O.T.","Rocha",,"brazil","sao paulo","ilhabela","parque estadual de ilhabela, estrada para castelhanos",,"locality","brazil_sao paulo_ilhabela","brazil_sao paulo_ilhabela",-23.85166951,-45.32677547,"county",,,,,,,,,,,,,,,,,,,,,,,,,,,,,,,,,,,,,,,,,,,,,,,,,,,,,,,,,,,,,,,,,,,,,,,,,,,,,,,,,,,,"check_local.2municip.","Allophylus petiolulatus","Radlk.","possibly_ok","Sapindaceae","Allophylus petiolulatus","Radlk.","species","name accepted","bfo-20875",,,"Allophylus petiolulatus Radlk.","Allophylus","Sapindaceae","low","Allophylus petiolulatus"
"speciesLink","UEC","58722","Asplenium kunzeanum","Plantae","Aspleniaceae","Asplenium","1991","12","04","Brazil","São Paulo","Ilhabela","Parque Estadual de Ilhabela","23719","UNICAMP","Pteridophyta","S","2","kunzeanum","Salino, A","-45.349998","-23.77","2024-11-25T11:37:10","Klotzsch ex Rosenst.","Sylvestre, L",,,,"0","0","<nO>Em barranco, a margem da estrada que leva à Baia de Castelhanos. Em mata pluvial atlântica.</nO>","2000","1212","UEC060674",,,,,,,,,,,"SPLINK","Ilhabela","2000-NA-NA",,,,,,,,,,,,,,,,,,"UEC",,"Salino, A.","1212","1991","Sylvestre, L.","2000",,"Salino",,"brazil","sao paulo","ilhabela","parque estadual de ilhabela",,"locality","brazil_sao paulo_ilhabela","brazil_sao paulo_ilhabela",-23.85166951,-45.32677547,"county",,,,,,,,,,,,,,,,,,,,,,,,,,,,,,,,,,,,,,,,,,,,,,,,,,,,,,,,,,,,,,,,,,,,,,,,,,,,,,,,,,,,"check_local.2municip.","Asplenium kunzeanum","Klotzsch ex Rosenst.","possibly_ok","Aspleniaceae","Asplenium kunzeanum","Klotzsch ex Rosenst.","species","name accepted","bfo-90723",,,"Asplenium kunzeanum Klotzsch ex Rosenst.","Asplenium","Aspleniaceae","low","Asplenium kunzeanum"
"speciesLink","UEC","58813","Asplenium mucronatum","Plantae","Aspleniaceae","Asplenium","1991","12","04","Brazil","São Paulo","Ilhabela","Parque Estadual de Ilhabela","23719","UNICAMP","Pteridophyta","S","2","mucronatum","Salino, A","-45.349998","-23.77","2024-11-25T11:37:10","C.Presl","Salino, A",,,,"0","0","<nO>Epífita em tronco de árvore e caule de feto arborescente (Alsophila).; Junto a estrada, em mata pluvial atlântica.</nO>","1991","1210","UEC060590",,,,,,,,,,,"SPLINK","Ilhabela","1991-NA-NA",,,,,,,,,,,,,,,,,,"UEC",,"Salino, A.","1210","1991","Salino, A.","1991",,"Salino",,"brazil","sao paulo","ilhabela","parque estadual de ilhabela",,"locality","brazil_sao paulo_ilhabela","brazil_sao paulo_ilhabela",-23.85166951,-45.32677547,"county",,,,,,,,,,,,,,,,,,,,,,,,,,,,,,,,,,,,,,,,,,,,,,,,,,,,,,,,,,,,,,,,,,,,,,,,,,,,,,,,,,,,"check_local.2municip.","Asplenium mucronatum","C.Presl","possibly_ok","Aspleniaceae","Asplenium mucronatum","C.Presl","species","name accepted","bfo-90733",,,"Asplenium mucronatum C.Presl","Asplenium","Aspleniaceae","low","Asplenium mucronatum"
"speciesLink","SP","285618","Begonia spinibarbis","Plantae","Begoniaceae","Begonia","1995","08","23","Brasil","São Paulo","Ilhabela","Parque Estadual de Ilhabela, Trilha da Toca da Goteira","23719","IBt",,"PreservedSpecimen","1","spinibarbis","Rapini, A; et al.","-45.349998","-23.77","2021-12-09T11:01:59","Irmsch.","Gomes da Silva, SJ",,,,"0","0","<nO>Erva, 30cm. Folhas com nervuras vermelhas na face abaxial. Frutos secos</nO>","1997","42",,"01",,,,,,,,,,"SPLINK","Ilhabela","1997-01-NA",,,,,,,,,,,,,,,,,,"SP",,"Rapini, A.","42","1995","Silva, S.J.G.","1997",,"Rapini",,"brazil","sao paulo","ilhabela","parque estadual de ilhabela",,"locality","brazil_sao paulo_ilhabela","brazil_sao paulo_ilhabela",-23.85166951,-45.32677547,"county",,,,,,,,,,,,,,,,,,,,,,,,,,,,,,,,,,,,,,,,,,,,,,,,,,,,,,,,,,,,,,,,,,,,,,,,,,,,,,,,,,,,"check_local.2municip.","Begonia spinibarbis","Irmsch.","possibly_ok","Begoniaceae","Begonia spinibarbis","Irmsch.","species","name accepted","bfo-5723",,,"Begonia spinibarbis Irmsch.","Begonia","Begoniaceae","low","Begonia spinibarbis"
"speciesLink","SP","397363","Boehmeria caudata","Plantae","Urticaceae","Boehmeria","1998","12","15","Brasil","São Paulo","Ilhabela","Parque Estadual de Ilhabela, Cachoeira dos Três Tombos, região do primeiro tombo","23719","IBt",,"PreservedSpecimen","1","caudata","Pastore, JA; et al.","-45.349998","-23.77","2021-12-09T11:20:18","Sw.","Pastore, JA",,,,"0","0",,"1999","837",,"02","22",,,,,,,,,"SPLINK","Ilhabela","1999-02-22",,,,,,,,,,,,,,,,,,"SP",,"Pastore, J.A.","837","1998","Pastore, J.A.","1999",,"Pastore",,"brazil","sao paulo","ilhabela","parque estadual de ilhabela",,"locality","brazil_sao paulo_ilhabela","brazil_sao paulo_ilhabela",-23.85166951,-45.32677547,"county",,,,,,,,,,,,,,,,,,,,,,,,,,,,,,,,,,,,,,,,,,,,,,,,,,,,,,,,,,,,,,,,,,,,,,,,,,,,,,,,,,,,"check_local.2municip.","Boehmeria caudata","Sw.","possibly_ok","Urticaceae","Boehmeria caudata","Sw.","species","name accepted","bfo-15035",,,"Boehmeria caudata Sw.","Boehmeria","Urticaceae","low","Boehmeria caudata"
"speciesLink","UEC","81940","Boraginaceae","Plantae","Boraginaceae",,"1995","08","23","Brazil","São Paulo","Ilhabela","Ilhabela, Parque Estadual de Ilhabela. Trilha da Toca da Goteira.","23719","UNICAMP","Magnoliopsida","S","2",,"Proença, SL; Rapini, A; Kirizawa, M; Ferreira, C","-45.349998","-23.77","2025-04-07T10:51:15",,,,,,"0","0","<nO>ORI, Mata Atlântica, epífita sobre árvore a 7m do chão. Folhas verdes com bainha esbranquiçada na inserção muito branca, depois ficando creme escuro. Folhas com ápice agudo (castanho escuro) formando uma pequena garra.; Árvore 4,0 alt.</nO>",,"83","UEC078761",,,,,,,,,,,"SPLINK","Ilhabela",,,,,,,,,,,,,,,,,,,"UEC",,"Proenca, S.L.","83","1995","s.n.","n.d.","Rapini, A.; Kirizawa, M.; Ferreira, C.","Proenca",,"brazil","sao paulo","ilhabela","parque estadual de ilhabela",,"locality","brazil_sao paulo_ilhabela","brazil_sao paulo_ilhabela",-23.85166951,-45.32677547,"county",,,,,,,,,,,,,,,,,,,,,,,,,,,,,,,,,,,,,,,,,,,,,,,,,,,,,,,,,,,,,,,,,,,,,,,,,,,,,,,,,,,,"check_local.2municip.","Boraginaceae","Juss.","family_as_genus","Boraginaceae","Boraginaceae","Juss.","family","name accepted","bfo-64",,,"Boraginaceae Juss.",,"Boraginaceae","unknown",
"speciesLink","SP","351669","Caryodendron janeirense","Plantae","Euphorbiaceae","Caryodendron","2000","11","28","Brasil","São Paulo","Ilhabela","Parque Estadual de Ilhabela, Trilha da Água Branca, na mata.","23719","IBt",,"PreservedSpecimen","1","janeirense","Rocha, FT; Aguiar, OT","-45.349998","-23.77","2021-12-09T11:04:59","Müll.Arg.","Cordeiro, I",,,,"0","0","<nO>Árvore com 9,5m de altura e 15,5cm ao nível do DAP, tronco marmorizado, frutos imaturos verdes.</nO>","2001","108","SP0351669","07","17",,,,,,,,,"SPLINK","Ilhabela","2001-07-17",,,,,,,,,,,,,,,,,,"SP",,"Rocha, F.T.","108","2000","Cordeiro, I.","2001","Aguiar, O.T.","Rocha",,"brazil","sao paulo","ilhabela","parque estadual de ilhabela",,"locality","brazil_sao paulo_ilhabela","brazil_sao paulo_ilhabela",-23.85166951,-45.32677547,"county",,,,,,,,,,,,,,,,,,,,,,,,,,,,,,,,,,,,,,,,,,,,,,,,,,,,,,,,,,,,,,,,,,,,,,,,,,,,,,,,,,,,"check_local.2municip.","Caryodendron grandifolium","(Müll.Arg.) Pax","possibly_ok","Euphorbiaceae","Caryodendron grandifolium","(Müll.Arg.) Pax","species","replaced synonym","bfo-54324","Caryodendron grandifolium","(Müll.Arg.) Pax","Caryodendron grandifolium (Müll.Arg.) Pax","Caryodendron","Euphorbiaceae","high","Caryodendron grandifolium"
"speciesLink","SP","333088","Celastraceae","Plantae","Celastraceae",,"1995","08","23","Brasil","São Paulo","Ilhabela","Parque Estadual de Ilhabela","23719","IBt",,"PreservedSpecimen","1",,"Proença, SL; et al.","-45.349998","-23.77","2022-10-14T09:36:05",,,,,,"0","0",,,"90",,,,,,,,,,,,"SPLINK","Ilhabela",,,,,,,,,,,,,,,,,,,"SP",,"Proenca, S.L.","90","1995","s.n.","n.d.",,"Proenca",,"brazil","sao paulo","ilhabela","parque estadual de ilhabela",,"locality","brazil_sao paulo_ilhabela","brazil_sao paulo_ilhabela",-23.85166951,-45.32677547,"county",,,,,,,,,,,,,,,,,,,,,,,,,,,,,,,,,,,,,,,,,,,,,,,,,,,,,,,,,,,,,,,,,,,,,,,,,,,,,,,,,,,,"check_local.2municip.","Celastraceae","R.Br.","family_as_genus","Celastraceae","Celastraceae","R.Br.","family","name accepted","bfo-82",,,"Celastraceae R.Br.",,"Celastraceae","unknown",
"speciesLink","SP","285610","Cyrtocymura scorpioides","Plantae","Asteraceae","Cyrtocymura","1995","08","23","Brasil","São Paulo","Ilhabela","Parque Estadual de Ilhabela, Trilha da Água Branca","23719","IBt",,"PreservedSpecimen","1","scorpioides","Rapini, A; Proença, SL; Kirizawa, M","-45.349998","-23.77","2021-12-09T11:00:46","(Lam.) H.Rob.","Simão Bianchini, R",,,,"0","0",,"2016","47",,"05","12",,,,,,,,,"SPLINK","Ilhabela","2016-05-12",,,,,,,,,,,,,,,,,,"SP",,"Rapini, A.","47","1995","Bianchini, R.S.","2016","Proenca, S.L.; Kirizawa, M.","Rapini",,"brazil","sao paulo","ilhabela","parque estadual de ilhabela",,"locality","brazil_sao paulo_ilhabela","brazil_sao paulo_ilhabela",-23.85166951,-45.32677547,"county",,,,,,,,,,,,,,,,,,,,,,,,,,,,,,,,,,,,,,,,,,,,,,,,,,,,,,,,,,,,,,,,,,,,,,,,,,,,,,,,,,,,"check_local.2municip.","Cyrtocymura scorpioides","(Lam.) H.Rob.","possibly_ok","Asteraceae","Cyrtocymura scorpioides","(Lam.) H.Rob.","species","name accepted","bfo-27011",,,"Cyrtocymura scorpioides (Lam.) H.Rob.","Cyrtocymura","Asteraceae","low","Cyrtocymura scorpioides"
"speciesLink","SP","288304","Davilla rugosa","Plantae","Dilleniaceae","Davilla","1995","08","23","Brasil","São Paulo","Ilhabela","Parque Estadual de Ilhabela, Trilha da Água Branca","23719","IBt",,"PreservedSpecimen","1","rugosa","Kirizawa, M; Rapini, A; Proença, SL","-45.349998","-23.77","2021-12-09T11:04:26","Poir.","Bruniera, CP",,,,"0","0",,"2010","3208",,,,,,,,,,,,"SPLINK","Ilhabela","2010-NA-NA",,,,,,,,,,,,,,,,,,"SP",,"Kirizawa, M.","3208","1995","Bruniera, C.P.","2010","Rapini, A.; Proenca, S.L.","Kirizawa",,"brazil","sao paulo","ilhabela","parque estadual de ilhabela",,"locality","brazil_sao paulo_ilhabela","brazil_sao paulo_ilhabela",-23.85166951,-45.32677547,"county",,,,,,,,,,,,,,,,,,,,,,,,,,,,,,,,,,,,,,,,,,,,,,,,,,,,,,,,,,,,,,,,,,,,,,,,,,,,,,,,,,,,"check_local.2municip.","Davilla rugosa","Poir.","possibly_ok","Dilleniaceae","Davilla rugosa","Poir.","species","name accepted","bfo-7353",,,"Davilla rugosa Poir.","Davilla","Dilleniaceae","low","Davilla rugosa"
"speciesLink","SP","288308","Dendropanax monogynus","Plantae","Araliaceae","Dendropanax","1995","08","23","Brasil","São Paulo","Ilhabela","Parque Estadual de Ilhabela, Trilha Toca da Goteira","23719","IBt",,"PreservedSpecimen","1","monogynus","Kirizawa, M; Rapini, A; Proença, SL","-45.349998","-23.77","2021-12-09T10:59:51","Decne. & Planch.","Fiaschi, P",,,,"0","0",,"2002","3197","SP010728","12",,,,,,,,,,"SPLINK","Ilhabela","2002-12-NA",,,,,,,,,,,,,,,,,,"SP",,"Kirizawa, M.","3197","1995","Fiaschi, P.","2002","Rapini, A.; Proenca, S.L.","Kirizawa",,"brazil","sao paulo","ilhabela","parque estadual de ilhabela",,"locality","brazil_sao paulo_ilhabela","brazil_sao paulo_ilhabela",-23.85166951,-45.32677547,"county",,,,,,,,,,,,,,,,,,,,,,,,,,,,,,,,,,,,,,,,,,,,,,,,,,,,,,,,,,,,,,,,,,,,,,,,,,,,,,,,,,,,"check_local.2municip.","Dendropanax cuneatus","(DC.) Decne. & Planch.","possibly_ok","Araliaceae","Dendropanax cuneatus","(DC.) Decne. & Planch.","species","name misspelled|replaced synonym","bfo-5105","Dendropanax cuneatus","(DC.) Decne. & Planch.","Dendropanax cuneatus (DC.) Decne. & Planch.","Dendropanax","Araliaceae","high","Dendropanax cuneatus"
"speciesLink","UEC","81044","Dendropanax monogynus","Plantae","Araliaceae","Dendropanax","1995","08","23","Brazil","São Paulo","Ilhabela","Parque Estadual de Ilhabela, Mata atlântica. Trilha Toca da Goteira.","23719","UNICAMP","Magnoliopsida","S","2","monogynus","Kirizawa, M; Rapini, A; Proença, SL","-45.349998","-23.77","2025-04-07T10:47:49","(Vell.) Seem.","Fiaschi, P",,,,"0","0","<nO>Árvore, 5m alt. Frutos ovais a obovados verde- claros.</nO>","2011","3197","UEC109219","11",,,,,,,,,,"SPLINK","Ilhabela","2011-11-NA",,,,,,,,,,,,,,,,,,"UEC",,"Kirizawa, M.","3197","1995","Fiaschi, P.","2011","Rapini, A.; Proenca, S.L.","Kirizawa",,"brazil","sao paulo","ilhabela","parque estadual de ilhabela, mata atlantica",,"locality","brazil_sao paulo_ilhabela","brazil_sao paulo_ilhabela",-23.85166951,-45.32677547,"county",,,,,,,,,,,,,,,,,,,,,,,,,,,,,,,,,,,,,,,,,,,,,,,,,,,,,,,,,,,,,,,,,,,,,,,,,,,,,,,,,,,,"check_local.2municip.","Dendropanax monogynus","(Vell.) Seem.","possibly_ok","Araliaceae","Dendropanax monogynus","(Vell.) Seem.","species","name accepted","bfo-5110",,,"Dendropanax monogynus (Vell.) Seem.","Dendropanax","Araliaceae","high","Dendropanax monogynus"
"speciesLink","UEC","58812","Diplazium ambiguum","Plantae","Dryopteridaceae","Diplazium","1991","12","04","Brazil","São Paulo","Ilhabela","Parque Estadual de Ilhabela","23719","UNICAMP","Pteridophyta","S","2","ambiguum","Salino, A","-45.349998","-23.77","2024-11-25T11:37:16","Raddi","Cislinski, J",,,,"0","0","<nO>Terrestre.; Junto a estrada em mata pluvial atlântica.</nO>","1994","1209","UEC076463","03","28",,,,,,,,,"SPLINK","Ilhabela","1994-03-28",,,,,,,,,,,,,,,,,,"UEC",,"Salino, A.","1209","1991","Cislinski, J.","1994",,"Salino",,"brazil","sao paulo","ilhabela","parque estadual de ilhabela",,"locality","brazil_sao paulo_ilhabela","brazil_sao paulo_ilhabela",-23.85166951,-45.32677547,"county",,,,,,,,,,,,,,,,,,,,,,,,,,,,,,,,,,,,,,,,,,,,,,,,,,,,,,,,,,,,,,,,,,,,,,,,,,,,,,,,,,,,"check_local.2municip.","Diplazium ambiguum","Raddi","possibly_ok","Athyriaceae","Diplazium ambiguum","Raddi","species","name accepted","bfo-92311",,,"Diplazium ambiguum Raddi","Diplazium","Athyriaceae","low","Diplazium ambiguum"
"speciesLink","UEC","58809","Diplazium celtidifolium","Plantae","Dryopteridaceae","Diplazium","1991","12","04","Brazil","São Paulo","Ilhabela","Parque Estadual de Ilhabela","23719","UNICAMP","Pteridophyta","S","2","celtidifolium","Salino, A","-45.349998","-23.77","2024-11-25T11:37:16","Kunze","Salino, A",,,,"0","0","<nO>Terrestre. Crescendo junto com Ctenitis e Didymochlaena.; Margem de estrada. Em mata pluvial atlântica.</nO>","1991","1205","UEC076455",,,,,,,,,,,"SPLINK","Ilhabela","1991-NA-NA",,,,,,,,,,,,,,,,,,"UEC",,"Salino, A.","1205","1991","Salino, A.","1991",,"Salino",,"brazil","sao paulo","ilhabela","parque estadual de ilhabela",,"locality","brazil_sao paulo_ilhabela","brazil_sao paulo_ilhabela",-23.85166951,-45.32677547,"county",,,,,,,,,,,,,,,,,,,,,,,,,,,,,,,,,,,,,,,,,,,,,,,,,,,,,,,,,,,,,,,,,,,,,,,,,,,,,,,,,,,,"check_local.2municip.","Diplazium celtidifolium","Kunze","possibly_ok","Athyriaceae","Diplazium celtidifolium","Kunze","species","name accepted","bfo-108556",,,"Diplazium celtidifolium Kunze","Diplazium","Athyriaceae","low","Diplazium celtidifolium"
"speciesLink","SPF","105145","Dorstenia hirta","Plantae","Moraceae","Dorstenia","1995","08","23","Brasil","São Paulo","Ilhabela","Parque Estadual de Ilhabela, Trilha da Toca da Goteira.","23719","USP",,"PreservedSpecimen","7","hirta","Rapini, A","-45.349998","-23.77","2023-12-20T16:04:19","Desv.","Castro, RM",,,,"0","0","<nO>Erva, ca. 60 cm alt. Inflorescência verde, anteras brancas.</nO>","2004","40","SPF00105145","10",,,,,,,,,,"SPLINK","Ilhabela","2004-10-NA",,,,,,,,,,,,,,,,,,"SPF",,"Rapini, A.","40","1995","Castro, R.M.","2004",,"Rapini",,"brazil","sao paulo","ilhabela","parque estadual de ilhabela",,"locality","brazil_sao paulo_ilhabela","brazil_sao paulo_ilhabela",-23.85166951,-45.32677547,"county",,,,,,,,,,,,,,,,,,,,,,,,,,,,,,,,,,,,,,,,,,,,,,,,,,,,,,,,,,,,,,,,,,,,,,,,,,,,,,,,,,,,"check_local.2municip.","Dorstenia hirta","Desv.","possibly_ok","Moraceae","Dorstenia hirta","Desv.","species","name accepted","bfo-10129",,,"Dorstenia hirta Desv.","Dorstenia","Moraceae","high","Dorstenia hirta"
"speciesLink","SP","288307","Eugenia mosenii","Plantae","Myrtaceae","Eugenia","1995","08","23","Brasil","São Paulo","Ilhabela","Parque Estadual de Ilhabela, Mata atlântica, trilha Toca da Goteira","23719","IBt",,"PreservedSpecimen","1","mosenii","Kirizawa, M; et al.","-45.349998","-23.77","2025-03-21T08:58:47","(Kausel) Sobral","Kilsztajn, Y",,,,"0","0",,"2025","3198",,"03",,,,,,,,,,"SPLINK","Ilhabela","2025-03-NA",,,,,,,,,,,,,,,,,,"SP",,"Kirizawa, M.","3198","1995","Kilsztajn, Y.","2025",,"Kirizawa",,"brazil","sao paulo","ilhabela","parque estadual de ilhabela, mata atlantica",,"locality","brazil_sao paulo_ilhabela","brazil_sao paulo_ilhabela",-23.85166951,-45.32677547,"county",,,,,,,,,,,,,,,,,,,,,,,,,,,,,,,,,,,,,,,,,,,,,,,,,,,,,,,,,,,,,,,,,,,,,,,,,,,,,,,,,,,,"check_local.2municip.","Eugenia mosenii","(Kausel) Sobral","possibly_ok","Myrtaceae","Eugenia mosenii","(Kausel) Sobral","species","name accepted","bfo-10464",,,"Eugenia mosenii (Kausel) Sobral","Eugenia","Myrtaceae","low","Eugenia mosenii"
"speciesLink","SP","321768","Eugenia subavenia","Plantae","Myrtaceae","Eugenia","1995","08","23","Brasil","São Paulo","Ilhabela","Parque Estadual de Ilhabela","23719","IBt",,"PreservedSpecimen","1","subavenia","Proença, SL; Rapini, A; Kirizawa, M; Ferreira, C","-45.349998","-23.77","2021-12-09T11:12:51","O.Berg","Kawasaki, ML",,,,"0","0","<nO>Árvore 6-7m alt., frutos verdes e alaranjados, quando maduros elípticos</nO>",,"84",,,,,,,,,,,,"SPLINK","Ilhabela",,,,,,,,,,,,,,,,,,,"SP",,"Proenca, S.L.","84","1995","Kawasaki, M.L.","n.d.","Rapini, A.; Kirizawa, M.; Ferreira, C.","Proenca",,"brazil","sao paulo","ilhabela","parque estadual de ilhabela",,"locality","brazil_sao paulo_ilhabela","brazil_sao paulo_ilhabela",-23.85166951,-45.32677547,"county",,,,,,,,,,,,,,,,,,,,,,,,,,,,,,,,,,,,,,,,,,,,,,,,,,,,,,,,,,,,,,,,,,,,,,,,,,,,,,,,,,,,"check_local.2municip.","Eugenia subavenia","O.Berg","possibly_ok","Myrtaceae","Eugenia subavenia","O.Berg","species","name accepted","bfo-10546",,,"Eugenia subavenia O.Berg","Eugenia","Myrtaceae","high","Eugenia subavenia"
"speciesLink","SP","288609","Geonoma elegans","Plantae","Arecaceae","Geonoma","1995","08","23","Brasil","São Paulo","Ilhabela","Parque Estadual de Ilhabela","23719","IBt",,"PreservedSpecimen","1","elegans","Proença, SL; Rapini, A; Kirizawa, M; Ferreira, C","-45.349998","-23.77","2021-12-09T10:59:58","Mart.","Favaretto, BGS",,,,"0","0",,"2012","88",,"02","21",,,,,,,,,"SPLINK","Ilhabela","2012-02-21",,,,,,,,,,,,,,,,,,"SP",,"Proenca, S.L.","88","1995","Favaretto, B.G.S.","2012","Rapini, A.; Kirizawa, M.; Ferreira, C.","Proenca",,"brazil","sao paulo","ilhabela","parque estadual de ilhabela",,"locality","brazil_sao paulo_ilhabela","brazil_sao paulo_ilhabela",-23.85166951,-45.32677547,"county",,,,,,,,,,,,,,,,,,,,,,,,,,,,,,,,,,,,,,,,,,,,,,,,,,,,,,,,,,,,,,,,,,,,,,,,,,,,,,,,,,,,"check_local.2municip.","Geonoma elegans","Mart.","possibly_ok","Arecaceae","Geonoma elegans","Mart.","species","name accepted","bfo-44301",,,"Geonoma elegans Mart.","Geonoma","Arecaceae","low","Geonoma elegans"
"speciesLink","SPF","75061","Guapira opposita","Plantae","Nyctaginaceae","Guapira","1990","03","15","Brasil","São Paulo","Ilhabela","Parque Estadual de Ilhabela","23719","USP",,"PreservedSpecimen","7","opposita","Robim, MJ","-45.349998","-23.77","2023-12-20T16:05:08","(Vell.) Reitz","Furlan, A",,,,"0","0",,"1995","647","SPF00075061",,,,,,,,,,,"SPLINK","Ilhabela","1995-NA-NA",,,,,,,,,,,,,,,,,,"SPF",,"Robim, M.J.","647","1990","Furlan, A.","1995",,"Robim",,"brazil","sao paulo","ilhabela","parque estadual de ilhabela",,"locality","brazil_sao paulo_ilhabela","brazil_sao paulo_ilhabela",-23.85166951,-45.32677547,"county",,,,,,,,,,,,,,,,,,,,,,,,,,,,,,,,,,,,,,,,,,,,,,,,,,,,,,,,,,,,,,,,,,,,,,,,,,,,,,,,,,,,"check_local.2municip.","Guapira opposita","(Vell.) Reitz","possibly_ok","Nyctaginaceae","Guapira opposita","(Vell.) Reitz","species","name accepted","bfo-10913",,,"Guapira opposita (Vell.) Reitz","Guapira","Nyctaginaceae","high","Guapira opposita"
"speciesLink","SPSF","49372","Ipomoea bonariensis","Plantae","Convolvulaceae","Ipomoea","2013","02","12","Brasil","SP","Ilhabela","Parque Estadual da Ilhabela","23719","IF","Magnoliophyta","PreservedSpecimen","13","bonariensis","M.Pastore & R.M.Brito","-45.349998","-23.77","2024-08-06T09:17:03","Hook.","R.Simão","América do Sul","Magnoliopsida","Solanales",,,"<nO>COLETA: Trepadeira volúvel. Cálice verde; Corola rosa com o interios do tubo púrpureo.; GEOGRAFIA: Mata Atlantica. Sul da Ilha de São Sebastião, trilha que vai para Cachoeira da Laje.;</nO>","2013","231","SPSF00049372","02","27",,,,,,,,,"SPLINK","Ilhabela","2013-02-27",,,,,,,,,,,,,,,,,,"SPSF",,"Pastore, M.","231","2013","Simao, R.","2013","Brito, R.M.","Pastore",,"brazil","sao paulo","ilhabela","parque estadual da ilhabela",,"locality","brazil_sao paulo_ilhabela","brazil_sao paulo_ilhabela",-23.85166951,-45.32677547,"county",,,,,,,,,,,,,,,,,,,,,,,,,,,,,,,,,,,,,,,,,,,,,,,,,,,,,,,,,,,,,,,,,,,,,,,,,,,,,,,,,,,,"check_local.2municip.","Ipomoea bonariensis","Hook.","possibly_ok","Convolvulaceae","Ipomoea bonariensis","Hook.","species","name accepted","bfo-7029",,,"Ipomoea bonariensis Hook.","Ipomoea","Convolvulaceae","high","Ipomoea bonariensis"
"speciesLink","SP","447001","Jacquemontia frankeana","Plantae","Convolvulaceae","Jacquemontia","2013","02","12","Brasil","São Paulo","Ilhabela","Parque Estadual de Ilhabela","23719","IBt",,"PreservedSpecimen","1","frankeana","Pastore, M; Brito, RM","-45.349998","-23.77","2025-02-21T08:25:34","(Schltdl.) M.Pastore & Sim.-Bianch.","Simão Bianchini, R; Pastore, M",,,,"0","0",,"2014","232",,"01","21",,,,,,,,,"SPLINK","Ilhabela","2014-01-21",,,,,,,,,,,,,,,,,,"SP",,"Pastore, M.","232","2013","Bianchini, R.S.","2014","Brito, R.M.","Pastore","Pastore, M.","brazil","sao paulo","ilhabela","parque estadual de ilhabela",,"locality","brazil_sao paulo_ilhabela","brazil_sao paulo_ilhabela",-23.85166951,-45.32677547,"county",,,,,,,,,,,,,,,,,,,,,,,,,,,,,,,,,,,,,,,,,,,,,,,,,,,,,,,,,,,,,,,,,,,,,,,,,,,,,,,,,,,,"check_local.2municip.","Jacquemontia frankeana","(Schltdl.) M. Pastore & Sim-Bianch.","possibly_ok","Convolvulaceae","Jacquemontia frankeana","(Schltdl.) M. Pastore & Sim-Bianch.","species","author misspelled","bfo-583298",,,"Jacquemontia frankeana (Schltdl.) M. Pastore & Sim-Bianch.","Jacquemontia","Convolvulaceae","low","Jacquemontia frankeana"
"speciesLink","SPF","110256","Justicia carnea","Plantae","Acanthaceae","Justicia","1995","08","23","Brasil","São Paulo","Ilhabela","Parque Estadual de Ilhabela","23719","USP",,"PreservedSpecimen","7","carnea","Rapini, A","-45.349998","-23.77","2023-12-20T15:53:37","Lindl.","Kirizawa, M",,,,"0","0",,,"46","SPF00110256",,,,,,,,,,,"SPLINK","Ilhabela",,,,,,,,,,,,,,,,,,,"SPF",,"Rapini, A.","46","1995","Kirizawa, M.","n.d.",,"Rapini",,"brazil","sao paulo","ilhabela","parque estadual de ilhabela",,"locality","brazil_sao paulo_ilhabela","brazil_sao paulo_ilhabela",-23.85166951,-45.32677547,"county",,,,,,,,,,,,,,,,,,,,,,,,,,,,,,,,,,,,,,,,,,,,,,,,,,,,,,,,,,,,,,,,,,,,,,,,,,,,,,,,,,,,"check_local.2municip.","Justicia carnea","Lindl.","possibly_ok","Acanthaceae","Justicia carnea","Lindl.","species","name accepted","bfo-4141",,,"Justicia carnea Lindl.","Justicia","Acanthaceae","low","Justicia carnea"
"speciesLink","SP","285601","Langsdorffia hypogaea","Plantae","Balanophoraceae","Langsdorffia","1995","08","23","Brasil","São Paulo","Ilhabela","Parque Estadual de Ilhabela, Trilha da Toca da Goteira","23719","IBt",,"PreservedSpecimen","1","hypogaea","Rapini, A; et al.","-45.349998","-23.77","2022-02-04T17:10:36","Mart.","Gomes, FP",,,,"0","0",,"1997","37",,"04","10",,,,,,,,,"SPLINK","Ilhabela","1997-04-10",,,,,,,,,,,,,,,,,,"SP",,"Rapini, A.","37","1995","Gomes, F.P.","1997",,"Rapini",,"brazil","sao paulo","ilhabela","parque estadual de ilhabela",,"locality","brazil_sao paulo_ilhabela","brazil_sao paulo_ilhabela",-23.85166951,-45.32677547,"county",,,,,,,,,,,,,,,,,,,,,,,,,,,,,,,,,,,,,,,,,,,,,,,,,,,,,,,,,,,,,,,,,,,,,,,,,,,,,,,,,,,,"check_local.2municip.","Langsdorffia hypogaea","Mart.","possibly_ok","Balanophoraceae","Langsdorffia hypogaea","Mart.","species","name accepted","bfo-5548",,,"Langsdorffia hypogaea Mart.","Langsdorffia","Balanophoraceae","low","Langsdorffia hypogaea"
"speciesLink","SPF","105244","Leandra acutiflora","Plantae","Melastomataceae","Leandra","1995","08","23","Brasil","São Paulo","Ilhabela","Parque Estadual de Ilhabela","23719","USP",,"PreservedSpecimen","7","acutiflora","Rapini, A","-45.349998","-23.77","2023-12-20T16:03:36","(Naudin) Cogn.","Reginato, M",,,,"0","0",,"2011","45","SPF00105244",,,,,,,,,,,"SPLINK","Ilhabela","2011-NA-NA",,,,,,,,,,,,,,,,,,"SPF",,"Rapini, A.","45","1995","Reginato, M.","2011",,"Rapini",,"brazil","sao paulo","ilhabela","parque estadual de ilhabela",,"locality","brazil_sao paulo_ilhabela","brazil_sao paulo_ilhabela",-23.85166951,-45.32677547,"county",,,,,,,,,,,,,,,,,,,,,,,,,,,,,,,,,,,,,,,,,,,,,,,,,,,,,,,,,,,,,,,,,,,,,,,,,,,,,,,,,,,,"check_local.2municip.","Leandra acutiflora","(Naudin) Cogn.","possibly_ok","Melastomataceae","Leandra acutiflora","(Naudin) Cogn.","species","name accepted","bfo-9498",,,"Leandra acutiflora (Naudin) Cogn.","Leandra","Melastomataceae","high","Leandra acutiflora"
"gbif","MBM","156158","Licaria armeniaca (Nees) Kosterm.","Plantae","Lauraceae","Licaria","1989","10","15","Brazil","São Paulo",,"Parque Estadual de Ilhabela, trilha da água branca, Poço da Escada",,"MBM","Tracheophyta","PRESERVED_SPECIMEN","https://specieslink.net/col/40","armeniaca","Robim, M.J.; Fontes, M.A.",,,"2025-01-01 00:01:03","(Nees) Kosterm.","Baitello, J.B.",,"Magnoliopsida","Laurales",,,,,"642",,,,,,,,,,,,"GBIF","São Paulo","1989-10-25","Licaria armeniaca (Nees) Kosterm.",,"BR",,,"1989-10-15",,,,,,"ACCEPTED","SPECIES",,,,,,,,,,,,,,,"brazil","sao paulo","sao paulo","parque estadual de ilhabela",,"locality","brazil_sao paulo_sao paulo","brazil_sao paulo_sao paulo",-23.65041685,-46.64802516,"county","1095501908",,,,"https://specieslink.net/guid/40/156158",,,,,"PRESENT",,,,,,,,,,,,,,,,,,,,,,,,,,,,,,"Licaria",,,,,,"3b8e9d83-b2d4-4a97-973c-31d98b67b1e9",,,FALSE,FALSE,"Licaria armeniaca","Licaria armeniaca","null",FALSE,"LATIN_AMERICA","LATIN_AMERICA","LC","https://images.cria.org.br/viewer/MBM156158",,,"WGS84",,,,,,,,,,,,,,,,,,"brazil_sao paulo_sao paulo","Brazil","São Paulo","São Paulo",,"check_local.2municip.","Licaria armeniaca","(Nees) Kosterm.","name_w_authors","Lauraceae","Licaria armeniaca","(Nees) Kosterm.","species","name accepted","bfo-8419",,,"Licaria armeniaca (Nees) Kosterm.","Licaria","Lauraceae","unknown","Licaria armeniaca"
"speciesLink","SP","288300","Miconia brasiliensis","Plantae","Melastomataceae","Miconia","1995","08","23","Brasil","São Paulo","Ilhabela","Parque Estadual de Ilhabela, Trilha da Goteira","23719","IBt",,"PreservedSpecimen","1","brasiliensis","Kirizawa, M; et al.","-45.349998","-23.77","2023-04-28T09:34:18","(Spreng.) Triana","Goldenberg, R",,,,"0","0",,"2009","3204",,,,,,,,,,,,"SPLINK","Ilhabela","2009-NA-NA",,,,,,,,,,,,,,,,,,"SP",,"Kirizawa, M.","3204","1995","Goldenberg, R.","2009",,"Kirizawa",,"brazil","sao paulo","ilhabela","parque estadual de ilhabela",,"locality","brazil_sao paulo_ilhabela","brazil_sao paulo_ilhabela",-23.85166951,-45.32677547,"county",,,,,,,,,,,,,,,,,,,,,,,,,,,,,,,,,,,,,,,,,,,,,,,,,,,,,,,,,,,,,,,,,,,,,,,,,,,,,,,,,,,,"check_local.2municip.","Miconia brasiliensis","(Spreng.) Triana","possibly_ok","Melastomataceae","Miconia brasiliensis","(Spreng.) Triana","species","name accepted","bfo-9675",,,"Miconia brasiliensis (Spreng.) Triana","Miconia","Melastomataceae","high","Miconia brasiliensis"
"user","RB","RB01305633","Mollinedia pachysandra Perkins","Plantae","Monimiaceae","Mollinedia","1995","8","23","Brasil","São Paulo",,"Parque Estadual de Ilhabela. Trilha Toca da Goteira",,"JBRJ",,"Preserved Specimen",,"pachysandra","M. Kirizawa; A. Rapini; S.L. Proença",,,,"Perkins","LIRIO",,,,,,,,"3199",,,,,,,,,,,,,"Ilhabela","2017-5",,,"BR",,,"1995-08-23",,,,,,,"sp.","Physical Object",,,,"RB",,"Kirizawa, M.","3199","1995","Lirio","2017","Rapini, A.; Proenca, S.L.","Kirizawa",,"brazil","sao paulo","ilhabela","parque estadual de ilhabela",,"locality","brazil_sao paulo_ilhabela","brazil_sao paulo_ilhabela",-23.85166951,-45.32677547,"county",,,,,"urn:catalog:JBRJ:RB:1305633",,,,,,,,,,,,,,,,,,,,,,,,,,,,,,,,,,,,,,,,,,,,,,,,,,,,,"jbrj-public-img.s3-sa-east-1.amazonaws.com/JPG/rb/1/30/56/33/01305633.jpg",,,,,,,,,,,,,,,,,,,"2017-05-10 11:19:52+00","Angiospermas","brazil_sao paulo_ilhabela","Brazil","São Paulo","Ilhabela",,"check_local.2municip.","Mollinedia pachysandra","Perkins","name_w_authors","Monimiaceae","Mollinedia pachysandra","Perkins","species","name accepted","bfo-10099",,,"Mollinedia pachysandra Perkins","Mollinedia","Monimiaceae","high","Mollinedia pachysandra"
"speciesLink","SP","285748","Mollinedia schottiana","Plantae","Monimiaceae","Mollinedia","1995","08","23","Brasil","São Paulo","Ilhabela","Parque Estadual de Ilhabela, Próximo à trilha do Poço da Escada.","23719","IBt",,"PreservedSpecimen","1","schottiana","Proença, SL; et al.","-45.349998","-23.77","2021-12-09T11:12:04","(Spreng.) Perkins","Peixoto, AL",,,,"0","0",,"2002","94","SP048185",,,,,,,,,,,"SPLINK","Ilhabela","2002-NA-NA",,,,,,,,,,,,,,,,,,"SP",,"Proenca, S.L.","94","1995","Peixoto, A.L.","2002",,"Proenca",,"brazil","sao paulo","ilhabela","parque estadual de ilhabela",,"locality","brazil_sao paulo_ilhabela","brazil_sao paulo_ilhabela",-23.85166951,-45.32677547,"county",,,,,,,,,,,,,,,,,,,,,,,,,,,,,,,,,,,,,,,,,,,,,,,,,,,,,,,,,,,,,,,,,,,,,,,,,,,,,,,,,,,,"check_local.2municip.","Mollinedia schottiana","(Spreng.) Perkins","possibly_ok","Monimiaceae","Mollinedia schottiana","(Spreng.) Perkins","species","name accepted","bfo-10101",,,"Mollinedia schottiana (Spreng.) Perkins","Mollinedia","Monimiaceae","high","Mollinedia schottiana"
"speciesLink","SP","335065","Monteverdia gonoclada","Plantae","Celastraceae","Monteverdia","1998","12","16","Brasil","São Paulo","Ilhabela","Parque Estadual de Ilhabela, região dos Três Tombos","23719","IBt",,"PreservedSpecimen","1","gonoclada","Baitello, JB; et al.","-45.349998","-23.77","2022-10-07T08:54:27","(Mart.) Biral","Mamede, MCH",,,,"0","0",,"2022","850",,"10",,,"225","235",,,,,,"SPLINK","Ilhabela","2022-10-NA",,,,,,,,,,,,,,,,,,"SP",,"Baitello, J.B.","850","1998","Mamede, M.C.H.","2022",,"Baitello",,"brazil","sao paulo","ilhabela","parque estadual de ilhabela",,"locality","brazil_sao paulo_ilhabela","brazil_sao paulo_ilhabela",-23.85166951,-45.32677547,"county",,,,,,,,,,,,,,,,,,,,,,,,,,,,,,,,,,,,,,,,,,,,,,,,,,,,,,,,,,,,,,,,,,,,,,,,,,,,,,,,,,,,"check_local.2municip.","Monteverdia gonoclada","(Mart.) Biral","possibly_ok","Celastraceae","Monteverdia gonoclada","(Mart.) Biral","species","name accepted","bfo-605640",,,"Monteverdia gonoclada (Mart.) Biral","Monteverdia","Celastraceae","low","Monteverdia gonoclada"
"speciesLink","SP","477064","Monteverdia schumanniana","Plantae","Celastraceae","Monteverdia","2006","03","29","Brasil","São Paulo","Ilhabela","Parque Estadual de Ilhabela, margem do poço Jequitiba","23719","IBt",,"PreservedSpecimen","1","schumanniana","Bovini, MG; De-Toni, KLG","-45.349998","-23.77","2022-10-14T09:36:07","(Loes.) Biral","Mamede, MCH",,,,"0","0",,"2022","2565",,"10",,,,,,,,,,"SPLINK","Ilhabela","2022-10-NA",,,,,,,,,,,,,,,,,,"SP",,"Bovini, M.G.","2565","2006","Mamede, M.C.H.","2022","De-Toni, K.L.G.","Bovini",,"brazil","sao paulo","ilhabela","parque estadual de ilhabela",,"locality","brazil_sao paulo_ilhabela","brazil_sao paulo_ilhabela",-23.85166951,-45.32677547,"county",,,,,,,,,,,,,,,,,,,,,,,,,,,,,,,,,,,,,,,,,,,,,,,,,,,,,,,,,,,,,,,,,,,,,,,,,,,,,,,,,,,,"check_local.2municip.","Monteverdia schumanniana","(Loes.) Biral","possibly_ok","Celastraceae","Monteverdia schumanniana","(Loes.) Biral","species","name accepted","bfo-604626",,,"Monteverdia schumanniana (Loes.) Biral","Monteverdia","Celastraceae","low","Monteverdia schumanniana"
"speciesLink","MBM","230371","Myrcia neolucida","Plantae","Myrtaceae","Myrcia","1995","8","23","Brazil","São Paulo","Ilhabela","Parque Estadual de Ilhabela.","23719","MBM",,"PreservedSpecimen","40","neolucida","Rapini, A; et al.","-45.349998","-23.77","2025-06-01T00:01:00","A.R.Lourenço & E.Lucas","Kawasaki, ML",,,,,,,,"44","MBM230371",,,,,,,,,,,"SPLINK","Ilhabela",,,,,,,,,,,,,,,,,,,"MBM",,"Rapini, A.","44","1995","Kawasaki, M.L.","n.d.",,"Rapini",,"brazil","sao paulo","ilhabela","parque estadual de ilhabela",,"locality","brazil_sao paulo_ilhabela","brazil_sao paulo_ilhabela",-23.85166951,-45.32677547,"county",,,,,,,,,,,,,,,,,,,,,,,,,,,,,,,,,,,,,,,,,,,,,,,,,,,,,,,,,,,,,,,,,,,,,,,,,,,,,,,,,,,,"check_local.2municip.","Myrcia neolucida","A.R.Lourenço & E.Lucas","possibly_ok","Myrtaceae","Myrcia neolucida","A.R.Lourenço & E.Lucas","species","name accepted","bfo-611353",,,"Myrcia neolucida A.R.Lourenço & E.Lucas","Myrcia","Myrtaceae","high","Myrcia neolucida"
"gbif","SP","310959","Myrcia pubipetala Miq.","Plantae","Myrtaceae","Myrcia","1990","3","15","Brasil","São Paulo",,"Parque Estadual de Ilhabela, TRilha da água Branca, poço da escada",,"IPA/SP","Tracheophyta","PRESERVED_SPECIMEN","https://specieslink.net/col/1","pubipetala","Robim, MJ",,,"2021-12-09 11:13:15","Miq.","Aguiar, OT",,"Magnoliopsida","Myrtales",,,,,"651",,,,,,,,,,,,"GBIF","São Sebastião","1994-08-08","Myrcia pubipetala Miq.",,"BR",,,"1990-03-15",,,,,,"ACCEPTED","SPECIES",,,,,,,,,,,,,,,"brazil","sao paulo","sao sebastiao","parque estadual de ilhabela",,"locality","brazil_sao paulo_sao sebastiao","brazil_sao paulo_sao sebastiao",-23.75242089,-45.60629823,"county","2452885933",,,,"https://specieslink.net/guid/1/310959",,,,,"PRESENT",,,,,,,,,,,,,,,,,,,,,,,,,,,,,,"Myrcia",,,,,,"17efa320-7312-4b55-bf0a-a4cfc4613169",,,FALSE,FALSE,"Myrcia pubipetala","Myrcia pubipetala","null",FALSE,"LATIN_AMERICA","LATIN_AMERICA","VU",,,,"WGS84",,,,,,,,,,,,,,,,,,"brazil_sao paulo_sao sebastiao","Brazil","São Paulo","São Sebastião",,"check_local.2municip.","Myrcia pubipetala","Miq.","name_w_authors","Myrtaceae","Myrcia pubipetala","Miq.","species","name accepted","bfo-10743",,,"Myrcia pubipetala Miq.","Myrcia","Myrtaceae","unknown","Myrcia pubipetala"
"speciesLink","SORO","4112","Myrcia spectabilis","Plantae","Myrtaceae","Myrcia","1995","08","23","Brasil","São Paulo","Ilhabela","Parque Estadual da Ilhabela. Mata Atlântica. Trilha da Água Branca","23719","UFSCar",,"PreservedSpecimen","391","spectabilis","Kirizawa,M.;Rapini, A.; Proença, S.L.","-45.349998","-23.77","2025-05-14T09:49:05","DC.","F.F. Mazine",,,,,,"<nO>Árvore, ca. 4m alt.; frutos amarelos.</nO>","2013","3206","SORO004112","03",,,,,,,,,,"SPLINK","Ilhabela","2013-03-NA",,,,,,,,,,,,,,,,,,"SORO",,"Kirizawa, M.","3206","1995","Mazine, F.F.","2013","Rapini, A.; Proenca, S.L.","Kirizawa",,"brazil","sao paulo","ilhabela","parque estadual da ilhabela, mata atlantica",,"locality","brazil_sao paulo_ilhabela","brazil_sao paulo_ilhabela",-23.85166951,-45.32677547,"county",,,,,,,,,,,,,,,,,,,,,,,,,,,,,,,,,,,,,,,,,,,,,,,,,,,,,,,,,,,,,,,,,,,,,,,,,,,,,,,,,,,,"check_local.2municip.","Myrcia spectabilis","DC.","possibly_ok","Myrtaceae","Myrcia spectabilis","DC.","species","name accepted","bfo-10758",,,"Myrcia spectabilis DC.","Myrcia","Myrtaceae","high","Myrcia spectabilis"
"speciesLink","MBM","241652","Neomitranthes glomerata","Plantae","Myrtaceae","Neomitranthes","1995","8","23","Brazil","São Paulo","Ilhabela","Parque Estadual de Ilhabela.","23719","MBM",,"PreservedSpecimen","40","glomerata","Rapini, A; et al.","-45.349998","-23.77","2025-06-01T00:01:00","(D.Legrand) D.Legrand","Kawasaki, ML",,,,,,,,"39","MBM241652",,,,,,,,,,,"SPLINK","Ilhabela",,,,,,,,,,,,,,,,,,,"MBM",,"Rapini, A.","39","1995","Kawasaki, M.L.","n.d.",,"Rapini",,"brazil","sao paulo","ilhabela","parque estadual de ilhabela",,"locality","brazil_sao paulo_ilhabela","brazil_sao paulo_ilhabela",-23.85166951,-45.32677547,"county",,,,,,,,,,,,,,,,,,,,,,,,,,,,,,,,,,,,,,,,,,,,,,,,,,,,,,,,,,,,,,,,,,,,,,,,,,,,,,,,,,,,"check_local.2municip.","Neomitranthes glomerata","(D.Legrand) D.Legrand","possibly_ok","Myrtaceae","Neomitranthes glomerata","(D.Legrand) D.Legrand","species","name accepted","bfo-10812",,,"Neomitranthes glomerata (D.Legrand) D.Legrand","Neomitranthes","Myrtaceae","high","Neomitranthes glomerata"
"speciesLink","SP","303614","Nyctaginaceae","Plantae","Nyctaginaceae",,"1995","08","23","Brasil","São Paulo","Ilhabela","Parque Estadual de Ilhabela, Trilha da Toca da Goteira","23719","IBt",,"PreservedSpecimen","1",,"Proença, SL; et al.","-45.349998","-23.77","2021-12-09T11:13:35",,,,,,"0","0",,,"83",,,,,,,,,,,,"SPLINK","Ilhabela",,,,,,,,,,,,,,,,,,,"SP",,"Proenca, S.L.","83","1995","s.n.","n.d.",,"Proenca",,"brazil","sao paulo","ilhabela","parque estadual de ilhabela",,"locality","brazil_sao paulo_ilhabela","brazil_sao paulo_ilhabela",-23.85166951,-45.32677547,"county",,,,,,,,,,,,,,,,,,,,,,,,,,,,,,,,,,,,,,,,,,,,,,,,,,,,,,,,,,,,,,,,,,,,,,,,,,,,,,,,,,,,"check_local.2municip.","Nyctaginaceae","Juss.","family_as_genus","Nyctaginaceae","Nyctaginaceae","Juss.","family","name accepted","bfo-172",,,"Nyctaginaceae Juss.",,"Nyctaginaceae","unknown",
"speciesLink","SP","288305","Oxalis debilis","Plantae","Oxalidaceae","Oxalis","1995","08","23","Brasil","São Paulo","Ilhabela","Parque Estadual de Ilhabela, Trilha dos Castellanos","23719","IBt",,"PreservedSpecimen","1","debilis","Kirizawa, M; et al.","-45.349998","-23.77","2022-10-14T09:37:21","Humb., Bonpl. & Kunth","Fiaschi, P",,,,"0","0",,"2005","3207",,,,,,,,,,,,"SPLINK","Ilhabela","2005-NA-NA",,,,,,,,,,,,,,,,,,"SP",,"Kirizawa, M.","3207","1995","Fiaschi, P.","2005",,"Kirizawa",,"brazil","sao paulo","ilhabela","parque estadual de ilhabela",,"locality","brazil_sao paulo_ilhabela","brazil_sao paulo_ilhabela",-23.85166951,-45.32677547,"county",,,,,,,,,,,,,,,,,,,,,,,,,,,,,,,,,,,,,,,,,,,,,,,,,,,,,,,,,,,,,,,,,,,,,,,,,,,,,,,,,,,,"check_local.2municip.","Oxalis debilis","Kunth","possibly_ok","Oxalidaceae","Oxalis debilis","Kunth","species","name accepted","bfo-12459",,,"Oxalis debilis Kunth","Oxalis","Oxalidaceae","high","Oxalis debilis"
"gbif","NY","NY00502614","Palicourea Aubl.","Plantae","Rubiaceae","Palicourea","1990","3","15","Brazil","São Paulo",,"Parque Estadual de Ilhabela, entrada para una trilha do Poço da Pedra",,"NY","Tracheophyta","PRESERVED_SPECIMEN",,,"M. J. Robin","-45.409722","-23.760278",,,,,"Magnoliopsida","Gentianales",,,,,"655",,,,,,,,,,,,"GBIF",,,"Palicourea Aubl.","Herbário Virtual REFLORA Disponível em: http://herbariovirtualreflora.jbrj.gov.br/reflora/herbarioVirtual/ConsultaPublicoHVUC/ConsultaPublicoHVUC.do?idTestemunho=3668313","BR",,,"1990-03-15",,,,,,"ACCEPTED","GENUS",,,"1990-03-15",,,,,,,,,,,,"brazil","sao paulo","parque estadual de ilhabela","parque estadual de ilhabela",,"locality","brazil_sao paulo_parque estadual ilhabela","brazil_sao paulo",-22.2584562,-48.7420254,"state","2998010695",,,,"3668313",,,,,"PRESENT",,,,,,,,,,,,,,,,,,,,,,,,,,,,,,"Palicourea",,,,,,"a185d0c4-1a12-45c1-a729-2a7b058b528d",,,TRUE,FALSE,,"Palicourea","null",FALSE,"LATIN_AMERICA","LATIN_AMERICA","NE","jbrj-public.s3-sa-east-1.amazonaws.com/fsi/server?type=image&source=DZI/newyork/ny_/0/50/26/14/ny_00502614.dzi",,,,,,,,,,,,,,,,,,,,,"brazil_sao paulo","Brazil","São Paulo",,,"check_local.2state","Palicourea","Aubl.","name_w_authors","Rubiaceae","Palicourea","Aubl.","genus","name accepted","bfo-14133",,,"Palicourea Aubl.","Palicourea","Rubiaceae","unknown",
"speciesLink","UEC","58832","Pecluma recurvata","Plantae","Polypodiaceae","Pecluma","1991","12","04","Brazil","São Paulo","Ilhabela","Parque Estadual de Ilhabela","23719","UNICAMP","Pteridophyta","S","2","recurvata","Salino, A","-45.349998","-23.77","2024-11-25T11:37:26","(Kaulf.) M.G.Price","Salino, A",,,,"0","0","<nO>Em barranco, a margem de estrada, em mata pluvial atlântica.</nO>","1992","1211","UEC067719",,,,,,,,,,,"SPLINK","Ilhabela","1992-NA-NA",,,,,,,,,,,,,,,,,,"UEC",,"Salino, A.","1211","1991","Salino, A.","1992",,"Salino",,"brazil","sao paulo","ilhabela","parque estadual de ilhabela",,"locality","brazil_sao paulo_ilhabela","brazil_sao paulo_ilhabela",-23.85166951,-45.32677547,"county",,,,,,,,,,,,,,,,,,,,,,,,,,,,,,,,,,,,,,,,,,,,,,,,,,,,,,,,,,,,,,,,,,,,,,,,,,,,,,,,,,,,"check_local.2municip.","Pecluma recurvata","(Kaulf.) M.G.Price","possibly_ok","Polypodiaceae","Pecluma recurvata","(Kaulf.) M.G.Price","species","name accepted","bfo-91713",,,"Pecluma recurvata (Kaulf.) M.G.Price","Pecluma","Polypodiaceae","low","Pecluma recurvata"
"speciesLink","SP","292283","Peperomia glabella","Plantae","Piperaceae","Peperomia","1995","08","23","Brasil","São Paulo","Ilhabela","Parque Estadual de Ilhabela, Trilha da Toca da Goteira.","23719","IBt",,"PreservedSpecimen","1","glabella","Rapini, A; Proença, SL; Kirizawa, M","-45.349998","-23.77","2021-12-09T11:15:07","(Sw.) A.Dietr.","Guimarães, EF",,,,"0","0",,"2012","38",,,,,,,,,,,,"SPLINK","Ilhabela","2012-NA-NA",,,,,,,,,,,,,,,,,,"SP",,"Rapini, A.","38","1995","Guimaraes, E.F.","2012","Proenca, S.L.; Kirizawa, M.","Rapini",,"brazil","sao paulo","ilhabela","parque estadual de ilhabela",,"locality","brazil_sao paulo_ilhabela","brazil_sao paulo_ilhabela",-23.85166951,-45.32677547,"county",,,,,,,,,,,,,,,,,,,,,,,,,,,,,,,,,,,,,,,,,,,,,,,,,,,,,,,,,,,,,,,,,,,,,,,,,,,,,,,,,,,,"check_local.2municip.","Peperomia glabella","(Sw.) A.Dietr.","possibly_ok","Piperaceae","Peperomia glabella","(Sw.) A.Dietr.","species","name accepted","bfo-12653",,,"Peperomia glabella (Sw.) A.Dietr.","Peperomia","Piperaceae","high","Peperomia glabella"
"speciesLink","SPF","104359","Peperomia pseudoestrellensis","Plantae","Piperaceae","Peperomia","1995","08","23","Brasil","São Paulo","Ilhabela","Parque Estadual de Ilhabela, Trila da Toca da Goteira.","23719","USP",,"PreservedSpecimen","7","pseudoestrellensis","Rapini, A","-45.349998","-23.77","2023-12-20T16:05:53","C.DC.","Carvalho-Silva, M",,,,"0","0",,"2003","38","SPF00104359","05",,,,,,,,,,"SPLINK","Ilhabela","2003-05-NA",,,,,,,,,,,,,,,,,,"SPF",,"Rapini, A.","38","1995","Carvalho-Silva, M.","2003",,"Rapini",,"brazil","sao paulo","ilhabela","parque estadual de ilhabela",,"locality","brazil_sao paulo_ilhabela","brazil_sao paulo_ilhabela",-23.85166951,-45.32677547,"county",,,,,,,,,,,,,,,,,,,,,,,,,,,,,,,,,,,,,,,,,,,,,,,,,,,,,,,,,,,,,,,,,,,,,,,,,,,,,,,,,,,,"check_local.2municip.","Peperomia pseudoestrellensis","C.DC.","possibly_ok","Piperaceae","Peperomia pseudoestrellensis","C.DC.","species","name accepted","bfo-12694",,,"Peperomia pseudoestrellensis C.DC.","Peperomia","Piperaceae","high","Peperomia pseudoestrellensis"
"user","RB","RB00275755","Piper amplum Kunth","Plantae","Piperaceae","Piper","1995","8","23","Brasil","São Paulo",,"Parque Estadual de Ilhabela. Trilha Toca da Goteira.",,"JBRJ",,"Preserved Specimen",,"amplum","M. Kirizawa; A. Rapini, S.L. Proença",,,,"Kunth","Elsie Guimarães",,,,,,,,"3200",,,,,,,,,,,,,"Ilhabela",,,,"BR",,,"1995-08-23","Mata atlântica.",,,,,,"sp.","Physical Object",,,,"RB",,"Kirizawa, M.","3200","1995","Guimaraes, E.","n.d.","Rapini, A.; Proenca, S.L.","Kirizawa",,"brazil","sao paulo","ilhabela","parque estadual de ilhabela",,"locality","brazil_sao paulo_ilhabela","brazil_sao paulo_ilhabela",-23.85166951,-45.32677547,"county",,,,,"urn:catalog:JBRJ:RB:275755",,,,,,,,,,,,,,,,,,,,,,,,,,,,,,,,,,,,,,,,,,,,,,,,,,,,,"jbrj-public-img.s3-sa-east-1.amazonaws.com/JPG/rb/0/27/57/55/00275755.jpg",,,,,,,,,,,,,,,,,,,"2006-02-06 16:43:17+00","Angiospermas","brazil_sao paulo_ilhabela","Brazil","São Paulo","Ilhabela",,"check_local.2municip.","Piper fluminense","Raddi","name_w_authors","Piperaceae","Piper fluminense","Raddi","species","replaced synonym","bfo-625099","Piper fluminense","Raddi","Piper fluminense Raddi","Piper","Piperaceae","high","Piper fluminense"
"speciesLink","SP","291271","Pleroma estrellense","Plantae","Melastomataceae","Pleroma","1995","08","23","Brasil","São Paulo","Ilhabela","Parque Estadual de Ilhabela","23719","IBt",,"PreservedSpecimen","1","estrellense","Proença, SL; et al.","-45.349998","-23.77","2023-05-12T08:54:55","(Raddi) P.J.F.Guim. & Michelang.","Mamede, MCH",,,,"0","0",,"2023","92",,"05",,,,,,,,,,"SPLINK","Ilhabela","2023-05-NA",,,,,,,,,,,,,,,,,,"SP",,"Proenca, S.L.","92","1995","Mamede, M.C.H.","2023",,"Proenca",,"brazil","sao paulo","ilhabela","parque estadual de ilhabela",,"locality","brazil_sao paulo_ilhabela","brazil_sao paulo_ilhabela",-23.85166951,-45.32677547,"county",,,,,,,,,,,,,,,,,,,,,,,,,,,,,,,,,,,,,,,,,,,,,,,,,,,,,,,,,,,,,,,,,,,,,,,,,,,,,,,,,,,,"check_local.2municip.","Pleroma estrellense","(Raddi) P.J.F.Guim. & Michelang.","possibly_ok","Melastomataceae","Pleroma estrellense","(Raddi) P.J.F.Guim. & Michelang.","species","name accepted","bfo-606917",,,"Pleroma estrellense (Raddi) P.J.F.Guim. & Michelang.","Pleroma","Melastomataceae","low","Pleroma estrellense"
"gbif","PMSP","PMSP008080","Psychotria fluminensis Vell.","Plantae","Rubiaceae","Psychotria","1995","8","23","Brasil","São Paulo",,"Parque Estadual de Ilhabela, Trilha Toca da goteira.",,"PMSP","Tracheophyta","PRESERVED_SPECIMEN",,"fluminensis","M.Kirizawa;S.L.Proença,M. Kirizawa,A.Rapini,A. Rapini,S.L. Proença",,,,"Vell.","FFESP 2007 / LEFB",,"Magnoliopsida","Gentianales",,,,,"3196",,,,,,,,,,,,"GBIF","Ilhabela","2016-01-01","Psychotria fluminensis Vell.","Herbário Virtual REFLORA Disponível em: http://herbariovirtualreflora.jbrj.gov.br/reflora/herbarioVirtual/ConsultaPublicoHVUC/ConsultaPublicoHVUC.do?idTestemunho=4672912","BR",,,"1995-08-23",,,,,,"ACCEPTED","SPECIES",,,"1995-08-23",,,,,,,,,,,,"brazil","sao paulo","ilhabela","parque estadual de ilhabela",,"locality","brazil_sao paulo_ilhabela","brazil_sao paulo_ilhabela",-23.85166951,-45.32677547,"county","2302356515",,,,"4672912",,,,,"PRESENT",,,,,,,,,,,,,,,,,,,,,,,,,,,,,,"Psychotria",,,,,,"4012b76b-7f81-4bd9-b887-6fd3e6a5588c",,"StillImage",FALSE,FALSE,"Psychotria fluminensis","Psychotria fluminensis Vell.","null",FALSE,"LATIN_AMERICA","LATIN_AMERICA","VU","jbrj-public.s3.amazonaws.com/fsi/server?type=image&source=DZI/pmsp/pmsp/0/0/80/80/pmsp00008080.dzi",,,,,,,,,,,,,,,,,,,,,"brazil_sao paulo_ilhabela","Brazil","São Paulo","Ilhabela",,"check_local.2municip.","Psychotria fluminensis","Vell.","name_w_authors","Rubiaceae","Psychotria fluminensis","Vell.","species","name accepted","bfo-14174",,,"Psychotria fluminensis Vell.","Psychotria","Rubiaceae","unknown","Psychotria fluminensis"
"speciesLink","SP","288297","Psychotria laciniata","Plantae","Rubiaceae","Psychotria","1995","08","23","Brasil","São Paulo","Ilhabela","Parque Estadual de Ilhabela, Trilha Toca da Goteira","23719","IBt",,"PreservedSpecimen","1","laciniata","Kirizawa, M; et al.","-45.349998","-23.77","2024-09-06T09:19:45","Vell.","Taylor, CM",,,,"0","0",,"2007","3201","SP0288297",,,,,,,,,,,"SPLINK","Ilhabela","2007-NA-NA",,,,,,,,,,,,,,,,,,"SP",,"Kirizawa, M.","3201","1995","Taylor, C.M.","2007",,"Kirizawa",,"brazil","sao paulo","ilhabela","parque estadual de ilhabela",,"locality","brazil_sao paulo_ilhabela","brazil_sao paulo_ilhabela",-23.85166951,-45.32677547,"county",,,,,,,,,,,,,,,,,,,,,,,,,,,,,,,,,,,,,,,,,,,,,,,,,,,,,,,,,,,,,,,,,,,,,,,,,,,,,,,,,,,,"check_local.2municip.","Psychotria laciniata","Vell.","possibly_ok","Rubiaceae","Psychotria laciniata","Vell.","species","name accepted","bfo-14187",,,"Psychotria laciniata Vell.","Psychotria","Rubiaceae","high","Psychotria laciniata"
"speciesLink","SP","288296","Psychotria nemorosa","Plantae","Rubiaceae","Psychotria","1995","08","23","Brasil","São Paulo","Ilhabela","Parque Estadual de Ilhabela, Trilha Toca da Goteira","23719","IBt",,"PreservedSpecimen","1","nemorosa","Kirizawa, M; et al.","-45.349998","-23.77","2024-09-06T09:19:46","Gardner","Taylor, CM",,,,"0","0",,"2007","3202","SP0288296",,,,,,,,,,,"SPLINK","Ilhabela","2007-NA-NA",,,,,,,,,,,,,,,,,,"SP",,"Kirizawa, M.","3202","1995","Taylor, C.M.","2007",,"Kirizawa",,"brazil","sao paulo","ilhabela","parque estadual de ilhabela",,"locality","brazil_sao paulo_ilhabela","brazil_sao paulo_ilhabela",-23.85166951,-45.32677547,"county",,,,,,,,,,,,,,,,,,,,,,,,,,,,,,,,,,,,,,,,,,,,,,,,,,,,,,,,,,,,,,,,,,,,,,,,,,,,,,,,,,,,"check_local.2municip.","Psychotria nemorosa","Gardner","possibly_ok","Rubiaceae","Psychotria nemorosa","Gardner","species","name accepted","bfo-14199",,,"Psychotria nemorosa Gardner","Psychotria","Rubiaceae","high","Psychotria nemorosa"
"speciesLink","SP","288309","Psychotria patentinervia","Plantae","Rubiaceae","Psychotria","1995","08","23","Brasil","São Paulo","Ilhabela","Parque Estadual de Ilhabela, Trilha da Goteira","23719","IBt",,"PreservedSpecimen","1","patentinervia","Kirizawa, M; et al.","-45.349998","-23.77","2024-09-20T09:27:29","Müll.Arg.","Taylor, CM",,,,"0","0",,"2007","3196","SP0288309",,,,,,,,,,,"SPLINK","Ilhabela","2007-NA-NA",,,,,,,,,,,,,,,,,,"SP",,"Kirizawa, M.","3196","1995","Taylor, C.M.","2007",,"Kirizawa",,"brazil","sao paulo","ilhabela","parque estadual de ilhabela",,"locality","brazil_sao paulo_ilhabela","brazil_sao paulo_ilhabela",-23.85166951,-45.32677547,"county",,,,,,,,,,,,,,,,,,,,,,,,,,,,,,,,,,,,,,,,,,,,,,,,,,,,,,,,,,,,,,,,,,,,,,,,,,,,,,,,,,,,"check_local.2municip.","Psychotria patentinervia","Müll.Arg.","possibly_ok","Rubiaceae","Psychotria patentinervia","Müll.Arg.","species","name accepted","bfo-14206",,,"Psychotria patentinervia Müll.Arg.","Psychotria","Rubiaceae","high","Psychotria patentinervia"
"gbif","Tropicos","3255621","Psychotria pubigera Schltdl.","Plantae","Rubiaceae","Psychotria","1995","8","23","Brazil","São Paulo",,"Mun: de Ilhabela. Parque Estadual de Ilhabela. Mata atlântica. Trilha Toca da Goteira.",,"MO","Tracheophyta","PRESERVED_SPECIMEN","http://biocol.org/urn:lsid:biocol.org:col:15859","pubigera","M. Kirizawa",,,"2017-04-21 11:10:00","Schltdl.","C.M. Taylor (MO)",,"Magnoliopsida","Gentianales",,,,,"3202",,,,,,,,,,,,"GBIF",,"2017-01-01","Psychotria nemorosa Gardner","http://www.tropicos.org/Specimen/3255621","BR",,"Tropicos","1995-08-23",,,,,,"SYNONYM","SPECIES","PhysicalObject",,,,,,,,,,,,,,"brazil","sao paulo","mun","parque estadual de ilhabela, mata atlantica",,"locality","brazil_sao paulo_mun","brazil_sao paulo",-22.2584562,-48.7420254,"state","1260654041",,,,"urn:catalog:MO:Tropicos:3255621",,,,,"PRESENT",,,,,,,,,,,,,,,,,,,"50128068",,,,,,,,,,,"Psychotria",,,,,,"7bd65a7a-f762-11e1-a439-00145eb45e9a",,,FALSE,FALSE,"Psychotria nemorosa","Psychotria pubigera Schltdl.","null",FALSE,"LATIN_AMERICA","NORTH_AMERICA","NE",,,,,,,,,,,,,,,,,,,,,,"brazil_sao paulo","Brazil","São Paulo",,,"check_local.2state","Psychotria pubigera","Schltdl.","name_w_authors","Rubiaceae","Psychotria pubigera","Schltdl.","species","name accepted","bfo-26085",,,"Psychotria pubigera Schltdl.","Psychotria","Rubiaceae","unknown","Psychotria pubigera"
"speciesLink","UEC","58814","Pteris decurrens","Plantae","Pteridaceae","Pteris","1991","12","04","Brazil","São Paulo","Ilhabela","Parque Estadual de Ilhabela","23719","UNICAMP","Pteridophyta","S","2","decurrens","Salino, A","-45.349998","-23.77","2024-11-25T11:37:33","C.Presl","Salino, A",,,,"0","0","<nO>Em barranco, em margem de estrada que leva à Baia de Castelhanos.; Em mata pluvial atlântica.</nO>","2001","1213","UEC067376","09",,,,,,,,,,"SPLINK","Ilhabela","2001-09-NA",,,,,,,,,,,,,,,,,,"UEC",,"Salino, A.","1213","1991","Salino, A.","2001",,"Salino",,"brazil","sao paulo","ilhabela","parque estadual de ilhabela",,"locality","brazil_sao paulo_ilhabela","brazil_sao paulo_ilhabela",-23.85166951,-45.32677547,"county",,,,,,,,,,,,,,,,,,,,,,,,,,,,,,,,,,,,,,,,,,,,,,,,,,,,,,,,,,,,,,,,,,,,,,,,,,,,,,,,,,,,"check_local.2municip.","Pteris decurrens","C.Presl","possibly_ok","Pteridaceae","Pteris decurrens","C.Presl","species","name accepted","bfo-91985",,,"Pteris decurrens C.Presl","Pteris","Pteridaceae","low","Pteris decurrens"
"gbif","HUEFS","264277","Rhipsalis crispata (Haw.) Pfeiff.","Plantae","Cactaceae","Rhipsalis","2013","3","2","Brasil","São Paulo",,"Parque Estadual de Ilhabela. Estrada para praia de Castelhanos.",,"UEFS","Tracheophyta","PRESERVED_SPECIMEN","https://specieslink.net/col/204","crispata","França, V.B.","-45.3475","-23.847778","2024-10-29 07:17:47","(Haw.) Pfeiff.","V.R.França",,"Magnoliopsida","Caryophyllales",,,,,"1",,,,,"414","414",,,,,,"GBIF","São Sebastião","2013-01-01","Rhipsalis crispata (Haw.) Pfeiff.",,"BR",,,"2013-03-02",,,,,,"ACCEPTED","SPECIES",,,,,,,,,,,,,,,"brazil","sao paulo","sao sebastiao","parque estadual de ilhabela, estrada para praia de castelhanos",,"locality","brazil_sao paulo_sao sebastiao","brazil_sao paulo_sao sebastiao",-23.75242089,-45.60629823,"county","4928887012",,,,"https://specieslink.net/guid/204/264277",,,,,"PRESENT",,,,,,,,,,,,,,,,,,,,,,,,,,,,,,"Rhipsalis",,,,,,"2e684fd6-09e2-4661-910a-0a188b610c04",,,TRUE,FALSE,"Rhipsalis crispata","Rhipsalis crispata","null",FALSE,"LATIN_AMERICA","LATIN_AMERICA","EN","https://images.cria.org.br/viewer/HUEFS0264277",,,"WGS84",,,,,,,,,,,,,,,,,,"brazil_sao paulo_sao sebastiao","Brazil","São Paulo","São Sebastião",,"check_local.2municip.","Rhipsalis crispata","(Haw.) Pfeiff.","name_w_authors","Cactaceae","Rhipsalis crispata","(Haw.) Pfeiff.","species","name accepted","bfo-1694",,,"Rhipsalis crispata (Haw.) Pfeiff.","Rhipsalis","Cactaceae","unknown","Rhipsalis crispata"
"user","RB","RB01576982","Rhipsalis oblonga Loefgr.","Plantae","Cactaceae","Rhipsalis","2013","3","2","Brasil","São Paulo",,"Parque Estadual de Ilhabela. Estrada para praia de Castelhanos, trilha da Água Branca. Poço do Jabuti. Poço do Jabuti. Local: sombreado. Em árvore, cerca de 1 m do chão, encimada cachoeira",,"JBRJ",,"Preserved Specimen",,"oblonga","V.B. França","-23.8461111","-23.8461111",,"Loefgr.","V.R. França",,,,"23º50´46´´","23º50´46´´W",,,"4",,,,,,,,,,,,,"São Sebastião",,,,"BR",,,"2013-3-2",,,,,,,"sp.","Physical Object",,,,"RB",,"Franca, V.B.","4","2013","Franca, V.R.","n.d.",,"Franca",,"brazil","sao paulo","sao sebastiao","parque estadual de ilhabela, estrada para praia de castelhanos",,"locality","brazil_sao paulo_sao sebastiao","brazil_sao paulo_sao sebastiao",-23.75242089,-45.60629823,"county",,,,,"urn:catalog:JBRJ:RB:1576982",,,,,,,,,,,,,,,,,,,,,,,,,,,,,,,,,,,,,,,,,,,,,,,,,,,,,"jbrj-public-img.s3-sa-east-1.amazonaws.com/JPG/rb/1/57/69/82/01576982.jpg",,,,,,,,,,,,,,,,,,,"2025-01-06 16:50:55+00","Angiospermas","brazil_sao paulo_sao sebastiao","Brazil","São Paulo","São Sebastião",,"check_local.2municip.","Rhipsalis oblonga","Loefgr.","name_w_authors","Cactaceae","Rhipsalis oblonga","Loefgr.","species","name accepted","bfo-1713",,,"Rhipsalis oblonga Loefgr.","Rhipsalis","Cactaceae","low","Rhipsalis oblonga"
"speciesLink","SP","285759","Pleurostachys beyrichii","Plantae","Cyperaceae","Pleurostachys","1995","08","23","Brasil","São Paulo","Ilhabela","Parque Estadual de Ilhabela","23719","IBt",,"PreservedSpecimen","1","beyrichii","Proença, SL; et al.","-45.349998","-23.77","2022-03-18T16:03:10","(Nees) Steud.","Araújo, AC",,,,"0","0",,"1997","89",,"06","30",,,,,,,,,"SPLINK","Ilhabela","1997-06-30",,,,,,,,,,,,,,,,,,"SP",,"Proenca, S.L.","89","1995","Araujo, A.C.","1997",,"Proenca",,"brazil","sao paulo","ilhabela","parque estadual de ilhabela",,"locality","brazil_sao paulo_ilhabela","brazil_sao paulo_ilhabela",-23.85166951,-45.32677547,"county",,,,,,,,,,,,,,,,,,,,,,,,,,,,,,,,,,,,,,,,,,,,,,,,,,,,,,,,,,,,,,,,,,,,,,,,,,,,,,,,,,,,"check_local.2municip.","Rhynchospora orbignyana","(Brongn.) L.B.Sm.","possibly_ok","Cyperaceae","Rhynchospora orbignyana","(Brongn.) L.B.Sm.","species","replaced synonym","bfo-51778","Rhynchospora orbignyana","(Brongn.) L.B.Sm.","Rhynchospora orbignyana (Brongn.) L.B.Sm.","Rhynchospora","Cyperaceae","low","Rhynchospora orbignyana"
"speciesLink","UEC","74669","Rubus rosifolius rosifolius","Plantae","Rosaceae","Rubus","1995","08","23","Brazil","São Paulo","Ilhabela","Ilhabela, Parque Estadual de Ilhabela. Trilha da Água Branca.","23719","UNICAMP","Magnoliopsida","S","2","rosifolius","Proença, SL; Rapini, A; Kirizawa, M; Ferreira, C","-45.349998","-23.77","2025-04-07T11:02:58","Sm.","Kiyama, CY",,,,"0","0",,"1997","93","UEC083456","05","14","rosifolius",,,,,,,,"SPLINK","Ilhabela","1997-05-14",,,,,,,,,,,,,,,,,,"UEC",,"Proenca, S.L.","93","1995","Kiyama, C.Y.","1997","Rapini, A.; Kirizawa, M.; Ferreira, C.","Proenca",,"brazil","sao paulo","ilhabela","parque estadual de ilhabela",,"locality","brazil_sao paulo_ilhabela","brazil_sao paulo_ilhabela",-23.85166951,-45.32677547,"county",,,,,,,,,,,,,,,,,,,,,,,,,,,,,,,,,,,,,,,,,,,,,,,,,,,,,,,,,,,,,,,,,,,,,,,,,,,,,,,,,,,,"check_local.2municip.","Rubus rosifolius var. rosifolius","Sm.","not_Genus_epithet_format","Rosaceae","Rubus rosifolius var. rosifolius","Sm.","variety","name misspelled","bfo-32510",,,"Rubus rosifolius var. rosifolius Sm.","Rubus","Rosaceae","high","Rubus rosifolius"
"speciesLink","SP","288299","Rubus urticifolius","Plantae","Rosaceae","Rubus","1995","08","23","Brasil","São Paulo","Ilhabela","Parque Estadual de Ilhabela, Trilha dos Castellanos","23719","IBt",,"PreservedSpecimen","1","urticifolius","Kirizawa, M; et al.","-45.349998","-23.77","2022-07-29T11:53:04","Poir.","Kiyama, CY",,,,"0","0",,"2003","3205",,,,,,,,,,,,"SPLINK","Ilhabela","2003-NA-NA",,,,,,,,,,,,,,,,,,"SP",,"Kirizawa, M.","3205","1995","Kiyama, C.Y.","2003",,"Kirizawa",,"brazil","sao paulo","ilhabela","parque estadual de ilhabela",,"locality","brazil_sao paulo_ilhabela","brazil_sao paulo_ilhabela",-23.85166951,-45.32677547,"county",,,,,,,,,,,,,,,,,,,,,,,,,,,,,,,,,,,,,,,,,,,,,,,,,,,,,,,,,,,,,,,,,,,,,,,,,,,,,,,,,,,,"check_local.2municip.","Rubus urticifolius","Poir.","possibly_ok","Rosaceae","Rubus urticifolius","Poir.","species","name accepted","bfo-20680",,,"Rubus urticifolius Poir.","Rubus","Rosaceae","high","Rubus urticifolius"
"speciesLink","SPF","161769","Rustia formosa","Plantae","Rubiaceae","Rustia","1998","12","16","Brasil","São Paulo","Ilhabela","Parque Estadual de Ilhabela","23719","USP",,"PreservedSpecimen","7","formosa","Pastore, JA","-45.349998","-23.77","2023-12-20T16:07:57","(Cham. & Schltdl.) Klotzsch","Franco, GADC",,,,"0","0",,"2004","839","SPF00161769","04",,,,,,,,,,"SPLINK","Ilhabela","2004-04-NA",,,,,,,,,,,,,,,,,,"SPF",,"Pastore, J.A.","839","1998","Franco, G.A.D.C.","2004",,"Pastore",,"brazil","sao paulo","ilhabela","parque estadual de ilhabela",,"locality","brazil_sao paulo_ilhabela","brazil_sao paulo_ilhabela",-23.85166951,-45.32677547,"county",,,,,,,,,,,,,,,,,,,,,,,,,,,,,,,,,,,,,,,,,,,,,,,,,,,,,,,,,,,,,,,,,,,,,,,,,,,,,,,,,,,,"check_local.2municip.","Rustia formosa","(Cham. & Schltdl.) Klotzsch","possibly_ok","Rubiaceae","Rustia formosa","(Cham. & Schltdl.) Klotzsch","species","name accepted","bfo-14275",,,"Rustia formosa (Cham. & Schltdl.) Klotzsch","Rustia","Rubiaceae","medium","Rustia formosa"
"speciesLink","SP","285608","Scleria panicoides","Plantae","Cyperaceae","Scleria","1995","08","23","Brasil","São Paulo","Ilhabela","Parque Estadual de Ilhabela, Trilha da Toca da Goteira","23719","IBt",,"PreservedSpecimen","1","panicoides","Rapini, A; et al.","-45.349998","-23.77","2021-12-17T17:09:29","Kunth","Schneider, L",,,,"0","0",,"2021","43",,"12",,,,,,,,,,"SPLINK","Ilhabela","2021-12-NA",,,,,,,,,,,,,,,,,,"SP",,"Rapini, A.","43","1995","Schneider, L.","2021",,"Rapini",,"brazil","sao paulo","ilhabela","parque estadual de ilhabela",,"locality","brazil_sao paulo_ilhabela","brazil_sao paulo_ilhabela",-23.85166951,-45.32677547,"county",,,,,,,,,,,,,,,,,,,,,,,,,,,,,,,,,,,,,,,,,,,,,,,,,,,,,,,,,,,,,,,,,,,,,,,,,,,,,,,,,,,,"check_local.2municip.","Scleria panicoides","Kunth","possibly_ok","Cyperaceae","Scleria panicoides","Kunth","species","name accepted","bfo-7310",,,"Scleria panicoides Kunth","Scleria","Cyperaceae","low","Scleria panicoides"
"speciesLink","UEC","58811","Serpocaulon fraxinifolium","Plantae","Polypodiaceae","Serpocaulon","1991","12","04","Brazil","São Paulo","Ilhabela","Parque Estadual de Ilhabela","23719","UNICAMP","Pteridophyta","S","2","fraxinifolium","Salino, A","-45.349998","-23.77","2024-11-25T11:37:29","(Jacq.) A.R.Sm.","Cardoso-Freitas, LP",,,,"0","0","<nO>Rupícola e epífita junto a estrada.; Mata pluvial atlântica.</nO>","2009","1207","UEC067122","03","03",,,,,,,,,"SPLINK","Ilhabela","2009-03-03",,,,,,,,,,,,,,,,,,"UEC",,"Salino, A.","1207","1991","Cardoso-Freitas, L.P.","2009",,"Salino",,"brazil","sao paulo","ilhabela","parque estadual de ilhabela",,"locality","brazil_sao paulo_ilhabela","brazil_sao paulo_ilhabela",-23.85166951,-45.32677547,"county",,,,,,,,,,,,,,,,,,,,,,,,,,,,,,,,,,,,,,,,,,,,,,,,,,,,,,,,,,,,,,,,,,,,,,,,,,,,,,,,,,,,"check_local.2municip.","Serpocaulon fraxinifolium","(Jacq.) A.R.Sm.","possibly_ok","Polypodiaceae","Serpocaulon fraxinifolium","(Jacq.) A.R.Sm.","species","name accepted","bfo-91751",,,"Serpocaulon fraxinifolium (Jacq.) A.R.Sm.","Serpocaulon","Polypodiaceae","low","Serpocaulon fraxinifolium"
"speciesLink","SPF","161639","Siparuna brasiliensis","Plantae","Siparunaceae","Siparuna","1998","12","16","Brasil","São Paulo","Ilhabela","Parque Estadual de Ilhabela, Parque Estadual, caminho do poço da escada.","23719","USP",,"PreservedSpecimen","7","brasiliensis","Pastore, JA","-45.349998","-23.77","2023-12-20T16:09:29","(Spreng.) A.DC.","Franco, GADC",,,,"0","0",,"2004","835","SPF00161639","04","14",,"210","210",,,,,,"SPLINK","Ilhabela","2004-04-14",,,,,,,,,,,,,,,,,,"SPF",,"Pastore, J.A.","835","1998","Franco, G.A.D.C.","2004",,"Pastore",,"brazil","sao paulo","ilhabela","parque estadual de ilhabela, parque estadual",,"locality","brazil_sao paulo_ilhabela","brazil_sao paulo_ilhabela",-23.85166951,-45.32677547,"county",,,,,,,,,,,,,,,,,,,,,,,,,,,,,,,,,,,,,,,,,,,,,,,,,,,,,,,,,,,,,,,,,,,,,,,,,,,,,,,,,,,,"check_local.2municip.","Siparuna brasiliensis","(Spreng.) A.DC.","possibly_ok","Siparunaceae","Siparuna brasiliensis","(Spreng.) A.DC.","species","name accepted","bfo-14545",,,"Siparuna brasiliensis (Spreng.) A.DC.","Siparuna","Siparunaceae","medium","Siparuna brasiliensis"
"speciesLink","SP","290285","Sloanea hirsuta","Plantae","Elaeocarpaceae","Sloanea","1995","08","23","Brasil","São Paulo","Ilhabela","Parque Estadual de Ilhabela","23719","IBt",,"PreservedSpecimen","1","hirsuta","Proença, SL; et al.","-45.349998","-23.77","2022-10-21T08:59:40","(Schott) Planch. ex Benth.","Sampaio, D",,,,"0","0",,"2018","85",,"02",,,,,,,,,,"SPLINK","Ilhabela","2018-02-NA",,,,,,,,,,,,,,,,,,"SP",,"Proenca, S.L.","85","1995","Sampaio, D.","2018",,"Proenca",,"brazil","sao paulo","ilhabela","parque estadual de ilhabela",,"locality","brazil_sao paulo_ilhabela","brazil_sao paulo_ilhabela",-23.85166951,-45.32677547,"county",,,,,,,,,,,,,,,,,,,,,,,,,,,,,,,,,,,,,,,,,,,,,,,,,,,,,,,,,,,,,,,,,,,,,,,,,,,,,,,,,,,,"check_local.2municip.","Sloanea hirsuta","(Schott) Planch. ex Benth.","possibly_ok","Elaeocarpaceae","Sloanea hirsuta","(Schott) Planch. ex Benth.","species","name accepted","bfo-103503",,,"Sloanea hirsuta (Schott) Planch. ex Benth.","Sloanea","Elaeocarpaceae","high","Sloanea hirsuta"
"user","RB","RB00634475","Smilax spicata Vell.","Plantae","Smilacaceae","Smilax","1995","8","23","Brasil","São Paulo",,"Município de Ilhabela. Parque Estadual de Ilhabela. Mata Atlântica; Trilha dos Castellanos, próximo do início da trilha da Goteira. Projeto financiado pela FAPESP.",,"JBRJ",,"Preserved Specimen",,"spicata","M. Kirizawa, A. Rapini & S.L. Proença",,,,"Vell.","Regina Andreata",,,,,,,,"3203",,,,,,,,,,,,,"São Paulo","1997-12",,,"BR",,,"1995-08-23",,,,,,,"sp.","Physical Object",,,,"RB",,"Kirizawa, M.","3203","1995","Andreata, R.","1997","Rapini, A.; Proenca, S.L.","Kirizawa",,"brazil","sao paulo","sao paulo","parque estadual de ilhabela, mata atlantica",,"locality","brazil_sao paulo_sao paulo","brazil_sao paulo_sao paulo",-23.65041685,-46.64802516,"county",,,,,"urn:catalog:JBRJ:RB:634475",,,,,,,,,,,,,,,,,,,,,,,,,,,,,,,,,,,,,,,,,,,,,,,,,,,,,"jbrj-public-img.s3-sa-east-1.amazonaws.com/JPG/rb/0/63/44/75/00634475.jpg",,,,,,,,,,,,,,,,,,,"2014-07-08 03:57:15+00","Angiospermas","brazil_sao paulo_sao paulo","Brazil","São Paulo","São Paulo",,"check_local.2municip.","Smilax spicata","Vell.","name_w_authors","Smilacaceae","Smilax spicata","Vell.","species","name accepted","bfo-14566",,,"Smilax spicata Vell.","Smilax","Smilacaceae","low","Smilax spicata"
"speciesLink","SP","285877","Spigelia beyrichiana","Plantae","Loganiaceae","Spigelia","1995","08","23","Brasil","São Paulo","Ilhabela","Parque Estadual de Ilhabela, Trilha da Toca da Grande Ilha Bela","23719","IBt",,"PreservedSpecimen","1","beyrichiana","Rapini, A; et al.","-45.349998","-23.77","2024-10-04T08:43:56","Cham. & Schltdl.","Fernandez Casas, J",,,,"0","0",,"2012","41",,"05","03",,,,,,,,,"SPLINK","Ilhabela","2012-05-03",,,,,,,,,,,,,,,,,,"SP",,"Rapini, A.","41","1995","Casas, J.F.","2012",,"Rapini",,"brazil","sao paulo","ilhabela","parque estadual de ilhabela",,"locality","brazil_sao paulo_ilhabela","brazil_sao paulo_ilhabela",-23.85166951,-45.32677547,"county",,,,,,,,,,,,,,,,,,,,,,,,,,,,,,,,,,,,,,,,,,,,,,,,,,,,,,,,,,,,,,,,,,,,,,,,,,,,,,,,,,,,"check_local.2municip.","Spigelia beyrichiana","Cham. & Schltdl.","possibly_ok","Loganiaceae","Spigelia beyrichiana","Cham. & Schltdl.","species","name accepted","bfo-8636",,,"Spigelia beyrichiana Cham. & Schltdl.","Spigelia","Loganiaceae","high","Spigelia beyrichiana"
"speciesLink","UEC","58810","Stigmatopteris caudata","Plantae","Dryopteridaceae","Stigmatopteris","1991","12","04","Brazil","São Paulo","Ilhabela","Parque Estadual de Ilhabela","23719","UNICAMP","Pteridophyta","S","2","caudata","Salino, A","-45.349998","-23.77","2024-11-25T11:37:19","(Raddi) C.Chr.Vareschi","Salino, A",,,,"0","0","<nO>Terrestre, junto à estrada.; Em mata pluvial atlântica.</nO>","1991","1206","UEC067030",,,,,,,,,,,"SPLINK","Ilhabela","1991-NA-NA",,,,,,,,,,,,,,,,,,"UEC",,"Salino, A.","1206","1991","Salino, A.","1991",,"Salino",,"brazil","sao paulo","ilhabela","parque estadual de ilhabela",,"locality","brazil_sao paulo_ilhabela","brazil_sao paulo_ilhabela",-23.85166951,-45.32677547,"county",,,,,,,,,,,,,,,,,,,,,,,,,,,,,,,,,,,,,,,,,,,,,,,,,,,,,,,,,,,,,,,,,,,,,,,,,,,,,,,,,,,,"check_local.2municip.","Stigmatopteris caudata","(Raddi) C.Chr.","possibly_ok","Dryopteridaceae","Stigmatopteris caudata","(Raddi) C.Chr.","species","author misspelled","bfo-91144",,,"Stigmatopteris caudata (Raddi) C.Chr.","Stigmatopteris","Dryopteridaceae","high","Stigmatopteris caudata"
"speciesLink","SPF","110802","Stylogyne pauciflora","Plantae","Primulaceae","Stylogyne","1995","08","23","Brasil","São Paulo","Ilhabela","Parque Estadual de Ilhabela","23719","USP",,"PreservedSpecimen","7","pauciflora","Proença, SL","-45.349998","-23.77","2023-12-20T16:07:08","Mez","Carrijo, TT",,,,"0","0",,"2010","86","SPF00110802",,,,,,,,,,,"SPLINK","Ilhabela","2010-NA-NA",,,,,,,,,,,,,,,,,,"SPF",,"Proenca, S.L.","86","1995","Carrijo, T.T.","2010",,"Proenca",,"brazil","sao paulo","ilhabela","parque estadual de ilhabela",,"locality","brazil_sao paulo_ilhabela","brazil_sao paulo_ilhabela",-23.85166951,-45.32677547,"county",,,,,,,,,,,,,,,,,,,,,,,,,,,,,,,,,,,,,,,,,,,,,,,,,,,,,,,,,,,,,,,,,,,,,,,,,,,,,,,,,,,,"check_local.2municip.","Stylogyne pauciflora","Mez","possibly_ok","Primulaceae","Stylogyne pauciflora","Mez","species","name accepted","bfo-10251",,,"Stylogyne pauciflora Mez","Stylogyne","Primulaceae","high","Stylogyne pauciflora"
"speciesLink","UEC","58834","Tectaria incisa","Plantae","Tectariaceae","Tectaria","1991","12","04","Brazil","São Paulo","Ilhabela","Parque Estadual de Ilhabela","23719","UNICAMP","Pteridophyta","S","2","incisa","Salino, A","-45.349998","-23.77","2024-11-25T11:37:37","Cav.","Salino, A",,,,"0","0","<nO>Terrestre, junto a estrada, em mata pluvial atlântica.</nO>","1991","1208","UEC067015",,,,,,,,,,,"SPLINK","Ilhabela","1991-NA-NA",,,,,,,,,,,,,,,,,,"UEC",,"Salino, A.","1208","1991","Salino, A.","1991",,"Salino",,"brazil","sao paulo","ilhabela","parque estadual de ilhabela",,"locality","brazil_sao paulo_ilhabela","brazil_sao paulo_ilhabela",-23.85166951,-45.32677547,"county",,,,,,,,,,,,,,,,,,,,,,,,,,,,,,,,,,,,,,,,,,,,,,,,,,,,,,,,,,,,,,,,,,,,,,,,,,,,,,,,,,,,"check_local.2municip.","Tectaria incisa","Cav.","possibly_ok","Tectariaceae","Tectaria incisa","Cav.","species","name accepted","bfo-92130",,,"Tectaria incisa Cav.","Tectaria","Tectariaceae","low","Tectaria incisa"
"speciesLink","UFP","32999","Tradescantia fluminensis","Plantae","Commelinaceae","Tradescantia","1995","08","23","Brasil","São Paulo","IlhaBela","Parque Estadual de Ilhabela","23719","UFPE",,"PreservedSpecimen","155","fluminensis","Rapini, A; Proença, SL; Kirizawa, M","-45.349998","-23.77","2021-04-26T11:30:29","Vell.","Kirizawa, M",,,"Commelinales","0","0","<nO>Erva, corola branca.; Trilha da Água Branca.</nO>",,"48","UFP032999",,,,,,,,,,,"SPLINK","IlhaBela",,,,,,,,,,,,,,,,,,,"UFP",,"Rapini, A.","48","1995","Kirizawa, M.","n.d.","Proenca, S.L.; Kirizawa, M.","Rapini",,"brazil","sao paulo","ilhabela","parque estadual de ilhabela",,"locality","brazil_sao paulo_ilhabela","brazil_sao paulo_ilhabela",-23.85166951,-45.32677547,"county",,,,,,,,,,,,,,,,,,,,,,,,,,,,,,,,,,,,,,,,,,,,,,,,,,,,,,,,,,,,,,,,,,,,,,,,,,,,,,,,,,,,"check_local.2municip.","Tradescantia fluminensis","Vell.","possibly_ok","Commelinaceae","Tradescantia fluminensis","Vell.","species","name accepted","bfo-126857",,,"Tradescantia fluminensis Vell.","Tradescantia","Commelinaceae","low","Tradescantia fluminensis"
"speciesLink","SP","285612","Tradescantia umbraculifera","Plantae","Commelinaceae","Tradescantia","1995","08","23","Brasil","São Paulo","Ilhabela","Parque Estadual de Ilhabela, Trilha da Água Branca","23719","IBt",,"PreservedSpecimen","1","umbraculifera","Rapini, A; Proença, SL; Kirizawa, M","-45.349998","-23.77","2021-12-09T11:03:26","Hand.-Mazz.","Pellegrini, MOO",,,,"0","0",,"2015","48",,"06","15",,,,,,,,,"SPLINK","Ilhabela","2015-06-15",,,,,,,,,,,,,,,,,,"SP",,"Rapini, A.","48","1995","Pellegrini, M.O.O.","2015","Proenca, S.L.; Kirizawa, M.","Rapini",,"brazil","sao paulo","ilhabela","parque estadual de ilhabela",,"locality","brazil_sao paulo_ilhabela","brazil_sao paulo_ilhabela",-23.85166951,-45.32677547,"county",,,,,,,,,,,,,,,,,,,,,,,,,,,,,,,,,,,,,,,,,,,,,,,,,,,,,,,,,,,,,,,,,,,,,,,,,,,,,,,,,,,,"check_local.2municip.","Tradescantia umbraculifera","Hand.-Mazz.","possibly_ok","Commelinaceae","Tradescantia umbraculifera","Hand.-Mazz.","species","name accepted","bfo-126858",,,"Tradescantia umbraculifera Hand.-Mazz.","Tradescantia","Commelinaceae","low","Tradescantia umbraculifera"
"speciesLink","SP","335066","Trema micrantha","Plantae","Cannabaceae","Trema","1998","12","15","Brasil","São Paulo","Ilhabela","Parque Estadual de Ilhabela, região dos Três Tombos, cachoeira do 2° tombo","23719","IBt",,"PreservedSpecimen","1","micrantha","Baitello, JB; et al.","-45.349998","-23.77","2022-08-12T10:30:13","(L.) Blume","Pastore, JA",,,,"0","0",,"1999","849",,"02","22",,,,,,,,,"SPLINK","Ilhabela","1999-02-22",,,,,,,,,,,,,,,,,,"SP",,"Baitello, J.B.","849","1998","Pastore, J.A.","1999",,"Baitello",,"brazil","sao paulo","ilhabela","parque estadual de ilhabela",,"locality","brazil_sao paulo_ilhabela","brazil_sao paulo_ilhabela",-23.85166951,-45.32677547,"county",,,,,,,,,,,,,,,,,,,,,,,,,,,,,,,,,,,,,,,,,,,,,,,,,,,,,,,,,,,,,,,,,,,,,,,,,,,,,,,,,,,,"check_local.2municip.","Trema micranthum","(L.) Blume","possibly_ok","Cannabaceae","Trema micranthum","(L.) Blume","species","replaced orth. variant","bfo-106894","Trema micranthum","(L.) Blume","Trema micranthum (L.) Blume","Trema","Cannabaceae","low","Trema micranthum"
"speciesLink","UEC","74672","Triumfetta semitriloba","Plantae","Tiliaceae","Triumfetta","1995","08","23","Brazil","São Paulo","Ilhabela","Parque Estadual de Ilhabela","23719","UNICAMP","Magnoliopsida","S","2","semitriloba","Proença, SL; Rapini, A; Kirizawa, M; Ferreira, C","-45.349998","-23.77","2025-04-07T11:05:36","Jacq.","Souza, BM",,,,"0","0","<nO>Arbusto, frutos espinhosos.</nO>","1997","91",,"07","29",,,,,,,,,"SPLINK","Ilhabela","1997-07-29",,,,,,,,,,,,,,,,,,"UEC",,"Proenca, S.L.","91","1995","Souza, B.M.","1997","Rapini, A.; Kirizawa, M.; Ferreira, C.","Proenca",,"brazil","sao paulo","ilhabela","parque estadual de ilhabela",,"locality","brazil_sao paulo_ilhabela","brazil_sao paulo_ilhabela",-23.85166951,-45.32677547,"county",,,,,,,,,,,,,,,,,,,,,,,,,,,,,,,,,,,,,,,,,,,,,,,,,,,,,,,,,,,,,,,,,,,,,,,,,,,,,,,,,,,,"check_local.2municip.","Triumfetta semitriloba","Jacq.","possibly_ok","Malvaceae","Triumfetta semitriloba","Jacq.","species","name accepted","bfo-9267",,,"Triumfetta semitriloba Jacq.","Triumfetta","Malvaceae","high","Triumfetta semitriloba"
