"","UC","Grupos","Família","Gênero","Espécie","Autor","Táxon_completo","Barcode","BD_Origem","Herbário","Coletor","Número_da_Coleta","Origem_FFBr","ConfiançaID","Localidade","Já listada"
"8","ESTAÇÃO ECOLÓGICA DE AVARÉ","Angiosperms","Poaceae","Andropogon","selloanus","(Hack.) Hack.","POACEAE Andropogon selloanus (Hack.) Hack.","NY00604884","SPLINK","NY","Clayton, W.D.","4527","Native","Ouro","8 km N of Avaré: Horto Florestal","Não"
"10","ESTAÇÃO ECOLÓGICA DE AVARÉ","Angiosperms","Asteraceae","Baccharis","dracunculifolia","DC.","ASTERACEAE Baccharis dracunculifolia DC.","SPSF00048605","SPLINK","SPSF","Baitello, J.B.","2610","Native","Ouro","Estação Ecológica de Avaré","Não"
"22","ESTAÇÃO ECOLÓGICA DE AVARÉ","Angiosperms","Asteraceae","Chromolaena","pungens","(Gardner) R.M.King & H.Rob.","ASTERACEAE Chromolaena pungens (Gardner) R.M.King & H.Rob.","SPSF00048600","SPLINK","SPSF","Baitello, J.B.","2605","Native","Ouro","Estação Ecológica de Avaré","Não"
"23","ESTAÇÃO ECOLÓGICA DE AVARÉ","Angiosperms","Asteraceae","Chromolaena","squalida","(DC.) R.M.King & H.Rob.","ASTERACEAE Chromolaena squalida (DC.) R.M.King & H.Rob.","SPSF00048609","SPLINK","SPSF","Baitello, J.B.","2614","Native","Ouro","Estação Ecológica de Avaré","Não"
"35","ESTAÇÃO ECOLÓGICA DE AVARÉ","Angiosperms","Poaceae","Digitaria","insularis","(L.) Fedde","POACEAE Digitaria insularis (L.) Fedde","81902","SPLINK","SP","Clayton, W.D.","4525","Naturalized","Ouro","Horto Florestal in city of Avaré.","Não"
"38","ESTAÇÃO ECOLÓGICA DE AVARÉ","Angiosperms","Asteraceae","Elephantopus","biflorus","(Less.) Sch.Bip.","ASTERACEAE Elephantopus biflorus (Less.) Sch.Bip.","SPSF00048602","SPLINK","SPSF","Baitello, J.B.","2607","Native","Ouro","Estação Ecológica de Avaré","Não"
"40","ESTAÇÃO ECOLÓGICA DE AVARÉ","Angiosperms","Asteraceae","Erechtites","valerianifolius","(Link ex Spreng.) DC.","ASTERACEAE Erechtites valerianifolius (Link ex Spreng.) DC.","SPSF00048859","SPLINK","SPSF","Baitello, J.B.","2661","Native","Ouro","Estação Ecológica de Avaré","Não"
"43","ESTAÇÃO ECOLÓGICA DE AVARÉ","Angiosperms","Myrtaceae","Eugenia","aurata","O.Berg","MYRTACEAE Eugenia aurata O.Berg","SPSF00048811","SPLINK","SPSF","Cielo Filho, R.","1434","Native","Ouro","Estação Ecológica de Avaré","Não"
"45","ESTAÇÃO ECOLÓGICA DE AVARÉ","Angiosperms","Myrtaceae","Eugenia","punicifolia","(Kunth) DC.","MYRTACEAE Eugenia punicifolia (Kunth) DC.","SPSF00048855","SPLINK","SPSF","Arzolla, F.A.R.D.P.","1700","Native","Ouro","Estação Ecológica de Avaré","Não"
"46","ESTAÇÃO ECOLÓGICA DE AVARÉ","Angiosperms","Myrtaceae","Eugenia","pyriformis","Cambess.","MYRTACEAE Eugenia pyriformis Cambess.","SPSF00048857","SPLINK","SPSF","Arzolla, F.A.R.D.P.","1702","Native","Ouro","Estação Ecológica de Avaré","Não"
"47","ESTAÇÃO ECOLÓGICA DE AVARÉ","Angiosperms","Myrtaceae","Eugenia","sellowiana","DC.","MYRTACEAE Eugenia sellowiana DC.","SPSF00048853","SPLINK","SPSF","Arzolla, F.A.R.D.P.","1698","Native","Ouro","Estação Ecológica de Avaré","Não"
"50","ESTAÇÃO ECOLÓGICA DE AVARÉ","Angiosperms","Orchidaceae","Galeandra","montana","Barb.Rodr.","ORCHIDACEAE Galeandra montana Barb.Rodr.","SPSF00048826","SPLINK","SPSF","Arzolla, F.A.R.D.P.","1663","Native","Ouro","Estação Ecológica de Avaré","Não"
"64","ESTAÇÃO ECOLÓGICA DE AVARÉ","Angiosperms","Melastomataceae","Miconia","ligustroides","(DC.) Naudin","MELASTOMATACEAE Miconia ligustroides (DC.) Naudin","UPCB0046547","SPLINK","UPCB","Valerio, Z.","512","Native","Ouro","Estação Ecológica de Avaré.","Sim"
"66","ESTAÇÃO ECOLÓGICA DE AVARÉ","Angiosperms","Asteraceae","Mikania","cordifolia","(L.f.) Willd.","ASTERACEAE Mikania cordifolia (L.f.) Willd.","SPSF00048596","SPLINK","SPSF","Baitello, J.B.","2601","Native","Ouro","Estação Ecológica de Avaré","Não"
"72","ESTAÇÃO ECOLÓGICA DE AVARÉ","Angiosperms","Asteraceae","Moquiniastrum","barrosoae","(Cabrera) G. Sancho","ASTERACEAE Moquiniastrum barrosoae (Cabrera) G. Sancho","SPSF00048794","SPLINK","SPSF","Baitello, J.B.","2640","Native","Ouro","Estação Ecológica de Avaré","Não"
"73","ESTAÇÃO ECOLÓGICA DE AVARÉ","Angiosperms","Myrtaceae","Myrcia","albotomentosa","DC.","MYRTACEAE Myrcia albotomentosa DC.","SPSF00048848","SPLINK","SPSF","Arzolla, F.A.R.D.P.","1693","Native","Ouro","Estação Ecológica de Avaré","Não"
"74","ESTAÇÃO ECOLÓGICA DE AVARÉ","Angiosperms","Myrtaceae","Myrcia","multiflora","(Lam.) DC.","MYRTACEAE Myrcia multiflora (Lam.) DC.","SPSF00044007","SPLINK","SPSF","Arzolla, F.A.R.D.P.","1470","Native","Ouro","Estação Ecológica de Avaré","Não"
"75","ESTAÇÃO ECOLÓGICA DE AVARÉ","Angiosperms","Myrtaceae","Myrcia","rufipes","DC.","MYRTACEAE Myrcia rufipes DC.","HUFABC003149","SPLINK","HUFABC","Arzolla, F.A.R.D.P.","1542","Native","Ouro","Estação Ecológica de Avaré","Não"
"77","ESTAÇÃO ECOLÓGICA DE AVARÉ","Angiosperms","Myrtaceae","Myrciaria","delicatula","(DC.) O.Berg","MYRTACEAE Myrciaria delicatula (DC.) O.Berg","SPSF00048852","SPLINK","SPSF","Arzolla, F.A.R.D.P.","1697","Native","Ouro","Estação Ecológica de Avaré","Não"
"78","ESTAÇÃO ECOLÓGICA DE AVARÉ","Angiosperms","Lauraceae","Nectandra","grandiflora","Nees & Mart","LAURACEAE Nectandra grandiflora Nees & Mart","SPSF00048796","SPLINK","SPSF","Baitello, J.B.","2642","Native","Ouro","Estação Ecológica de Avaré","Não"
"79","ESTAÇÃO ECOLÓGICA DE AVARÉ","Angiosperms","Lauraceae","Nectandra","lanceolata","Nees","LAURACEAE Nectandra lanceolata Nees","SPSF00044019","SPLINK","SPSF","Arzolla, F.A.R.D.P.","1482","Native","Ouro","Estação Ecológica de Avaré","Não"
"80","ESTAÇÃO ECOLÓGICA DE AVARÉ","Angiosperms","Lauraceae","Ocotea","corymbosa","(Meisn.) Mez","LAURACEAE Ocotea corymbosa (Meisn.) Mez","SPSF00048809","SPLINK","SPSF","Cielo Filho, R.","1432","Native","Ouro","Estação Ecológica de Avaré","Sim"
"86","ESTAÇÃO ECOLÓGICA DE AVARÉ","Angiosperms","Poaceae","Panicum","campestre","Nees ex Trin.","POACEAE Panicum campestre Nees ex Trin.","NY00652024","SPLINK","NY","Clayton, W.D.","4526","Native","Ouro","8 km N of Avaré: Horto Florestal","Sim"
"90","ESTAÇÃO ECOLÓGICA DE AVARÉ","Angiosperms","Peraceae","Pera","glabrata","(Schott) Baill.","PERACEAE Pera glabrata (Schott) Baill.","SPSF00048797","SPLINK","SPSF","Baitello, J.B.","2643","Native","Ouro","Estação Ecológica de Avaré","Sim"
"96","ESTAÇÃO ECOLÓGICA DE AVARÉ","Angiosperms","Asteraceae","Praxelis","clematidea","(Griseb.) R.M.King & H.Rob.","ASTERACEAE Praxelis clematidea (Griseb.) R.M.King & H.Rob.","SPSF00048612","SPLINK","SPSF","Baitello, J.B.","2617","Native","Ouro","Estação Ecológica de Avaré","Não"
"97","ESTAÇÃO ECOLÓGICA DE AVARÉ","Angiosperms","Myrtaceae","Psidium","grandifolium","Mart. ex DC.","MYRTACEAE Psidium grandifolium Mart. ex DC.","SPSF00048851","SPLINK","SPSF","Arzolla, F.A.R.D.P.","1696","Native","Ouro","Estação Ecológica de Avaré","Sim"
"98","ESTAÇÃO ECOLÓGICA DE AVARÉ","Angiosperms","Asteraceae","Pterocaulon","alopecuroides","(Lam.) DC.","ASTERACEAE Pterocaulon alopecuroides (Lam.) DC.","SPSF00048601","SPLINK","SPSF","Baitello, J.B.","2606","Native","Ouro","Estação Ecológica de Avaré","Não"
"99","ESTAÇÃO ECOLÓGICA DE AVARÉ","Angiosperms","Asteraceae","Pterocaulon","lanatum","Kuntze","ASTERACEAE Pterocaulon lanatum Kuntze","SPSF00048611","SPLINK","SPSF","Baitello, J.B.","2616","Native","Ouro","Estação Ecológica de Avaré","Não"
"100","ESTAÇÃO ECOLÓGICA DE AVARÉ","Angiosperms","Asteraceae","Pterocaulon","rugosum","(Vahl) Malme","ASTERACEAE Pterocaulon rugosum (Vahl) Malme","SPSF00048807","SPLINK","SPSF","Cielo Filho, R.","1430","Native","Ouro","Estação Ecológica de Avaré","Não"
"116","ESTAÇÃO ECOLÓGICA DE AVARÉ","Angiosperms","Poaceae","Sporobolus","indicus","(L.) R.Br.","POACEAE Sporobolus indicus (L.) R.Br.","81903","SPLINK","SP","Clayton, W.D.","4524","Native","Ouro","Horto Florestal in city of Avaré.","Não"
"123","ESTAÇÃO ECOLÓGICA DE AVARÉ","Angiosperms","Asteraceae","Vernonanthura",,"H.Rob.","ASTERACEAE Vernonanthura H.Rob.","SPSF00048606","SPLINK","SPSF","Baitello, J.B.","2611",,"Ouro","Estação Ecológica de Avaré","Não"
"124","ESTAÇÃO ECOLÓGICA DE AVARÉ","Angiosperms","Asteraceae","Vernonia",,"Schreb.","ASTERACEAE Vernonia Schreb.","SPSF00048597","SPLINK","SPSF","Baitello, J.B.","2602",,"Ouro","Estação Ecológica de Avaré","Não"
"3","ESTAÇÃO ECOLÓGICA DE AVARÉ","Angiosperms","Lamiaceae","Aegiphila","verticillata","Vell.","LAMIACEAE Aegiphila verticillata Vell.","SPSF00048714","SPLINK","SPSF","Baitello, J.B.","2624","Native","Prata","Estação Ecológica de Avaré","Sim"
"12","ESTAÇÃO ECOLÓGICA DE AVARÉ","Angiosperms","Fabaceae","Bauhinia","holophylla","(Bong.) Steud.","FABACEAE Bauhinia holophylla (Bong.) Steud.","SPSF00048723","SPLINK","SPSF","Baitello, J.B.","2633","Native","Prata","Estação Ecológica de Avaré","Não"
"14","ESTAÇÃO ECOLÓGICA DE AVARÉ","Angiosperms","Rubiaceae","Borreria","verticillata","(L.) G.Mey.","RUBIACEAE Borreria verticillata (L.) G.Mey.","SPSF00048821","SPLINK","SPSF","Baitello, J.B.","2658","Native","Prata","Estação Ecológica de Avaré","Sim"
"30","ESTAÇÃO ECOLÓGICA DE AVARÉ","Angiosperms","Lamiaceae","Cyanocephalus",,"(Pohl ex Benth.) Harley & J.F.B.Pastore","LAMIACEAE Cyanocephalus (Pohl ex Benth.) Harley & J.F.B.Pastore","SPSF00048805","SPLINK","SPSF","Cielo Filho, R.","1428",,"Prata","Estação Ecológica de Avaré","Não"
"31","ESTAÇÃO ECOLÓGICA DE AVARÉ","Angiosperms","Fabaceae","Dalbergia","miscolobium","Benth.","FABACEAE Dalbergia miscolobium Benth.","SPSF00039772","SPLINK","SPSF","Aoki, H.",,"Native","Prata","próximo do Horto Florestal","Sim"
"52","ESTAÇÃO ECOLÓGICA DE AVARÉ","Angiosperms","Lamiaceae","Hyptis","campestris","Harley & J.F.B.Pastore","LAMIACEAE Hyptis campestris Harley & J.F.B.Pastore","SPSF00048768","SPLINK","SPSF","Cielo Filho, R.","1394","Native","Prata","Estação Ecológica de Avaré","Não"
"57","ESTAÇÃO ECOLÓGICA DE AVARÉ","Angiosperms","Verbenaceae","Lippia","origanoides","Kunth","VERBENACEAE Lippia origanoides Kunth","SPSF00048820","SPLINK","SPSF","Baitello, J.B.","2657","Native","Prata","Estação Ecológica de Avaré","Sim"
"62","ESTAÇÃO ECOLÓGICA DE AVARÉ","Angiosperms","Melastomataceae","Miconia","albicans","(Sw.) Steud.","MELASTOMATACEAE Miconia albicans (Sw.) Steud.","SPSF00048755","SPLINK","SPSF","Arzolla, F.A.R.D.P.","1673","Native","Prata","Estação Ecológica de Avaré","Não"
"68","ESTAÇÃO ECOLÓGICA DE AVARÉ","Angiosperms","Fabaceae","Mimosa","dolens","Vell.","FABACEAE Mimosa dolens Vell.","SPSF00048760","SPLINK","SPSF","Arzolla, F.A.R.D.P.","1678","Native","Prata","Estação Ecológica de Avaré","Não"
"103","ESTAÇÃO ECOLÓGICA DE AVARÉ","Angiosperms","Proteaceae","Roupala","montana","Aubl.","PROTEACEAE Roupala montana Aubl.","SPSF00048773","SPLINK","SPSF","Cielo Filho, R.","1399","Native","Prata","Estação Ecológica de Avaré","Sim"
"106","ESTAÇÃO ECOLÓGICA DE AVARÉ","Angiosperms","Sapindaceae","Serjania",,"Mill.","SAPINDACEAE Serjania Mill.","SPSF00048803","SPLINK","SPSF","Baitello, J.B.","2649",,"Prata","Estação Ecológica de Avaré","Não"
"113","ESTAÇÃO ECOLÓGICA DE AVARÉ","Angiosperms","Smilacaceae","Smilax","polyantha","Griseb.","SMILACACEAE Smilax polyantha Griseb.","SPSF00048778","SPLINK","SPSF","Cielo Filho, R.","1404","Native","Prata","Estação Ecológica de Avaré","Sim"
"114","ESTAÇÃO ECOLÓGICA DE AVARÉ","Angiosperms","Solanaceae","Solanum","lycocarpum","A.St.-Hil.","SOLANACEAE Solanum lycocarpum A.St.-Hil.","SPSF00048779","SPLINK","SPSF","Cielo Filho, R.","1405","Native","Prata","Estação Ecológica de Avaré","Sim"
"119","ESTAÇÃO ECOLÓGICA DE AVARÉ","Angiosperms","Fabaceae","Stryphnodendron","rotundifolium","Mart.","FABACEAE Stryphnodendron rotundifolium Mart.","SPSF00048786","SPLINK","SPSF","Cielo Filho, R.","1412","Native","Prata","Estação Ecológica de Avaré","Sim"
"121","ESTAÇÃO ECOLÓGICA DE AVARÉ","Angiosperms","Malvaceae","Triumfetta","semitriloba","Jacq.","MALVACEAE Triumfetta semitriloba Jacq.","SPSF00048827","SPLINK","SPSF","Arzolla, F.A.R.D.P.","1681","Native","Prata","Estação Ecológica de Avaré","Não"
"1","ESTAÇÃO ECOLÓGICA DE AVARÉ","Angiosperms","Asteraceae","Acanthospermum","australe","(Loefl.) Kuntze","ASTERACEAE Acanthospermum australe (Loefl.) Kuntze","SPSF00048709","SPLINK","SPSF","Baitello, J.B.","2619","Native","Bronze","Estação Ecológica de Avaré","Sim"
"2","ESTAÇÃO ECOLÓGICA DE AVARÉ","Angiosperms","Asteraceae","Achyrocline","satureioides","(Lam.) DC.","ASTERACEAE Achyrocline satureioides (Lam.) DC.","SPSF00048711","SPLINK","SPSF","Baitello, J.B.","2621","Native","Bronze","Estação Ecológica de Avaré","Sim"
"4","ESTAÇÃO ECOLÓGICA DE AVARÉ","Angiosperms","Arecaceae","Allagoptera","campestris","(Mart.) Kuntze","ARECACEAE Allagoptera campestris (Mart.) Kuntze","SPSF00048810","SPLINK","SPSF","Cielo Filho","1433","Native","Bronze","Estação Ecológica de Avaré","Não"
"5","ESTAÇÃO ECOLÓGICA DE AVARÉ","Angiosperms","Rubiaceae","Amaioua","intermedia","Mart. ex Schult. & Schult.f.","RUBIACEAE Amaioua intermedia Mart. ex Schult. & Schult.f.","SPSF00048717","SPLINK","SPSF","Baitello, J.B.","2627","Native","Bronze","Estação Ecológica de Avaré","Sim"
"6","ESTAÇÃO ECOLÓGICA DE AVARÉ","Angiosperms","Fabaceae","Andira","humilis","Mart. ex Benth.","FABACEAE Andira humilis Mart. ex Benth.","SPSF00048824","SPLINK","SPSF","Baitello, J.B.","2660","Native","Bronze","Estação Ecológica de Avaré","Sim"
"7","ESTAÇÃO ECOLÓGICA DE AVARÉ","Angiosperms","Poaceae","Andropogon","bicornis","L.","POACEAE Andropogon bicornis L.","SPSF00048828","SPLINK","SPSF","Cielo Filho, R.","1420","Native","Bronze","Estação Ecológica de Avaré","Não"
"9","ESTAÇÃO ECOLÓGICA DE AVARÉ","Angiosperms","Bignoniaceae","Anemopaegma","arvense","(Vell.) Stellfeld ex de Souza","BIGNONIACEAE Anemopaegma arvense (Vell.) Stellfeld ex de Souza","SPSF00048719","SPLINK","SPSF","Baitello, J.B.","2629","Native","Bronze","Estação Ecológica de Avaré","Sim"
"11","ESTAÇÃO ECOLÓGICA DE AVARÉ","Angiosperms","Malpighiaceae","Banisteriopsis","campestris","(A.Juss.) Little","MALPIGHIACEAE Banisteriopsis campestris (A.Juss.) Little","SPSF00048720","SPLINK","SPSF","Baitello, J.B.","2630","Native","Bronze","Estação Ecológica de Avaré","Sim"
"13","ESTAÇÃO ECOLÓGICA DE AVARÉ","Angiosperms","Asteraceae","Bidens","subalternans","DC.","ASTERACEAE Bidens subalternans DC.","SPSF00048843","SPLINK","SPSF","Arzolla, F.A.R.D.P.","1688","Native","Bronze","Estação Ecológica de Avaré","Não"
"15","ESTAÇÃO ECOLÓGICA DE AVARÉ","Angiosperms","Malpighiaceae","Byrsonima","crassifolia","(L.) Kunth","MALPIGHIACEAE Byrsonima crassifolia (L.) Kunth","SPSF00048727","SPLINK","SPSF","Baitello, J.B.","2637","Native","Bronze","Estação Ecológica de Avaré","Sim"
"16","ESTAÇÃO ECOLÓGICA DE AVARÉ","Angiosperms","Malpighiaceae","Byrsonima","intermedia","A.Juss.","MALPIGHIACEAE Byrsonima intermedia A.Juss.","SPSF00048729","SPLINK","SPSF","Arzolla, F.A.R.D.P.","1644","Native","Bronze","Estação Ecológica de Avaré","Sim"
"17","ESTAÇÃO ECOLÓGICA DE AVARÉ","Angiosperms","Caryocaraceae","Caryocar","brasiliense","Cambess.","CARYOCARACEAE Caryocar brasiliense Cambess.","SPSF00048730","SPLINK","SPSF","Arzolla, F.A.R.D.P.","1645","Native","Bronze","Estação Ecológica de Avaré","Sim"
"18","ESTAÇÃO ECOLÓGICA DE AVARÉ","Angiosperms","Cucurbitaceae","Cayaponia","espelina","(Silva Manso) Cogn.","CUCURBITACEAE Cayaponia espelina (Silva Manso) Cogn.","SPSF00048804","SPLINK","SPSF","Cielo Filho, R.","1427","Native","Bronze","Estação Ecológica de Avaré","Sim"
"19","ESTAÇÃO ECOLÓGICA DE AVARÉ","Angiosperms","Fabaceae","Chamaecrista","desvauxii","(Collad.) Killip","FABACEAE Chamaecrista desvauxii (Collad.) Killip","SPSF00048732","SPLINK","SPSF","Arzolla, F.A.R.D.P.","1647","Native","Bronze","Estação Ecológica de Avaré","Sim"
"20","ESTAÇÃO ECOLÓGICA DE AVARÉ","Angiosperms","Fabaceae","Chamaecrista","desvauxii","(Collad.) Killip","FABACEAE Chamaecrista desvauxii var. desvauxii (Collad.) Killip","SPSF00048733","SPLINK","SPSF","Arzolla, F.A.R.D.P.","1648","Native","Bronze","Estação Ecológica de Avaré","Não"
"24","ESTAÇÃO ECOLÓGICA DE AVARÉ","Angiosperms","Ranunculaceae","Clematis","brasiliana","DC.","RANUNCULACEAE Clematis brasiliana DC.","SPSF00048841","SPLINK","SPSF","Arzolla, F.A.R.D.P.","1686","Native","Bronze","Estação Ecológica de Avaré","Não"
"25","ESTAÇÃO ECOLÓGICA DE AVARÉ","Angiosperms","Fabaceae","Clitoria","densiflora","(Benth.) Benth.","FABACEAE Clitoria densiflora (Benth.) Benth.","SPSF00048734","SPLINK","SPSF","Arzolla, F.A.R.D.P.","1649","Native","Bronze","Estação Ecológica de Avaré","Sim"
"26","ESTAÇÃO ECOLÓGICA DE AVARÉ","Angiosperms","Commelinaceae","Commelina","obliqua","Vahl","COMMELINACEAE Commelina obliqua Vahl","SPSF00048735","SPLINK","SPSF","Arzolla, F.A.R.D.P.","1650","Native","Bronze","Estação Ecológica de Avaré","Sim"
"27","ESTAÇÃO ECOLÓGICA DE AVARÉ","Angiosperms","Cordiaceae","Cordia","sellowiana","Cham.","CORDIACEAE Cordia sellowiana Cham.","SPSF00048795","SPLINK","SPSF","Baitello, J.B.","2641","Native","Bronze","Estação Ecológica de Avaré","Não"
"28","ESTAÇÃO ECOLÓGICA DE AVARÉ","Angiosperms","Rubiaceae","Cordiera","sessilis","(Vell.) Kuntze","RUBIACEAE Cordiera sessilis (Vell.) Kuntze","SPSF00048716","SPLINK","SPSF","Baitello, J.B.","2626","Native","Bronze","Estação Ecológica de Avaré","Sim"
"29","ESTAÇÃO ECOLÓGICA DE AVARÉ","Angiosperms","Fabaceae","Crotalaria","micans","Link","FABACEAE Crotalaria micans Link","SPSF00048736","SPLINK","SPSF","Arzolla, F.A.R.D.P.","1651","Native","Bronze","Estação Ecológica de Avaré","Sim"
"32","ESTAÇÃO ECOLÓGICA DE AVARÉ","Angiosperms","Dilleniaceae","Davilla","rugosa","Poir.","DILLENIACEAE Davilla rugosa Poir.","SPSF00048740","SPLINK","SPSF","Arzolla, F.A.R.D.P.","1655","Native","Bronze","Estação Ecológica de Avaré","Sim"
"33","ESTAÇÃO ECOLÓGICA DE AVARÉ","Angiosperms","Rubiaceae","Declieuxia","cordigera","Mart. & Zucc. ex Schult. & Schult.f.","RUBIACEAE Declieuxia cordigera Mart. & Zucc. ex Schult. & Schult.f.","SPSF00048741","SPLINK","SPSF","Arzolla, F.A.R.D.P.","1656","Native","Bronze","Estação Ecológica de Avaré","Sim"
"36","ESTAÇÃO ECOLÓGICA DE AVARÉ","Angiosperms","Convolvulaceae","Distimake","digitatus","(Spreng.) A.R. Simões & Staples","CONVOLVULACEAE Distimake digitatus (Spreng.) A.R. Simões & Staples","SPSF00048839","SPLINK","SPSF","Arzolla, F.A.R.D.P.","1684","Native","Bronze","Estação Ecológica de Avaré","Não"
"37","ESTAÇÃO ECOLÓGICA DE AVARÉ","Angiosperms","Annonaceae","Duguetia","furfuracea","(A.St.-Hil.) Saff.","ANNONACEAE Duguetia furfuracea (A.St.-Hil.) Saff.","SPSF00048742","SPLINK","SPSF","Arzolla, F.A.R.D.P.","1657","Native","Bronze","Estação Ecológica de Avaré","Sim"
"39","ESTAÇÃO ECOLÓGICA DE AVARÉ","Angiosperms","Asteraceae","Emilia","fosbergii","Nicolson","ASTERACEAE Emilia fosbergii Nicolson","SPSF00048743","SPLINK","SPSF","Arzolla, F.A.R.D.P.","1658","Naturalized","Bronze","Estação Ecológica de Avaré","Sim"
"41","ESTAÇÃO ECOLÓGICA DE AVARÉ","Angiosperms","Erythroxylaceae","Erythroxylum","campestre","A.St.-Hil.","ERYTHROXYLACEAE Erythroxylum campestre A.St.-Hil.","SPSF00048744","SPLINK","SPSF","Arzolla, F.A.R.D.P.","1659","Native","Bronze","Estação Ecológica de Avaré","Sim"
"42","ESTAÇÃO ECOLÓGICA DE AVARÉ","Angiosperms","Erythroxylaceae","Erythroxylum","suberosum","A.St.-Hil.","ERYTHROXYLACEAE Erythroxylum suberosum A.St.-Hil.","SPSF00048745","SPLINK","SPSF","Arzolla, F.A.R.D.P.","1660","Native","Bronze","Estação Ecológica de Avaré","Não"
"49","ESTAÇÃO ECOLÓGICA DE AVARÉ","Angiosperms","Bignoniaceae","Fridericia","speciosa","Mart.","BIGNONIACEAE Fridericia speciosa Mart.","SPSF00048747","SPLINK","SPSF","Arzolla, F.A.R.D.P.","1662","Native","Bronze","Estação Ecológica de Avaré","Sim"
"51","ESTAÇÃO ECOLÓGICA DE AVARÉ","Angiosperms","Poaceae","Gymnopogon","foliosus","(Willd.) Nees","POACEAE Gymnopogon foliosus (Willd.) Nees","SPSF00048833","SPLINK","SPSF","Cielo Filho, R.","1421","Native","Bronze","Estação Ecológica de Avaré","Não"
"53","ESTAÇÃO ECOLÓGICA DE AVARÉ","Angiosperms","Aquifoliaceae","Ilex","paraguariensis","A.St.-Hil.","AQUIFOLIACEAE Ilex paraguariensis A.St.-Hil.","SPSF00048748","SPLINK","SPSF","Arzolla, F.A.R.D.P.","1664","Native","Bronze","Estação Ecológica de Avaré","Sim"
"54","ESTAÇÃO ECOLÓGICA DE AVARÉ","Angiosperms","Bignoniaceae","Jacaranda","caroba","(Vell.) DC.","BIGNONIACEAE Jacaranda caroba (Vell.) DC.","SPSF00048749","SPLINK","SPSF","Arzolla, F.A.R.D.P.","1665","Native","Bronze","Estação Ecológica de Avaré","Sim"
"55","ESTAÇÃO ECOLÓGICA DE AVARÉ","Angiosperms","Bignoniaceae","Jacaranda","rufa","Silva Manso","BIGNONIACEAE Jacaranda rufa Silva Manso","SPSF00048823","SPLINK","SPSF","Arzolla, F.A.R.D.P.","1666","Native","Bronze","Estação Ecológica de Avaré","Sim"
"56","ESTAÇÃO ECOLÓGICA DE AVARÉ","Angiosperms","Fabaceae","Leptolobium","elegans","Vogel","FABACEAE Leptolobium elegans Vogel","SPSF00048710","SPLINK","SPSF","Baitello, J.B.","2620","Native","Bronze","Estação Ecológica de Avaré","Sim"
"58","ESTAÇÃO ECOLÓGICA DE AVARÉ","Angiosperms","Malvaceae","Luehea","grandiflora","Mart.","MALVACEAE Luehea grandiflora Mart.","SPSF00048800","SPLINK","SPSF","Baitello, J.B.","2646","Native","Bronze","Estação Ecológica de Avaré","Não"
"59","ESTAÇÃO ECOLÓGICA DE AVARÉ","Angiosperms","Fabaceae","Machaerium","acutifolium","Vogel","FABACEAE Machaerium acutifolium Vogel","SPSF00048808","SPLINK","SPSF","Cielo Filho, R.","1431","Native","Bronze","Estação Ecológica de Avaré","Não"
"60","ESTAÇÃO ECOLÓGICA DE AVARÉ","Angiosperms","Rubiaceae","Manettia","cordifolia","Mart.","RUBIACEAE Manettia cordifolia Mart.","SPSF00048752","SPLINK","SPSF","Arzolla, F.A.R.D.P.","1670","Native","Bronze","Estação Ecológica de Avaré","Sim"
"61","ESTAÇÃO ECOLÓGICA DE AVARÉ","Angiosperms","Cucurbitaceae","Melothria","campestris","(Naudin) H. Schaef. & S.S. Renner","CUCURBITACEAE Melothria campestris (Naudin) H. Schaef. & S.S. Renner","SPSF00048753","SPLINK","SPSF","Arzolla, F.A.R.D.P.","1671","Native","Bronze","Estação Ecológica de Avaré","Sim"
"63","ESTAÇÃO ECOLÓGICA DE AVARÉ","Angiosperms","Melastomataceae","Miconia","fallax","DC.","MELASTOMATACEAE Miconia fallax DC.","SPSF00048845","SPLINK","SPSF","Arzolla, F.A.R.D.P.","1690","Native","Bronze","Estação Ecológica de Avaré","Não"
"65","ESTAÇÃO ECOLÓGICA DE AVARÉ","Angiosperms","Euphorbiaceae","Microstachys","daphnoides","(Mart.) F.Dietr.","EUPHORBIACEAE Microstachys daphnoides (Mart.) F.Dietr.","SPSF00048817","SPLINK","SPSF","Baitello, J.B.","2654","Native","Bronze","Estação Ecológica de Avaré","Não"
"67","ESTAÇÃO ECOLÓGICA DE AVARÉ","Angiosperms","Fabaceae","Mimosa","debilis","Humb. & Bonpl. ex Willd.","FABACEAE Mimosa debilis Humb. & Bonpl. ex Willd.","SPSF00048757","SPLINK","SPSF","Arzolla, F.A.R.D.P.","1675","Native","Bronze","Estação Ecológica de Avaré","Não"
"70","ESTAÇÃO ECOLÓGICA DE AVARÉ","Angiosperms","Fabaceae","Mimosa","gracilis","Benth.","FABACEAE Mimosa gracilis var. gracilis Benth.","SPSF00048761","SPLINK","SPSF","Arzolla, F.A.R.D.P.","1679","Native","Bronze","Estação Ecológica de Avaré","Não"
"71","ESTAÇÃO ECOLÓGICA DE AVARÉ","Angiosperms","Fabaceae","Mimosa","xanthocentra","Mart.","FABACEAE Mimosa xanthocentra Mart.","SPSF00048762","SPLINK","SPSF","Arzolla, F.A.R.D.P.","1680","Native","Bronze","Estação Ecológica de Avaré","Sim"
"76","ESTAÇÃO ECOLÓGICA DE AVARÉ","Angiosperms","Myrtaceae","Myrcia","variabilis","DC.","MYRTACEAE Myrcia variabilis DC.","SPSF00048721","SPLINK","SPSF","Baitello, J.B.","2631","Native","Bronze","Estação Ecológica de Avaré","Sim"
"81","ESTAÇÃO ECOLÓGICA DE AVARÉ","Angiosperms","Fabaceae","Ormosia","arborea","(Vell.) Harms","FABACEAE Ormosia arborea (Vell.) Harms","SPSF00048798","SPLINK","SPSF","Baitello, J.B.","2644","Native","Bronze","Estação Ecológica de Avaré","Não"
"82","ESTAÇÃO ECOLÓGICA DE AVARÉ","Angiosperms","Ochnaceae","Ouratea","spectabilis","(Mart.) Engl.","OCHNACEAE Ouratea spectabilis (Mart.) Engl.","SPSF00044009","SPLINK","SPSF","Arzolla, F.A.R.D.P.","1472","Native","Bronze","Estação Ecológica de Avaré","Não"
"83","ESTAÇÃO ECOLÓGICA DE AVARÉ","Angiosperms","Rubiaceae","Palicourea","croceoides","Ham.","RUBIACEAE Palicourea croceoides Ham.","SPSF00048765","SPLINK","SPSF","Cielo Filho, R.","1391","Native","Bronze","Estação Ecológica de Avaré","Não"
"84","ESTAÇÃO ECOLÓGICA DE AVARÉ","Angiosperms","Rubiaceae","Palicourea","rigida","Kunth","RUBIACEAE Palicourea rigida Kunth","SPSF00048766","SPLINK","SPSF","Cielo Filho, R.","1392","Native","Bronze","Estação Ecológica de Avaré","Sim"
"85","ESTAÇÃO ECOLÓGICA DE AVARÉ","Angiosperms","Rubiaceae","Palicourea","sessilis","(Vell.) C.M.Taylor","RUBIACEAE Palicourea sessilis (Vell.) C.M.Taylor","SPSF00043949","SPLINK","SPSF","Arzolla, F.A.R.D.P.","1448","Native","Bronze","Estação Ecológica de Avaré","Não"
"87","ESTAÇÃO ECOLÓGICA DE AVARÉ","Angiosperms","Poaceae","Panicum","sellowii","Nees","POACEAE Panicum sellowii Nees","SPSF00048835","SPLINK","SPSF","Cielo Filho, R.","1423","Native","Bronze","Estação Ecológica de Avaré","Não"
"88","ESTAÇÃO ECOLÓGICA DE AVARÉ","Angiosperms","Malpighiaceae","Peixotoa","parviflora","A.Juss.","MALPIGHIACEAE Peixotoa parviflora A.Juss.","SPSF00048769","SPLINK","SPSF","Cielo Filho, R.","1395","Native","Bronze","Estação Ecológica de Avaré","Sim"
"89","ESTAÇÃO ECOLÓGICA DE AVARÉ","Angiosperms","Malvaceae","Peltaea","polymorpha","(A.St.-Hil.) Krapov. & Cristóbal","MALVACEAE Peltaea polymorpha (A.St.-Hil.) Krapov. & Cristóbal","SPSF00048767","SPLINK","SPSF","Cielo Filho, R.","1393","Native","Bronze","Estação Ecológica de Avaré","Sim"
"91","ESTAÇÃO ECOLÓGICA DE AVARÉ","Angiosperms","Celastraceae","Peritassa","campestris","(Cambess.) A.C. Sm.","CELASTRACEAE Peritassa campestris (Cambess.) A.C. Sm.","SPSF00048812","SPLINK","SPSF","Cielo Filho, R.","1435","Native","Bronze","Estação Ecológica de Avaré","Não"
"92","ESTAÇÃO ECOLÓGICA DE AVARÉ","Angiosperms","Asteraceae","Piptocarpha","rotundifolia","(Less.) Baker","ASTERACEAE Piptocarpha rotundifolia (Less.) Baker","SPSF00048771","SPLINK","SPSF","Cielo Filho, R.","1397","Native","Bronze","Estação Ecológica de Avaré","Sim"
"93","ESTAÇÃO ECOLÓGICA DE AVARÉ",,"Melastomataceae","Pleroma","pulchrum","A.St.-Hil.","MELASTOMATACEAE Pleroma pulchrum A.St.-Hil.","SPSF00048604","SPLINK","SPSF","Baitello, J.B.","2609",,"Bronze","Estação Ecológica de Avaré","Não"
"94","ESTAÇÃO ECOLÓGICA DE AVARÉ","Angiosperms","Melastomataceae","Pleroma","stenocarpum","(Schrank et Mart. ex DC.) Triana","MELASTOMATACEAE Pleroma stenocarpum (Schrank et Mart. ex DC.) Triana","SPSF00048787","SPLINK","SPSF","Cielo Filho, R.","1413","Native","Bronze","Estação Ecológica de Avaré","Sim"
"95","ESTAÇÃO ECOLÓGICA DE AVARÉ","Angiosperms","Sapotaceae","Pouteria","torta","(Mart.) Radlk.","SAPOTACEAE Pouteria torta (Mart.) Radlk.","SPSF00048799","SPLINK","SPSF","Baitello, J.B.","2645","Native","Bronze","Estação Ecológica de Avaré","Não"
"101","ESTAÇÃO ECOLÓGICA DE AVARÉ","Angiosperms","Vochysiaceae","Qualea","grandiflora","Mart.","VOCHYSIACEAE Qualea grandiflora Mart.","SPSF00048772","SPLINK","SPSF","Cielo Filho, R.","1398","Native","Bronze","Estação Ecológica de Avaré","Não"
"104","ESTAÇÃO ECOLÓGICA DE AVARÉ","Angiosperms","Poaceae","Schizachyrium","sanguineum","(Retz.) Alston","POACEAE Schizachyrium sanguineum (Retz.) Alston","SPSF00048830","SPLINK","SPSF","Cielo Filho, R.","1422","Native","Bronze","Estação Ecológica de Avaré","Não"
"105","ESTAÇÃO ECOLÓGICA DE AVARÉ","Angiosperms","Fabaceae","Senna","rugosa","(G.Don) H.S.Irwin & Barneby","FABACEAE Senna rugosa (G.Don) H.S.Irwin & Barneby","SPSF00048774","SPLINK","SPSF","Cielo Filho, R.","1400","Native","Bronze","Estação Ecológica de Avaré","Sim"
"107","ESTAÇÃO ECOLÓGICA DE AVARÉ","Angiosperms","Poaceae","Setaria","scabrifolia","(Nees) Kunth","POACEAE Setaria scabrifolia (Nees) Kunth","SPSF00048831","SPLINK","SPSF","Cielo Filho, R.","1426","Native","Bronze","Estação Ecológica de Avaré","Não"
"108","ESTAÇÃO ECOLÓGICA DE AVARÉ","Angiosperms","Malvaceae","Sida","cerradoensis","Krapov.","MALVACEAE Sida cerradoensis Krapov.","SPSF00048815","SPLINK","SPSF","Baitello, J.B.","2652","Native","Bronze","Estação Ecológica de Avaré","Não"
"109","ESTAÇÃO ECOLÓGICA DE AVARÉ","Angiosperms","Malvaceae","Sida","glaziovii","K.Schum.","MALVACEAE Sida glaziovii K.Schum.","SPSF00048819","SPLINK","SPSF","Baitello, J.B.","2656","Native","Bronze","Estação Ecológica de Avaré","Não"
"110","ESTAÇÃO ECOLÓGICA DE AVARÉ","Angiosperms","Malvaceae","Sida","viarum","A.St.-Hil.","MALVACEAE Sida viarum A.St.-Hil.","SPSF00048776","SPLINK","SPSF","Cielo Filho, R.","1402","Native","Bronze","Estação Ecológica de Avaré","Sim"
"112","ESTAÇÃO ECOLÓGICA DE AVARÉ","Angiosperms","Siparunaceae","Siparuna","poeppigii","(Tul.) A.DC.","SIPARUNACEAE Siparuna poeppigii (Tul.) A.DC.","SPSF00048822","SPLINK","SPSF","Baitello, J.B.","2659","Native","Bronze","Estação Ecológica de Avaré","Não"
"115","ESTAÇÃO ECOLÓGICA DE AVARÉ","Angiosperms","Solanaceae","Solanum","paniculatum","L.","SOLANACEAE Solanum paniculatum L.","SPSF00048780","SPLINK","SPSF","Cielo Filho, R.","1406","Native","Bronze","Estação Ecológica de Avaré","Sim"
"118","ESTAÇÃO ECOLÓGICA DE AVARÉ","Angiosperms","Fabaceae","Stryphnodendron","adstringens","(Mart.) Coville","FABACEAE Stryphnodendron adstringens (Mart.) Coville","SPSF00048782","SPLINK","SPSF","Cielo Filho, R.","1408","Native","Bronze","Estação Ecológica de Avaré","Sim"
"120","ESTAÇÃO ECOLÓGICA DE AVARÉ","Angiosperms","Rubiaceae","Tocoyena","formosa","(Cham. & Schltdl.) K.Schum.","RUBIACEAE Tocoyena formosa (Cham. & Schltdl.) K.Schum.","SPSF00048793","SPLINK","SPSF","Baitello, J.B.","2639","Native","Bronze","Estação Ecológica de Avaré","Não"
"122","ESTAÇÃO ECOLÓGICA DE AVARÉ","Angiosperms","Poaceae","Urochloa","brizantha","(Hochst. ex A.Rich.) R.D.Webster","POACEAE Urochloa brizantha (Hochst. ex A.Rich.) R.D.Webster","SPSF00048829","SPLINK","SPSF","Cielo Filho, R.","792","Naturalized","Bronze","Estação Ecológica de Avaré","Não"
"125","ESTAÇÃO ECOLÓGICA DE AVARÉ","Angiosperms","Malvaceae","Waltheria","communis","A.St.-Hil.","MALVACEAE Waltheria communis A.St.-Hil.","SPSF00048790","SPLINK","SPSF","Cielo Filho, R.","1416","Native","Bronze","Estação Ecológica de Avaré","Sim"
"126","ESTAÇÃO ECOLÓGICA DE AVARÉ","Angiosperms","Fabaceae","Zornia","crinita","(Mohlenbr.) Vanni","FABACEAE Zornia crinita (Mohlenbr.) Vanni","SPSF00048791","SPLINK","SPSF","Cielo Filho, R.","1417","Native","Bronze","Estação Ecológica de Avaré","Sim"
"21","ESTAÇÃO ECOLÓGICA DE AVARÉ","Angiosperms","Fabaceae","Chamaecrista","desvauxii","(Benth.) G.P.Lewis","FABACEAE Chamaecrista desvauxii var. latistipula (Benth.) G.P.Lewis","48733","GBIF",,,"1648","Native","Latão","Estação Ecológica de Avaré","Não"
"34","ESTAÇÃO ECOLÓGICA DE AVARÉ","Angiosperms","Araliaceae","Didymopanax","vinosus","(Cham. & Schltdl.) Marchal","ARALIACEAE Didymopanax vinosus (Cham. & Schltdl.) Marchal","SPSF00048775","SPLINK","SPSF","Cielo Filho, R.","1401","Native","Latão","Estação Ecológica de Avaré","Sim"
"44","ESTAÇÃO ECOLÓGICA DE AVARÉ","Angiosperms","Myrtaceae","Eugenia","hiemalis","Cambess.","MYRTACEAE Eugenia hiemalis Cambess.","48853","GBIF",,,"1698","Native","Latão","Estação Ecológica de Avaré","Não"
"48","ESTAÇÃO ECOLÓGICA DE AVARÉ","Angiosperms","Rubiaceae","Faramea",,"Aubl.","RUBIACEAE Faramea Aubl.","SPSF00043952","SPLINK","SPSF","Arzolla, F.A.R.D.P.","1451",,"Latão","Estação Ecológica de Avaré","Não"
"69","ESTAÇÃO ECOLÓGICA DE AVARÉ","Angiosperms","Fabaceae","Mimosa","gracilis","(Benth.) Barneby","FABACEAE Mimosa gracilis var. capillipes (Benth.) Barneby","48761","GBIF",,,"1679","Native","Latão","Estação Ecológica de Avaré","Não"
"102","ESTAÇÃO ECOLÓGICA DE AVARÉ","Angiosperms","Cyperaceae","Rhynchospora","vahl",,"CYPERACEAE Rhynchospora vahl","48842","GBIF",,,"1687",,"Latão","Estação Ecológica de Avaré","Não"
"111","ESTAÇÃO ECOLÓGICA DE AVARÉ","Angiosperms","Siparunaceae","Siparuna","brasiliensis","(Spreng.) A.DC.","SIPARUNACEAE Siparuna brasiliensis (Spreng.) A.DC.","48822","GBIF",,,"2659","Native","Latão","Estação Ecológica de Avaré","Sim"
"117","ESTAÇÃO ECOLÓGICA DE AVARÉ","Angiosperms","Poaceae","Sporobolus","indicus","(L.) R.Br.","POACEAE Sporobolus indicus subsp. indicus (L.) R.Br.","81903","GBIF",,,"4524","Native","Latão","Horto Florestal in city of Avaré.","Não"
