"data_source","barcode","collectionCode","catalogNumber","scientificName","kingdom","family","genus","year","month","day","country","stateProvince","county","locality","institutionCode","basisOfRecord","identifiedBy","yearIdentified","monthIdentified","dayIdentified","verbatimLatitude","verbatimLongitude","collectionID","specificEpithet","recordedBy","decimalLongitude","decimalLatitude","modified","scientificNameAuthorship","recordNumber","minimumElevationInMeters","maximumElevationInMeters","occurrenceRemarks","coordinatePrecision","phylum","order","individualcount","continentocean","class","preparationtype","fieldNumber","infraspecificEpithet","previouscatalognumber","minimumDepthInMeters","maximumDepthInMeters","typeStatus","downloadedFrom","municipality","dateIdentified","acceptedScientificName","bibliographicCitation","countryCode","datasetID","datasetName","eventDate","fieldNotes","habitat","identificationRemarks","latitude","longitude","taxonomicStatus","taxonRank","type","verbatimElevation","verbatimEventDate","verbatimLocality","collectionCode.new","collectionObs","recordedBy.new","recordNumber.new","year.new","identifiedBy.new","yearIdentified.new","recordedBy.aux","last.name","identifiedBy.aux","country.new","stateProvince.new","municipality.new","locality.new","locality.scrap","resol.orig","loc","loc.correct","latitude.gazetteer","longitude.gazetteer","resolution.gazetteer","gbifID","institutionID","informationWithheld","dataGeneralizations","occurrenceID","recordedByID","caste","vitality","georeferenceVerificationStatus","occurrenceStatus","materialEntityID","materialEntityRemarks","verbatimLabel","eventType","samplingProtocol","eventRemarks","locationID","locationRemarks","coordinateUncertaintyInMeters","pointRadiusSpatialFit","verbatimCoordinateSystem","georeferencedBy","georeferencedDate","georeferenceProtocol","georeferenceRemarks","identificationID","verbatimIdentification","identifiedByID","taxonID","acceptedNameUsage","parentNameUsage","originalNameUsage","nameAccordingTo","namePublishedIn","namePublishedInYear","superfamily","subfamily","tribe","subtribe","genericName","subgenus","infragenericEpithet","cultivarEpithet","verbatimTaxonRank","taxonRemarks","datasetKey","distanceFromCentroidInMeters","mediaType","hasCoordinate","hasGeospatialIssues","species","verbatimScientificName","projectId","isSequenced","gbifRegion","publishedByGbifRegion","iucnRedListCategory","associatedMedia","geodeticDatum","verbatimCoordinates","imageCollectionCode","virtualDuplicates","duplicates","DeterminationQualifier","recordedByExtra","dateCollected","dateCollectedMax","verbatimElevationMax","measurementUnit","verbatimLatitudeMax","verbatimLongitudeMax","updatedBy","dateUpdated","right","modified_incomplete","Clado","loc.correct.mun","NAME_0","NAME_1","NAME_2","NAME_3","loc.check","scientificName.new","scientificNameAuthorship.new","scientificNameStatus","suggestedFamily","suggestedName","suggestedAuthorship","taxon.rank","tax.notes","id","accepted.tax.name","accepted.tax.authorship","scientificNameFull","genus.new","family.new","tax.check","species.new"
"user",,"RB","RB00552676","Annona sylvatica A.St.-Hil.","Plantae","Annonaceae","Annona","1999","12","1","Brasil","São Paulo",,"Parque Estadual Alberto Löfgren, área administrativa, próximo à guarita da Divisão de Dasonomia.","JBRJ","Preserved Specimen","A. Lobão",,,,,,,"sylvatica","E.L. Silva",,,,"A.St.-Hil.",,,,,,,,,,,,,,,,,,,"São Paulo","2009-2",,,"BR",,,"1999-12-01",,,,,,,"sp.","Physical Object",,,,"RB",,"Silva, E.L.","s.n.","1999","Lobao, A.","2009",,"Silva",,"brazil","sao paulo","sao paulo","parque estadual alberto lofgren",,"locality","brazil_sao paulo_sao paulo","brazil_sao paulo_sao paulo",-23.65041685,-46.64802516,"county",,,,,"urn:catalog:JBRJ:RB:552676",,,,,,,,,,,,,,,,,,,,,,,,,,,,,,,,,,,,,,,,,,,,,,,,,,,,,"jbrj-public-img.s3-sa-east-1.amazonaws.com/JPG/rb/0/55/26/76/00552676.jpg",,,,,,,,,,,,,,,,,"2014-07-07 18:38:23+00","Angiospermas","brazil_sao paulo_sao paulo","Brazil","São Paulo","São Paulo",,"check_local.2municip.","Annona sylvatica","A.St.-Hil.","name_w_authors","Annonaceae","Annona sylvatica","A.St.-Hil.","species","name accepted","bfo-110263",,,"Annona sylvatica A.St.-Hil.","Annona","Annonaceae","high","Annona sylvatica"
"gbif",,"MBM","262566","Artemisia verlotiorum Lamotte","Plantae","Asteraceae","Artemisia","1990","1","18","Brazil","São Paulo",,"Parque Estadual Alberto Löfgren.","MBM","PRESERVED_SPECIMEN","Franco, GADC",,,,,,"https://specieslink.net/col/40","verlotiorum","Franco, GADC",,,"2025-01-01 00:01:03","Lamotte","1102",,,,,"Tracheophyta","Asterales",,,"Magnoliopsida",,,,,,,,"GBIF","São Paulo","1995-12-07","Artemisia verlotiorum Lamotte",,"BR",,,"1990-01-18",,,,,,"ACCEPTED","SPECIES",,,,,,,,,,,,,,,"brazil","sao paulo","sao paulo","parque estadual alberto lofgren",,"locality","brazil_sao paulo_sao paulo","brazil_sao paulo_sao paulo",-23.65041685,-46.64802516,"county","1095589582",,,,"https://specieslink.net/guid/40/262566",,,,,"PRESENT",,,,,,,,,,,,,,,,,,,,,,,,,,,,,,"Artemisia",,,,,,"3b8e9d83-b2d4-4a97-973c-31d98b67b1e9",,,FALSE,FALSE,"Artemisia verlotiorum","Artemisia verlotiorum","null",FALSE,"LATIN_AMERICA","LATIN_AMERICA","NE","https://images.cria.org.br/viewer/MBM262566","WGS84",,,,,,,,,,,,,,,,,,"brazil_sao paulo_sao paulo","Brazil","São Paulo","São Paulo",,"check_local.2municip.","Artemisia verlotiorum","Lamotte","name_w_authors","Asteraceae","Artemisia verlotiorum","Lamotte","species","name accepted","bfo-15960",,,"Artemisia verlotiorum Lamotte","Artemisia","Asteraceae","unknown","Artemisia verlotiorum"
"gbif",,"MBM","277951","Aspidosperma pyrifolium Mart.","Plantae","Apocynaceae","Aspidosperma","2002","9","26","Brazil","São Paulo",,"Parque Estadual Alberto Löfgren.","MBM","PRESERVED_SPECIMEN","Baitello, JT",,,,,,"https://specieslink.net/col/40","pyrifolium","Baitello, JT",,,"2025-01-01 00:01:03","Mart. & Zucc.","1189",,,,,"Tracheophyta","Gentianales",,,"Magnoliopsida",,,,,,,,"GBIF","São Paulo",,"Aspidosperma pyrifolium Mart.",,"BR",,,"2002-09-26",,,,,,"ACCEPTED","SPECIES",,,,,,,,,,,,,,,"brazil","sao paulo","sao paulo","parque estadual alberto lofgren",,"locality","brazil_sao paulo_sao paulo","brazil_sao paulo_sao paulo",-23.65041685,-46.64802516,"county","1095599169",,,,"https://specieslink.net/guid/40/277951",,,,,"PRESENT",,,,,,,,,,,,,,,,,,,,,,,,,,,,,,"Aspidosperma",,,,,,"3b8e9d83-b2d4-4a97-973c-31d98b67b1e9",,,FALSE,FALSE,"Aspidosperma pyrifolium","Aspidosperma pyrifolium","null",FALSE,"LATIN_AMERICA","LATIN_AMERICA","LC","https://images.cria.org.br/viewer/MBM277951","WGS84",,,,,,,,,,,,,,,,,,"brazil_sao paulo_sao paulo","Brazil","São Paulo","São Paulo",,"check_local.2municip.","Aspidosperma pyrifolium","Mart. & Zucc.","name_w_authors","Apocynaceae","Aspidosperma pyrifolium","Mart. & Zucc.","species","author misspelled","bfo-15551",,,"Aspidosperma pyrifolium Mart. & Zucc.","Aspidosperma","Apocynaceae","unknown","Aspidosperma pyrifolium"
"user",,"RB","RB00046010","Aspidosperma ramiflorum Müll.Arg.","Plantae","Apocynaceae","Aspidosperma","2001","9","20","Brasil","São Paulo",,"Parque estadual Alberto Löfgren, área administrativa, ao lado da Creche.","JBRJ","Preserved Specimen","G.A.D.C. Franco",,,,,,,"ramiflorum","J.B. Baitello",,,,"Müll.Arg.","1011",,,,,,,,,,,,,,,,,,"São Paulo","2001-10-30",,,"BR",,,"2001-9-20",,,,,,,"sp.","Physical Object",,,,"RB",,"Baitello, J.B.","1011","2001","Franco, G.A.D.C.","2001",,"Baitello",,"brazil","sao paulo","sao paulo","parque estadual alberto lofgren",,"locality","brazil_sao paulo_sao paulo","brazil_sao paulo_sao paulo",-23.65041685,-46.64802516,"county",,,,,"urn:catalog:JBRJ:RB:46010",,,,,,,,,,,,,,,,,,,,,,,,,,,,,,,,,,,,,,,,,,,,,,,,,,,,,"jbrj-public-img.s3-sa-east-1.amazonaws.com/JPG/rb/0/4/60/10/00046010.jpg",,,,,,,,,,,,,,,,,"2020-04-20 22:31:24+00","Angiospermas","brazil_sao paulo_sao paulo","Brazil","São Paulo","São Paulo",,"check_local.2municip.","Aspidosperma ramiflorum","Müll.Arg.","name_w_authors","Apocynaceae","Aspidosperma ramiflorum","Müll.Arg.","species","name accepted","bfo-4532",,,"Aspidosperma ramiflorum Müll.Arg.","Aspidosperma","Apocynaceae","medium","Aspidosperma ramiflorum"
"gbif",,"MBM","262557","Bidens pilosa L.","Plantae","Asteraceae","Bidens","1992","4","8","Brazil","São Paulo",,"Parque Estadual Alberto Löfgren.","MBM","PRESERVED_SPECIMEN","Franco, GADC",,,,,,"https://specieslink.net/col/40","pilosa","Pastore, JA; Franco, ADC",,,"2025-01-01 00:01:03","L.","411",,,,,"Tracheophyta","Asterales",,,"Magnoliopsida",,,,,,,,"GBIF","São Paulo","1993-06-24","Bidens pilosa L.",,"BR",,,"1992-04-08",,,,,,"ACCEPTED","SPECIES",,,,,,,,,,,,,,,"brazil","sao paulo","sao paulo","parque estadual alberto lofgren",,"locality","brazil_sao paulo_sao paulo","brazil_sao paulo_sao paulo",-23.65041685,-46.64802516,"county","1095589528",,,,"https://specieslink.net/guid/40/262557",,,,,"PRESENT",,,,,,,,,,,,,,,,,,,,,,,,,,,,,,"Bidens",,,,,,"3b8e9d83-b2d4-4a97-973c-31d98b67b1e9",,,FALSE,FALSE,"Bidens pilosa","Bidens pilosa","null",FALSE,"LATIN_AMERICA","LATIN_AMERICA","NE","https://images.cria.org.br/viewer/MBM262557","WGS84",,,,,,,,,,,,,,,,,,"brazil_sao paulo_sao paulo","Brazil","São Paulo","São Paulo",,"check_local.2municip.","Bidens pilosa","L.","name_w_authors","Asteraceae","Bidens pilosa","L.","species","name accepted","bfo-103749",,,"Bidens pilosa L.","Bidens","Asteraceae","unknown","Bidens pilosa"
"gbif",,"FUEL","40188","Bixa orellana L.","Plantae","Bixaceae","Bixa","2002","12","11","Brasil","São Paulo",,"Parque Estadual Alberto Löfgren, Área administrativa, próximo ao prédio da Bibliotéca.","UEL","PRESERVED_SPECIMEN","Peres, FS",,,,,,"https://specieslink.net/col/48","orellana","Peres, FS",,,"2024-12-05 15:05:31","L.","s.n.","0","0",,,"Tracheophyta","Malvales",,,"Magnoliopsida",,,,,,,,"GBIF","São Paulo","2002-12-01","Bixa orellana L.",,"BR",,,"2002-12-11",,,,,,"ACCEPTED","SPECIES",,,,,,,,,,,,,,,"brazil","sao paulo","sao paulo","parque estadual alberto lofgren",,"locality","brazil_sao paulo_sao paulo","brazil_sao paulo_sao paulo",-23.65041685,-46.64802516,"county","2464859794",,,,"https://specieslink.net/guid/48/40188",,,,,"PRESENT",,,,,,,,,,,,,,,,,,,,,,,,,,,,,,"Bixa",,,,,,"78dcee36-b0a2-4679-802d-bc0b5016518b",,,FALSE,FALSE,"Bixa orellana","Bixa orellana","null",FALSE,"LATIN_AMERICA","LATIN_AMERICA","LC",,"WGS84",,,,,,,,,,,,,,,,,,"brazil_sao paulo_sao paulo","Brazil","São Paulo","São Paulo",,"check_local.2municip.","Bixa orellana","L.","name_w_authors","Bixaceae","Bixa orellana","L.","species","name accepted","bfo-5745",,,"Bixa orellana L.","Bixa","Bixaceae","unknown","Bixa orellana"
"gbif",,"MBM","254151","Brunfelsia pilosa Plowman","Plantae","Solanaceae","Brunfelsia",,,,"Brazil","São Paulo",,"Parque Estadual Alberto Löfgren.","MBM","PRESERVED_SPECIMEN","Aranha, C",,,,,,"https://specieslink.net/col/40","pilosa","Rodrigues, A",,,"2025-01-01 00:01:03","Plowman","s.n.",,,,,"Tracheophyta","Solanales",,,"Magnoliopsida",,,,,,,,"GBIF","São Paulo",,"Brunfelsia pilosa Plowman",,"BR",,,,,,,,,"ACCEPTED","SPECIES",,,,,,,,,,,,,,,"brazil","sao paulo","sao paulo","parque estadual alberto lofgren",,"locality","brazil_sao paulo_sao paulo","brazil_sao paulo_sao paulo",-23.65041685,-46.64802516,"county","1095583165",,,,"https://specieslink.net/guid/40/254151",,,,,"PRESENT",,,,,,,,,,,,,,,,,,,,,,,,,,,,,,"Brunfelsia",,,,,,"3b8e9d83-b2d4-4a97-973c-31d98b67b1e9",,,FALSE,FALSE,"Brunfelsia pilosa","Brunfelsia pilosa","null",FALSE,"LATIN_AMERICA","LATIN_AMERICA","NE","https://images.cria.org.br/viewer/MBM254151","WGS84",,,,,,,,,,,,,,,,,,"brazil_sao paulo_sao paulo","Brazil","São Paulo","São Paulo",,"check_local.2municip.","Brunfelsia pilosa","Plowman","name_w_authors","Solanaceae","Brunfelsia pilosa","Plowman","species","name accepted","bfo-14604",,,"Brunfelsia pilosa Plowman","Brunfelsia","Solanaceae","unknown","Brunfelsia pilosa"
"gbif",,"MBML-HERBARIO","37386","Abutilon regnellii Miq.","Plantae","Malvaceae","Callianthe","1980","9","28","Brasil","São Paulo",,"Parque Estadual Alberto Löfgren arboreto de Vila Amália.","INMA","PRESERVED_SPECIMEN","A. Krapovickas",,,,,,"https://specieslink.net/col/111","regnellii","A.C.Dias; F.C.Serio",,,"2024-11-26 19:03:55","Miq.","0",,,,,"Tracheophyta","Malvales",,,"Magnoliopsida",,,,,,,,"GBIF",,"1999-11-01","Callianthe regnellii (Miq.) Donnell",,"BR",,,"1980-09-28",,,,,,"SYNONYM","SPECIES",,,,,,,,,,,,,,,"brazil","sao paulo","parque estadual alberto lofgren arboreto de vila amalia","parque estadual alberto lofgren arboreto de vila amalia",,"locality","brazil_sao paulo_parque estadual alberto lofgren arboreto vila amalia","brazil_sao paulo",-22.2584562,-48.7420254,"state","1123820077",,,,"https://specieslink.net/guid/111/37386",,,,,"PRESENT",,,,,,,,,,,,,,,,,,,,,,,,,,,,,,"Abutilon",,,,,,"9129ec89-afa7-45af-8b73-509f1f8942ab",,,FALSE,FALSE,"Callianthe regnellii","Abutilon regnellii","null",FALSE,"LATIN_AMERICA","LATIN_AMERICA","NE","https://images.cria.org.br/viewer/MBML037386","WGS84",,,,,,,,,,,,,,,,,,"brazil_sao paulo","Brazil","São Paulo",,,"check_local.2state","Callianthe regnelli","(Miq.) Donnell","name_w_authors","Malvaceae","Callianthe regnelli","(Miq.) Donnell","species","replaced synonym","bfo-134843","Callianthe regnelli","(Miq.) Donnell","Callianthe regnelli (Miq.) Donnell","Callianthe","Malvaceae","unknown","Callianthe regnelli"
"gbif",,"BHCB","89437","Capsicum baccatum L.","Plantae","Solanaceae","Capsicum","1995","6","12","Brasil","São Paulo",,"Parque Estadual Alberto Löfgren, Rua em frente ao viveiro de mudas.","UFMG","PRESERVED_SPECIMEN",,,,,,,"https://specieslink.net/col/220","baccatum","Pastore, JA",,,"2024-09-09 22:14:18","L.","602","0","0",,,"Tracheophyta","Solanales",,,"Magnoliopsida",,,,,,,,"GBIF","São Paulo",,"Capsicum baccatum L.",,"BR",,,"1995-06-12",,,,,,"ACCEPTED","SPECIES",,,,,,,,,,,,,,,"brazil","sao paulo","sao paulo","parque estadual alberto lofgren",,"locality","brazil_sao paulo_sao paulo","brazil_sao paulo_sao paulo",-23.65041685,-46.64802516,"county","1087632105",,,,"https://specieslink.net/guid/220/89437",,,,,"PRESENT",,,,,,,,,,,,,,,,,,,,,,,,,,,,,,"Capsicum",,,,,,"d2470ef8-edfa-4ba7-821e-c3e1a537bdba",,,FALSE,FALSE,"Capsicum baccatum","Capsicum baccatum","null",FALSE,"LATIN_AMERICA","LATIN_AMERICA","NE",,"WGS84",,,,,,,,,,,,,,,,,,"brazil_sao paulo_sao paulo","Brazil","São Paulo","São Paulo",,"check_local.2municip.","Capsicum baccatum","L.","name_w_authors","Solanaceae","Capsicum baccatum","L.","species","name accepted","bfo-14623",,,"Capsicum baccatum L.","Capsicum","Solanaceae","unknown","Capsicum baccatum"
"gbif",,"FLOR","42683","Cayaponia tayuya (Vell.) Cogn.","Plantae","Cucurbitaceae","Cayaponia","1990","5","4","Brasil","São Paulo",,"Parque Estadual Alberto Löfgren","UFSC","PRESERVED_SPECIMEN","Lima, L.F.",,,,,,"https://specieslink.net/col/268","tayuya","Pastore, J.A.",,,"2025-01-01 12:02:28","(Vell.) Cogn.","301",,,,,"Tracheophyta","Cucurbitales",,,"Magnoliopsida",,,,,,,,"GBIF","São Paulo","2008-02-20","Cayaponia tayuya (Vell.) Cogn.",,"BR",,,"1990-05-04",,,,,,"ACCEPTED","SPECIES",,,,,,,,,,,,,,,"brazil","sao paulo","sao paulo","parque estadual alberto lofgren",,"locality","brazil_sao paulo_sao paulo","brazil_sao paulo_sao paulo",-23.65041685,-46.64802516,"county","1077366241",,,,"https://specieslink.net/guid/268/42683",,,,,"PRESENT",,,,,,,,,,,,,,,,,,,,,,,,,,,,,,"Cayaponia",,,,,,"121275a3-dcce-44f4-9868-37326e9f64ef",,,FALSE,FALSE,"Cayaponia tayuya","Cayaponia tayuya","null",FALSE,"LATIN_AMERICA","LATIN_AMERICA","NE",,"WGS84",,,,,,,,,,,,,,,,,,"brazil_sao paulo_sao paulo","Brazil","São Paulo","São Paulo",,"check_local.2municip.","Cayaponia tayuya","(Vell.) Cogn.","name_w_authors","Cucurbitaceae","Cayaponia tayuya","(Vell.) Cogn.","species","name accepted","bfo-17062",,,"Cayaponia tayuya (Vell.) Cogn.","Cayaponia","Cucurbitaceae","unknown","Cayaponia tayuya"
"user",,"RB","RB00452225","Cissus verticillata (L.) Nicolson & C.E.Jarvis ssp. verticillata","Plantae","Vitaceae","Cissus","2004","5","18","Brasil","São Paulo",,"Parque Estadual Alberto Löfgren, área administrativa, em frente ao viveiro de mudas, jardim de residência.","JBRJ","Preserved Specimen","F.S.Peres",,,,,,,"verticillata","F.S.Peres",,,,,"24",,,,,,,,,,,,"verticillata",,,,,,"São Paulo","2004-5-18",,,"BR",,,"2004-05-18",,,,,,,"subsp.","Physical Object",,,,"RB",,"Peres, F.S.","24","2004","Peres, F.S.","2004",,"Peres",,"brazil","sao paulo","sao paulo","parque estadual alberto lofgren, jardim de residencia",,"locality","brazil_sao paulo_sao paulo","brazil_sao paulo_sao paulo",-23.65041685,-46.64802516,"county",,,,,"urn:catalog:JBRJ:RB:452225",,,,,,,,,,,,,,,,,,,,,,,,,,,,,,,,,,,,,,,,,,,,,,,,,,,,,"jbrj-public-img.s3-sa-east-1.amazonaws.com/JPG/rb/0/45/22/25/00452225.jpg",,,,,,,,,,,,,,,,,"2007-03-26 08:45:29+00","Angiospermas","brazil_sao paulo_sao paulo","Brazil","São Paulo","São Paulo",,"check_local.2municip.","Cissus verticillata subsp. verticillata","(L.) Nicolson & C.E.Jarvis","subspecies|name_w_authors","Vitaceae","Cissus verticillata subsp. verticillata","(L.) Nicolson & C.E.Jarvis","subspecies","name accepted","bfo-21572",,,"Cissus verticillata subsp. verticillata (L.) Nicolson & C.E.Jarvis","Cissus","Vitaceae","low","Cissus verticillata"
"gbif",,"HUEFS","185032","Crotalaria paulina Schrank","Plantae","Fabaceae","Crotalaria","1992","8","19","Brasil","São Paulo",,"Parque Estadual Alberto Löfgren, Área Administrativa, área degradada próxima ao antigo viveiro de espera.","UEFS","PRESERVED_SPECIMEN","A.M.Filliettaz",,,,,,"https://specieslink.net/col/204","paulina","Pastore, J.A.",,,"2024-12-20 13:09:43","Schrank","424",,,,,"Tracheophyta","Fabales",,,"Magnoliopsida",,,,,,,,"GBIF","São Paulo","2000-04-01","Crotalaria paulina Schrank",,"BR",,,"1992-08-19",,,,,,"ACCEPTED","SPECIES",,,,,,,,,,,,,,,"brazil","sao paulo","sao paulo","parque estadual alberto lofgren",,"locality","brazil_sao paulo_sao paulo","brazil_sao paulo_sao paulo",-23.65041685,-46.64802516,"county","1094902096",,,,"https://specieslink.net/guid/204/185032",,,,,"PRESENT",,,,,,,,,,,,,,,,,,,,,,,,,,,,,,"Crotalaria",,,,,,"2e684fd6-09e2-4661-910a-0a188b610c04",,,FALSE,FALSE,"Crotalaria paulina","Crotalaria paulina","null",FALSE,"LATIN_AMERICA","LATIN_AMERICA","NE","https://images.cria.org.br/viewer/HUEFS0185032","WGS84",,,,,,,,,,,,,,,,,,"brazil_sao paulo_sao paulo","Brazil","São Paulo","São Paulo",,"check_local.2municip.","Crotalaria paulina","Schrank","name_w_authors","Fabaceae","Crotalaria paulina","Schrank","species","name accepted","bfo-29575",,,"Crotalaria paulina Schrank","Crotalaria","Fabaceae","unknown","Crotalaria paulina"
"gbif",,"MBM","296593","Dendropanax cuneatus (DC.) Decne. & Planch.","Plantae","Araliaceae","Dendropanax","2004","7","12","Brazil","São Paulo",,"Parque Estadual Alberto Löfgren.","MBM","PRESERVED_SPECIMEN","Pastore, JA",,,,,,"https://specieslink.net/col/40","cuneatus","Peres, FS",,,"2025-01-01 00:01:03","(DC.) Decne. & Planch.","25",,,,,"Tracheophyta","Apiales",,,"Magnoliopsida",,,,,,,,"GBIF","São Paulo",,"Dendropanax cuneatus (DC.) Decne. & Planch.",,"BR",,,"2004-07-12",,,,,,"ACCEPTED","SPECIES",,,,,,,,,,,,,,,"brazil","sao paulo","sao paulo","parque estadual alberto lofgren",,"locality","brazil_sao paulo_sao paulo","brazil_sao paulo_sao paulo",-23.65041685,-46.64802516,"county","1095608250",,,,"https://specieslink.net/guid/40/296593",,,,,"PRESENT",,,,,,,,,,,,,,,,,,,,,,,,,,,,,,"Dendropanax",,,,,,"3b8e9d83-b2d4-4a97-973c-31d98b67b1e9",,,FALSE,FALSE,"Dendropanax cuneatus","Dendropanax cuneatus","null",FALSE,"LATIN_AMERICA","LATIN_AMERICA","LC","https://images.cria.org.br/viewer/MBM296593","WGS84",,,,,,,,,,,,,,,,,,"brazil_sao paulo_sao paulo","Brazil","São Paulo","São Paulo",,"check_local.2municip.","Dendropanax cuneatus","(DC.) Decne. & Planch.","name_w_authors","Araliaceae","Dendropanax cuneatus","(DC.) Decne. & Planch.","species","name accepted","bfo-5105",,,"Dendropanax cuneatus (DC.) Decne. & Planch.","Dendropanax","Araliaceae","unknown","Dendropanax cuneatus"
"gbif",,"HUEFS","131953","Dipteryx alata Vogel","Plantae","Fabaceae","Dipteryx","2003","1","20","Brasil","São Paulo",,"Parque Estadual Alberto Löfgren, próximo da casa 4, área administrativa.","UEFS","PRESERVED_SPECIMEN","C.Carvalho",,,,,,"https://specieslink.net/col/204","alata","Peres, F.S.",,,"2024-12-20 13:10:03","Vogel","3",,,,,"Tracheophyta","Fabales",,,"Magnoliopsida",,,,,,,,"GBIF","São Paulo","2017-06-01","Dipteryx alata Vogel",,"BR",,,"2003-01-20",,,,,,"ACCEPTED","SPECIES",,,,,,,,,,,,,,,"brazil","sao paulo","sao paulo","parque estadual alberto lofgren",,"locality","brazil_sao paulo_sao paulo","brazil_sao paulo_sao paulo",-23.65041685,-46.64802516,"county","1094849407",,,,"https://specieslink.net/guid/204/131953",,,,,"PRESENT",,,,,,,,,,,,,,,,,,,,,,,,,,,,,,"Dipteryx",,,,,,"2e684fd6-09e2-4661-910a-0a188b610c04",,,FALSE,FALSE,"Dipteryx alata","Dipteryx alata","null",FALSE,"LATIN_AMERICA","LATIN_AMERICA","VU","https://images.cria.org.br/viewer/HUEFS0131953","WGS84",,,,,,,,,,,,,,,,,,"brazil_sao paulo_sao paulo","Brazil","São Paulo","São Paulo",,"check_local.2municip.","Dipteryx alata","Vogel","name_w_authors","Fabaceae","Dipteryx alata","Vogel","species","name accepted","bfo-29628",,,"Dipteryx alata Vogel","Dipteryx","Fabaceae","unknown","Dipteryx alata"
"gbif",,"HRCB","50422","Macfadyena unguis-cati (L.) A.H.Gentry","Plantae","Bignoniaceae","Dolichandra","2004","10","29","Brasil","São Paulo",,"Parque Estadual Alberto Löfgren, área administrativa Divisão de Dasonomia, viveiro de mudas","UNESP-RC","PRESERVED_SPECIMEN","Udulutsch, R.G.",,,,,,"https://specieslink.net/col/15","unguis-cati","Silva, E.L.",,,"2024-12-18 09:14:22","(L.) A.H.Gentry","s.n.",,,,,"Tracheophyta","Lamiales",,,"Magnoliopsida",,,,,,,,"GBIF","São Paulo","2002-09-12","Dolichandra unguis-cati (L.) L.G.Lohmann",,"BR",,,"2004-10-29",,,,,,"SYNONYM","SPECIES",,,,,,,,,,,,,,,"brazil","sao paulo","sao paulo","parque estadual alberto lofgren",,"locality","brazil_sao paulo_sao paulo","brazil_sao paulo_sao paulo",-23.65041685,-46.64802516,"county","1090694943",,,,"https://specieslink.net/guid/15/50422",,,,,"PRESENT",,,,,,,,,,,,,,,,,,,,,,,,,,,,,,"Macfadyena",,,,,,"fdf55163-54d8-4bc7-862d-7e41068589e3",,,FALSE,FALSE,"Dolichandra unguis-cati","Macfadyena unguis-cati","null",FALSE,"LATIN_AMERICA","LATIN_AMERICA","NE",,"WGS84",,,,,,,,,,,,,,,,,,"brazil_sao paulo_sao paulo","Brazil","São Paulo","São Paulo",,"check_local.2municip.","Dolichandra unguis-cati","(L.) L.G.Lohmann","name_w_authors","Bignoniaceae","Dolichandra unguis-cati","(L.) L.G.Lohmann","species","replaced synonym","bfo-113320","Dolichandra unguis-cati","(L.) L.G.Lohmann","Dolichandra unguis-cati (L.) L.G.Lohmann","Dolichandra","Bignoniaceae","unknown","Dolichandra unguis-cati"
"gbif",,"Observations","1628746","Dombeya burgessiae Gerrard ex Harv. & Sond.","Plantae","Malvaceae","Dombeya","2015","6","12","BR","São Paulo",,"Parque Estadual Alberto Löfgren - São Paulo - SP - Brasil","iNaturalist","HUMAN_OBSERVATION","Marinês Eiterer",,,,,,,"burgessiae","ivanmarques","-46.63611","-23.5475","2024-09-15 11:49:31",,,,,,,"Tracheophyta","Malvales",,,"Magnoliopsida",,,,,,,,"GBIF",,"2017-11-25 16:30:20","Dombeya burgessiae Gerrard ex Harv. & Sond.",,"BR",,"iNaturalist research-grade observations","2015-06-12",,,,,,"ACCEPTED","SPECIES",,,"2015/06/12","Parque Estadual Alberto Löfgren - São Paulo - SP - Brasil",,,,,,,,,,,"brazil","sao paulo","parque estadual alberto lofgren - sao paulo - sp - brasil","parque estadual alberto lofgren - sao paulo - sp - brasil",,"locality","brazil_sao paulo_parque estadual alberto lofgren sao paulo sp brasil","brazil_sao paulo",-22.2584562,-48.7420254,"state","4945493483",,,,"http://www.inaturalist.org/observations/1628746",,,,,"PRESENT",,,,,,,,,,,,,,,,"19141903",,,"430960",,,,,,,,,,,"Dombeya",,,,,,"50c9509d-22c7-4a22-a47d-8c48425ef4a7",,,TRUE,FALSE,"Dombeya burgessiae","Dombeya burgessiae","null",FALSE,"LATIN_AMERICA","NORTH_AMERICA","LC",,"EPSG:4326",,,,,,,,,,,,,,,,,,"brazil_sao paulo","Brazil","São Paulo",,,"check_local.2state","Dombeya burgessiae","Gerrard ex Harv. & Sond.","name_w_authors",,"Dombeya burgessiae","Gerrard ex Harv. & Sond.","species","not found",,,,"Dombeya burgessiae Gerrard ex Harv. & Sond.","Dombeya","Malvaceae","unknown","Dombeya burgessiae"
"gbif",,"MBM","259889","Eclipta alba (L.) Hassk.","Plantae","Asteraceae","Eclipta","1992","5","6","Brazil","São Paulo",,"Parque Estadual Alberto Löfgren.","MBM","PRESERVED_SPECIMEN","Franco, GADC",,,,,,"https://specieslink.net/col/40","alba","Pastore, JA",,,"2025-01-01 00:01:03","(L) Hassk.","417",,,,,"Tracheophyta","Asterales",,,"Magnoliopsida",,,,,,,,"GBIF","São Paulo",,"Eclipta alba (L.) Hassk.",,"BR",,,"1992-05-06",,,,,,"ACCEPTED","SPECIES",,,,,,,,,,,,,,,"brazil","sao paulo","sao paulo","parque estadual alberto lofgren",,"locality","brazil_sao paulo_sao paulo","brazil_sao paulo_sao paulo",-23.65041685,-46.64802516,"county","1095587594",,,,"https://specieslink.net/guid/40/259889",,,,,"PRESENT",,,,,,,,,,,,,,,,,,,,,,,,,,,,,,"Eclipta",,,,,,"3b8e9d83-b2d4-4a97-973c-31d98b67b1e9",,,FALSE,FALSE,"Eclipta alba","Eclipta alba","null",FALSE,"LATIN_AMERICA","LATIN_AMERICA","LC","https://images.cria.org.br/viewer/MBM259889","WGS84",,,,,,,,,,,,,,,,,,"brazil_sao paulo_sao paulo","Brazil","São Paulo","São Paulo",,"check_local.2municip.","Eclipta prostrata","(L.) L.","name_w_authors","Asteraceae","Eclipta prostrata","(L.) L.","species","replaced synonym","bfo-16092","Eclipta prostrata","(L.) L.","Eclipta prostrata (L.) L.","Eclipta","Asteraceae","unknown","Eclipta prostrata"
"gbif",,"MBM","166567","Ehretia acuminata R.Br.","Plantae","Ehretiaceae","Ehretia","1993","10","6","Brazil","São Paulo",,"Parque Estadual Alberto Löfgren.","MBM","PRESERVED_SPECIMEN",,,,,,,"https://specieslink.net/col/40","acuminata","Guillaumon, JR",,,"2025-01-01 00:01:03","R.Br.","s.n.",,,,,"Tracheophyta","Boraginales",,,"Magnoliopsida",,,,,,,,"GBIF","São Paulo",,"Ehretia acuminata R.Br.",,"BR",,,"1993-10-06",,,,,,"ACCEPTED","SPECIES",,,,,,,,,,,,,,,"brazil","sao paulo","sao paulo","parque estadual alberto lofgren",,"locality","brazil_sao paulo_sao paulo","brazil_sao paulo_sao paulo",-23.65041685,-46.64802516,"county","1095510709",,,,"https://specieslink.net/guid/40/166567",,,,,"PRESENT",,,,,,,,,,,,,,,,,,,,,,,,,,,,,,"Ehretia",,,,,,"3b8e9d83-b2d4-4a97-973c-31d98b67b1e9",,,FALSE,FALSE,"Ehretia acuminata","Ehretia acuminata","null",FALSE,"LATIN_AMERICA","LATIN_AMERICA","LC","https://images.cria.org.br/viewer/MBM166567","WGS84",,,,,,,,,,,,,,,,,,"brazil_sao paulo_sao paulo","Brazil","São Paulo","São Paulo",,"check_local.2municip.","Ehretia acuminata","R.Br.","name_w_authors","Ehretiaceae","Ehretia acuminata","R.Br.","species","name accepted","bfo-625187",,,"Ehretia acuminata R.Br.","Ehretia","Ehretiaceae","unknown","Ehretia acuminata"
"gbif",,"UEC","196010","Elephantopus mollis Kunth","Plantae","Asteraceae","Elephantopus","2003","11","21","Brazil","São Paulo",,"Parque Estadual Alberto Löfgren, área administrativa, divisão de Dasonomia.","UNICAMP","PRESERVED_SPECIMEN",,,,,,,"https://specieslink.net/col/2","mollis","Sakita, MN",,,"2023-03-09 11:28:00","Kunth","s.n.",,,,,"Tracheophyta","Asterales",,,"Magnoliopsida",,,,,,,,"GBIF","São Paulo",,"Elephantopus mollis Kunth",,"BR",,,"2003-11-21",,,,,,"ACCEPTED","SPECIES",,,,,,,,,,,,,,,"brazil","sao paulo","sao paulo","parque estadual alberto lofgren",,"locality","brazil_sao paulo_sao paulo","brazil_sao paulo_sao paulo",-23.65041685,-46.64802516,"county","1455753773",,,,"https://specieslink.net/guid/2/196010",,,,,"PRESENT",,,,,,,,,,,,,,,,,,,,,,,,,,,,,,"Elephantopus",,,,,,"7741a517-ab3d-4b85-ae58-56322e44c8ce",,,FALSE,FALSE,"Elephantopus mollis","Elephantopus mollis","null",FALSE,"LATIN_AMERICA","LATIN_AMERICA","NE","https://images.cria.org.br/viewer/UEC134220","WGS84",,,,,,,,,,,,,,,,,,"brazil_sao paulo_sao paulo","Brazil","São Paulo","São Paulo",,"check_local.2municip.","Elephantopus mollis","Kunth","name_w_authors","Asteraceae","Elephantopus mollis","Kunth","species","name accepted","bfo-16098",,,"Elephantopus mollis Kunth","Elephantopus","Asteraceae","unknown","Elephantopus mollis"
"gbif",,"UEC","137505","Esenbeckia grandiflora Mart.","Plantae","Rutaceae","Esenbeckia","2004","10","16","Brazil","São Paulo",,"Parque Estadual Alberto Löfgren.","UNICAMP","PRESERVED_SPECIMEN","Arzolla, FARDP",,,,,,"https://specieslink.net/col/2","grandiflora","Arzolla, FARDP",,,"2024-11-25 11:34:47","Mart.","642",,,,,"Tracheophyta","Sapindales",,,"Magnoliopsida",,,,,,,,"GBIF","São Paulo",,"Esenbeckia grandiflora Mart.",,"BR",,,"2004-10-16",,,,,,"ACCEPTED","SPECIES",,,,,,,,,,,,,,,"brazil","sao paulo","sao paulo","parque estadual alberto lofgren",,"locality","brazil_sao paulo_sao paulo","brazil_sao paulo_sao paulo",-23.65041685,-46.64802516,"county","1089080365",,,,"https://specieslink.net/guid/2/137505",,,,,"PRESENT",,,,,,,,,,,,,,,,,,,,,,,,,,,,,,"Esenbeckia",,,,,,"7741a517-ab3d-4b85-ae58-56322e44c8ce",,,FALSE,FALSE,"Esenbeckia grandiflora","Esenbeckia grandiflora","null",FALSE,"LATIN_AMERICA","LATIN_AMERICA","LC","https://images.cria.org.br/viewer/UEC031458","WGS84",,,,,,,,,,,,,,,,,,"brazil_sao paulo_sao paulo","Brazil","São Paulo","São Paulo",,"check_local.2municip.","Esenbeckia grandiflora","Mart.","name_w_authors","Rutaceae","Esenbeckia grandiflora","Mart.","species","name accepted","bfo-589",,,"Esenbeckia grandiflora Mart.","Esenbeckia","Rutaceae","unknown","Esenbeckia grandiflora"
"gbif",,"ESA","118282","Eugenia francavilleana O.Berg","Plantae","Myrtaceae","Eugenia","2001","1","17","Brasil","São Paulo",,"Parque Estadual Alberto Löfgren","ESALQ","PRESERVED_SPECIMEN","Mazine, F.F.",,,,,,"https://specieslink.net/col/8","francavilleana","Pastore, J.A.",,,"2024-07-23 11:28:27",,"914",,,,,"Tracheophyta","Myrtales",,,"Magnoliopsida",,,,,,,,"GBIF","São Paulo","2011-04-18","Eugenia francavilleana O.Berg",,"BR",,,"2001-01-17",,,,,,"ACCEPTED","SPECIES",,,,,,,,,,,,,,,"brazil","sao paulo","sao paulo","parque estadual alberto lofgren",,"locality","brazil_sao paulo_sao paulo","brazil_sao paulo_sao paulo",-23.65041685,-46.64802516,"county","4955363116",,,,"https://specieslink.net/guid/8/118282",,,,,"PRESENT",,,,,,,,,,,,,,,,,,,,,,,,,,,,,,"Eugenia",,,,,,"cbf8c968-37d6-45be-bf5c-e22914a384dc",,,FALSE,FALSE,"Eugenia francavilleana","Eugenia francavilleana","null",FALSE,"LATIN_AMERICA","LATIN_AMERICA","LC",,"WGS84",,,,,,,,,,,,,,,,,,"brazil_sao paulo_sao paulo","Brazil","São Paulo","São Paulo",,"check_local.2municip.","Eugenia francavilleana","O.Berg","name_w_authors","Myrtaceae","Eugenia francavilleana","O.Berg","species","name accepted","bfo-10401",,,"Eugenia francavilleana O.Berg","Eugenia","Myrtaceae","unknown","Eugenia francavilleana"
"user",,"RB","RB00307328","Eugenia involucrata DC.","Plantae","Myrtaceae","Eugenia","2003","10","30","Brasil","São Paulo",,"Parque Estadual Alberto Löfgren, área administrativa da hospedaria.","JBRJ","Preserved Specimen","G.A.D.C. Franco",,,,,,,"involucrata","L.F. Delgado",,,,"DC.",,,,,,,,,,,,,,,,,,,"São Paulo","2003-11-28",,,"BR",,,"2003-10-30",,,,,,,"sp.","Physical Object",,,,"RB",,"Delgado, L.F.","s.n.","2003","Franco, G.A.D.C.","2003",,"Delgado",,"brazil","sao paulo","sao paulo","parque estadual alberto lofgren",,"locality","brazil_sao paulo_sao paulo","brazil_sao paulo_sao paulo",-23.65041685,-46.64802516,"county",,,,,"urn:catalog:JBRJ:RB:307328",,,,,,,,,,,,,,,,,,,,,,,,,,,,,,,,,,,,,,,,,,,,,,,,,,,,,"jbrj-public-img.s3-sa-east-1.amazonaws.com/JPG/rb/0/30/73/28/00307328.jpg",,,,,,,,,,,,,,,,,"2014-11-03 13:05:15+00","Angiospermas","brazil_sao paulo_sao paulo","Brazil","São Paulo","São Paulo",,"check_local.2municip.","Eugenia involucrata","DC.","name_w_authors","Myrtaceae","Eugenia involucrata","DC.","species","name accepted","bfo-10419",,,"Eugenia involucrata DC.","Eugenia","Myrtaceae","medium","Eugenia involucrata"
"gbif",,"SMDB","19833","Calycorectes pohlianus (O.Berg) Kiaersk.","Plantae","Myrtaceae","Calycorectes","2005","10","27","Brasil","São Paulo",,"Parque Estadual Alberto Löfgren","UFSM","PRESERVED_SPECIMEN","Sakita, MN",,,,,,"https://specieslink.net/col/445","pohlianus","Sakita, MN",,,"2024-12-12 09:17:25","(O. Berg) Kiaersk.","s.n.",,,,,"Tracheophyta","Myrtales",,,"Magnoliopsida",,,,,,,,"GBIF","São Paulo","2005-01-01","Calycorectes pohlianus (O.Berg) Kiaersk.",,"BR",,,"2005-10-27",,,,,,"ACCEPTED","SPECIES",,,,,,,,,,,,,,,"brazil","sao paulo","sao paulo","parque estadual alberto lofgren",,"locality","brazil_sao paulo_sao paulo","brazil_sao paulo_sao paulo",-23.65041685,-46.64802516,"county","3342945349",,,,"https://specieslink.net/guid/445/19833",,,,,"PRESENT",,,,,,,,,,,,,,,,,,,,,,,,,,,,,,"Calycorectes",,,,,,"2deca60c-f147-417f-9af4-b52067589e99",,,FALSE,FALSE,"Calycorectes pohlianus","Calycorectes pohlianus","null",FALSE,"LATIN_AMERICA","LATIN_AMERICA","EN","https://images.cria.org.br/viewer/SMDB019833","WGS84",,,,,,,,,,,,,,,,,,"brazil_sao paulo_sao paulo","Brazil","São Paulo","São Paulo",,"check_local.2municip.","Eugenia longohypanthiata","Giaretta","name_w_authors","Myrtaceae","Eugenia longohypanthiata","Giaretta","species","replaced synonym","bfo-607044","Eugenia longohypanthiata","Giaretta","Eugenia longohypanthiata Giaretta","Eugenia","Myrtaceae","unknown","Eugenia longohypanthiata"
"gbif",,"MBM","169210","Sebastiania serrata (Baill. ex Müll.Arg.) Müll.Arg.","Plantae","Euphorbiaceae","Sebastiania","1993","10","6","Brazil","São Paulo",,"Parque Estadual Alberto Löfgren.","MBM","PRESERVED_SPECIMEN","Pastore, JA",,,,,,"https://specieslink.net/col/40","serrata","Guillaumon, JR",,,"2025-01-01 00:01:03","(Baill. ex Mull. Arg.) Müll.Arg.","s.n.",,,,,"Tracheophyta","Malpighiales",,,"Magnoliopsida",,,,,,,,"GBIF","São Paulo",,"Sebastiania serrata (Baill. ex Müll.Arg.) Müll.Arg.",,"BR",,,"1993-10-06",,,,,,"ACCEPTED","SPECIES",,,,,,,,,,,,,,,"brazil","sao paulo","sao paulo","parque estadual alberto lofgren",,"locality","brazil_sao paulo_sao paulo","brazil_sao paulo_sao paulo",-23.65041685,-46.64802516,"county","1095513066",,,,"https://specieslink.net/guid/40/169210",,,,,"PRESENT",,,,,,,,,,,,,,,,,,,,,,,,,,,,,,"Sebastiania",,,,,,"3b8e9d83-b2d4-4a97-973c-31d98b67b1e9",,,FALSE,FALSE,"Sebastiania serrata","Sebastiania serrata","null",FALSE,"LATIN_AMERICA","LATIN_AMERICA","NE","https://images.cria.org.br/viewer/MBM169210","WGS84",,,,,,,,,,,,,,,,,,"brazil_sao paulo_sao paulo","Brazil","São Paulo","São Paulo",,"check_local.2municip.","Gymnanthes serrata","Baill. ex Müll.Arg.","name_w_authors","Euphorbiaceae","Gymnanthes serrata","Baill. ex Müll.Arg.","species","replaced synonym","bfo-55525","Gymnanthes serrata","Baill. ex Müll.Arg.","Gymnanthes serrata Baill. ex Müll.Arg.","Gymnanthes","Euphorbiaceae","unknown","Gymnanthes serrata"
"gbif",,"FLOR","42605","Ipomoea alba L.","Plantae","Convolvulaceae","Ipomoea","1997","9","12","Brasil","São Paulo",,"Parque Estadual Alberto Löfgren, área administrativa, próximo a casa 31","UFSC","PRESERVED_SPECIMEN","Simão-Bianchini, R.",,,,,,"https://specieslink.net/col/268","alba","Baitello, J.B.",,,"2025-01-01 12:02:28","L.","813",,,,,"Tracheophyta","Solanales",,,"Magnoliopsida",,,,,,,,"GBIF","São Paulo","2004-01-30","Ipomoea alba L.",,"BR",,,"1997-09-12",,,,,,"ACCEPTED","SPECIES",,,,,,,,,,,,,,,"brazil","sao paulo","sao paulo","parque estadual alberto lofgren",,"locality","brazil_sao paulo_sao paulo","brazil_sao paulo_sao paulo",-23.65041685,-46.64802516,"county","1077366166",,,,"https://specieslink.net/guid/268/42605",,,,,"PRESENT",,,,,,,,,,,,,,,,,,,,,,,,,,,,,,"Ipomoea",,,,,,"121275a3-dcce-44f4-9868-37326e9f64ef",,,FALSE,FALSE,"Ipomoea alba","Ipomoea alba","null",FALSE,"LATIN_AMERICA","LATIN_AMERICA","LC",,"WGS84",,,,,,,,,,,,,,,,,,"brazil_sao paulo_sao paulo","Brazil","São Paulo","São Paulo",,"check_local.2municip.","Ipomoea alba","L.","name_w_authors","Convolvulaceae","Ipomoea alba","L.","species","name accepted","bfo-7022",,,"Ipomoea alba L.","Ipomoea","Convolvulaceae","unknown","Ipomoea alba"
"gbif",,"CEN","CEN00133867","Lagerstroemia indica L.","Plantae","Lythraceae","Lagerstroemia",,,,"BR","São Paulo",,"Parque Estadual Alberto Löfgren (Horto Florestal).","CEN","PRESERVED_SPECIMEN","M. Koscinski",,,,,,,"indica","Mansueto Koscinski","-46.63","-23.54",,"L.",,,,,,"Tracheophyta","Myrtales",,,"Magnoliopsida",,,,,,,,"GBIF","SAO PAULO",,"Lagerstroemia indica L.","Herbário Virtual REFLORA Disponível em: http://herbariovirtualreflora.jbrj.gov.br/reflora/herbarioVirtual/ConsultaPublicoHVUC/ConsultaPublicoHVUC.do?idTestemunho=6777457","BR",,,,"Err:+-53584 WGS84. Doação do Herbário D. Bento Pickel - SPSF 6523.",,,,,"ACCEPTED","SPECIES",,,,,,,,,,,,,,,"brazil","sao paulo","sao paulo","parque estadual alberto lofgren horto florestal",,"locality","brazil_sao paulo_sao paulo","brazil_sao paulo_sao paulo",-23.65041685,-46.64802516,"county","4999687811",,,,"6777457",,,,,"PRESENT",,,,,,"jbrj-public.s3-sa-east-1.amazonaws.com/fsi/server?type=image&source=DZI/cen/cen/0/13/38/67/cen00133867.dzi",,,,,,,,,,,,,,,,,,,,,,,,"Lagerstroemia",,,,,,"9e54731f-ca52-4389-95cb-e4feedc7593e",,,TRUE,FALSE,"Lagerstroemia indica","Lagerstroemia indica L.","null",FALSE,"LATIN_AMERICA","LATIN_AMERICA","LC","jbrj-public.s3-sa-east-1.amazonaws.com/fsi/server?type=image&source=DZI/cen/cen/0/13/38/67/cen00133867.dzi",,,,,,,,,,,,,,,,,,,"brazil_sao paulo_sao paulo","Brazil","São Paulo","São Paulo",,"check_local.2municip.","Lagerstroemia indica","L.","name_w_authors","Lythraceae","Lagerstroemia indica","L.","species","name accepted","bfo-610010",,,"Lagerstroemia indica L.","Lagerstroemia","Lythraceae","unknown","Lagerstroemia indica"
"gbif",,"SP-BRYOPHYTA","408456","Lejeuneaceae","Plantae","Lejeuneaceae",,"2007","12","18","BRASIL","São Paulo",,"Parque Estadual Alberto Löfgren, Cantareira","IPA/SP","PRESERVED_SPECIMEN",,,,,,,"https://specieslink.net/col/339",,"Yano, O.; Yano, T.",,,"2019-05-02 10:53:48",,"30675",,,,,"Marchantiophyta","Porellales",,,"Jungermanniopsida",,,,,,,,"GBIF","São Paulo",,"Lejeuneaceae",,"BR",,,"2007-12-18",,,,,,"ACCEPTED","FAMILY",,,,,,,,,,,,,,,"brazil","sao paulo","sao paulo","parque estadual alberto lofgren",,"locality","brazil_sao paulo_sao paulo","brazil_sao paulo_sao paulo",-23.65041685,-46.64802516,"county","1803043057",,,,"https://specieslink.net/guid/339/408456",,,,,"PRESENT",,,,,,,,,,,,,,,,,,,,,,,,,,,,,,,,,,,,"f2f31bf8-abd3-4bbc-b55e-8fa88c5c8222",,,FALSE,FALSE,,,"null",FALSE,"LATIN_AMERICA","LATIN_AMERICA","NE",,"WGS84",,,,,,,,,,,,,,,,,,"brazil_sao paulo_sao paulo","Brazil","São Paulo","São Paulo",,"check_local.2municip.","Lejeuneaceae sp.",,"family_as_genus",,"Lejeuneaceae sp.",,"genus","not found",,,,"Lejeuneaceae sp.","Lejeuneaceae","Fabaceae","unknown",
"gbif",,"HUEFS","169161","Machaerium villosum Vogel","Plantae","Fabaceae","Machaerium","2004","3","24","Brasil","São Paulo",,"Parque Estadual Alberto Löfgren.","UEFS","PRESERVED_SPECIMEN","F.A.R.D.P.Arzolla",,,,,,"https://specieslink.net/col/204","villosum","Arzolla, F.A.R.D.P.",,,"2024-12-20 13:10:33","Vogel","492",,,,,"Tracheophyta","Fabales",,,"Magnoliopsida",,,,,,,,"GBIF","São Paulo","2004-04-01","Machaerium villosum Vogel",,"BR",,,"2004-03-24",,,,,,"ACCEPTED","SPECIES",,,,,,,,,,,,,,,"brazil","sao paulo","sao paulo","parque estadual alberto lofgren",,"locality","brazil_sao paulo_sao paulo","brazil_sao paulo_sao paulo",-23.65041685,-46.64802516,"county","1094886224",,,,"https://specieslink.net/guid/204/169161",,,,,"PRESENT",,,,,,,,,,,,,,,,,,,,,,,,,,,,,,"Machaerium",,,,,,"2e684fd6-09e2-4661-910a-0a188b610c04",,,FALSE,FALSE,"Machaerium villosum","Machaerium villosum","null",FALSE,"LATIN_AMERICA","LATIN_AMERICA","VU","https://images.cria.org.br/viewer/HUEFS0169161","WGS84",,,,,,,,,,,,,,,,,,"brazil_sao paulo_sao paulo","Brazil","São Paulo","São Paulo",,"check_local.2municip.","Machaerium villosum","Vogel","name_w_authors","Fabaceae","Machaerium villosum","Vogel","species","name accepted","bfo-29784",,,"Machaerium villosum Vogel","Machaerium","Fabaceae","unknown","Machaerium villosum"
"gbif",,"MBM","228072","Miconia ligustroides (DC.) Naudin","Plantae","Melastomataceae","Miconia",,,,"Brazil","São Paulo",,"Parque Estadual Alberto Löfgren.","MBM","PRESERVED_SPECIMEN","Goldenberg, R",,,,,,"https://specieslink.net/col/40","ligustroides","Dias, AC; et al.",,,"2025-01-01 00:01:03","(DC.) Naudin","s.n.",,,,,"Tracheophyta","Myrtales",,,"Magnoliopsida",,,,,,,,"GBIF","São Paulo",,"Miconia ligustroides (DC.) Naudin",,"BR",,,,,,,,,"ACCEPTED","SPECIES",,,,,,,,,,,,,,,"brazil","sao paulo","sao paulo","parque estadual alberto lofgren",,"locality","brazil_sao paulo_sao paulo","brazil_sao paulo_sao paulo",-23.65041685,-46.64802516,"county","1095562182",,,,"https://specieslink.net/guid/40/228072",,,,,"PRESENT",,,,,,,,,,,,,,,,,,,,,,,,,,,,,,"Miconia",,,,,,"3b8e9d83-b2d4-4a97-973c-31d98b67b1e9",,,FALSE,FALSE,"Miconia ligustroides","Miconia ligustroides","null",FALSE,"LATIN_AMERICA","LATIN_AMERICA","LC","https://images.cria.org.br/viewer/MBM228072","WGS84",,,,,,,,,,,,,,,,,,"brazil_sao paulo_sao paulo","Brazil","São Paulo","São Paulo",,"check_local.2municip.","Miconia ligustroides","(DC.) Naudin","name_w_authors","Melastomataceae","Miconia ligustroides","(DC.) Naudin","species","name accepted","bfo-9726",,,"Miconia ligustroides (DC.) Naudin","Miconia","Melastomataceae","unknown","Miconia ligustroides"
"gbif",,"MBM","199291","Mikania micrantha Kunth","Plantae","Asteraceae","Mikania","1992","4","8","Brazil","São Paulo",,"Parque Estadual Alberto Löfgren.","MBM","PRESERVED_SPECIMEN","Franco, GADC",,,,,,"https://specieslink.net/col/40","micrantha","Pastore, JA; et al.",,,"2025-01-01 00:01:03","Kunth","410",,,,,"Tracheophyta","Asterales",,,"Magnoliopsida",,,,,,,,"GBIF","São Paulo",,"Mikania micrantha Kunth",,"BR",,,"1992-04-08",,,,,,"ACCEPTED","SPECIES",,,,,,,,,,,,,,,"brazil","sao paulo","sao paulo","parque estadual alberto lofgren",,"locality","brazil_sao paulo_sao paulo","brazil_sao paulo_sao paulo",-23.65041685,-46.64802516,"county","1095538241",,,,"https://specieslink.net/guid/40/199291",,,,,"PRESENT",,,,,,,,,,,,,,,,,,,,,,,,,,,,,,"Mikania",,,,,,"3b8e9d83-b2d4-4a97-973c-31d98b67b1e9",,,FALSE,FALSE,"Mikania micrantha","Mikania micrantha","null",FALSE,"LATIN_AMERICA","LATIN_AMERICA","NE","https://images.cria.org.br/viewer/MBM199291","WGS84",,,,,,,,,,,,,,,,,,"brazil_sao paulo_sao paulo","Brazil","São Paulo","São Paulo",,"check_local.2municip.","Mikania micrantha","Kunth","name_w_authors","Asteraceae","Mikania micrantha","Kunth","species","name accepted","bfo-5456",,,"Mikania micrantha Kunth","Mikania","Asteraceae","unknown","Mikania micrantha"
"gbif",,"MBM","376994","Nectandra barbellata Coe-Teix.","Plantae","Lauraceae","Nectandra",,,,"Brazil","São Paulo",,"Parque Estadual Alberto Löfgren, ao lado do Museu Florestal","MBM","PRESERVED_SPECIMEN","Baitello, J.B.",,,,,,"https://specieslink.net/col/40","barbellata","Baitello, J.B.; Aguiar, O.T.;Moraes, P.L.R.;Rohwer, J.",,,"2025-01-01 00:01:03","Coe-Teix.","2559",,,,,"Tracheophyta","Laurales",,,"Magnoliopsida",,,,,,,,"GBIF","São Paulo","2011-01-01","Nectandra barbellata Coe-Teix.",,"BR",,,,,,,,,"ACCEPTED","SPECIES",,,,,,,,,,,,,,,"brazil","sao paulo","sao paulo","parque estadual alberto lofgren",,"locality","brazil_sao paulo_sao paulo","brazil_sao paulo_sao paulo",-23.65041685,-46.64802516,"county","4974619961",,,,"https://specieslink.net/guid/40/376994",,,,,"PRESENT",,,,,,,,,,,,,,,,,,,,,,,,,,,,,,"Nectandra",,,,,,"3b8e9d83-b2d4-4a97-973c-31d98b67b1e9",,,FALSE,FALSE,"Nectandra barbellata","Nectandra barbellata","null",FALSE,"LATIN_AMERICA","LATIN_AMERICA","EN","https://images.cria.org.br/viewer/MBM376994","WGS84",,,,,,,,,,,,,,,,,,"brazil_sao paulo_sao paulo","Brazil","São Paulo","São Paulo",,"check_local.2municip.","Nectandra barbellata","Coe-Teix.","name_w_authors","Lauraceae","Nectandra barbellata","Coe-Teix.","species","name accepted","bfo-8425",,,"Nectandra barbellata Coe-Teix.","Nectandra","Lauraceae","unknown","Nectandra barbellata"
"gbif",,"MBM","262576","Nectandra oppositifolia Nees & Mart. ex Nees","Plantae","Lauraceae","Nectandra","2001","3","20","Brazil","São Paulo",,"Parque Estadual Alberto Löfgren, área administrativa, divisão de Dasonomia","MBM","PRESERVED_SPECIMEN","Moraes, P.L.R. de",,,,,,"https://specieslink.net/col/40","oppositifolia","Silva, E.L.",,,"2025-01-01 00:01:03","Nees & Mart.","50",,,,,"Tracheophyta","Laurales",,,"Magnoliopsida",,,,,,,,"GBIF","São Paulo","2009-05-06","Nectandra oppositifolia Nees & Mart. ex Nees",,"BR",,,"2001-03-20",,,,,,"ACCEPTED","SPECIES",,,,,,,,,,,,,,,"brazil","sao paulo","sao paulo","parque estadual alberto lofgren",,"locality","brazil_sao paulo_sao paulo","brazil_sao paulo_sao paulo",-23.65041685,-46.64802516,"county","1095589538",,,,"https://specieslink.net/guid/40/262576",,,,,"PRESENT",,,,,,,,,,,,,,,,,,,,,,,,,,,,,,"Nectandra",,,,,,"3b8e9d83-b2d4-4a97-973c-31d98b67b1e9",,,FALSE,FALSE,"Nectandra oppositifolia","Nectandra oppositifolia","null",FALSE,"LATIN_AMERICA","LATIN_AMERICA","LC","https://images.cria.org.br/viewer/MBM262576","WGS84",,,,,,,,,,,,,,,,,,"brazil_sao paulo_sao paulo","Brazil","São Paulo","São Paulo",,"check_local.2municip.","Nectandra oppositifolia","Nees & Mart.","name_w_authors","Lauraceae","Nectandra oppositifolia","Nees & Mart.","species","author misspelled","bfo-8434",,,"Nectandra oppositifolia Nees & Mart.","Nectandra","Lauraceae","unknown","Nectandra oppositifolia"
"gbif",,"HUEFS","177488","Ocimum basilicum L.","Plantae","Lamiaceae","Ocimum","2004","9","28","Brasil","São Paulo",,"Parque Estadual Alberto Löfgren, área administrativa, divisão de Dasonomia, próximo ao laboratório de fitoquímica, cultivada.","UEFS","PRESERVED_SPECIMEN","F.S.Peres",,,,,,"https://specieslink.net/col/204","basilicum","Sakita, M.N.",,,"2024-10-29 07:27:24","L.","spsf33540",,,,,"Tracheophyta","Lamiales",,,"Magnoliopsida",,,,,,,,"GBIF","São Paulo","2004-09-01","Ocimum basilicum L.",,"BR",,,"2004-09-28",,,,,,"ACCEPTED","SPECIES",,,,,,,,,,,,,,,"brazil","sao paulo","sao paulo","parque estadual alberto lofgren",,"locality","brazil_sao paulo_sao paulo","brazil_sao paulo_sao paulo",-23.65041685,-46.64802516,"county","1094894556",,,,"https://specieslink.net/guid/204/177488",,,,,"PRESENT",,,,,,,,,,,,,,,,,,,,,,,,,,,,,,"Ocimum",,,,,,"2e684fd6-09e2-4661-910a-0a188b610c04",,,FALSE,FALSE,"Ocimum basilicum","Ocimum basilicum","null",FALSE,"LATIN_AMERICA","LATIN_AMERICA","NE","https://images.cria.org.br/viewer/HUEFS0177488","WGS84",,,,,,,,,,,,,,,,,,"brazil_sao paulo_sao paulo","Brazil","São Paulo","São Paulo",,"check_local.2municip.","Ocimum basilicum","L.","name_w_authors","Lamiaceae","Ocimum basilicum","L.","species","name accepted","bfo-117019",,,"Ocimum basilicum L.","Ocimum","Lamiaceae","unknown","Ocimum basilicum"
"gbif",,"HUEFS","169190","Ocimum gratissimum L.","Plantae","Lamiaceae","Ocimum","2005","7","13","Brasil","São Paulo",,"Parque Estadual Alberto Löfgren, área administrativa, Divisão de Dasonomia.","UEFS","PRESERVED_SPECIMEN","G.A.D.C.Franco",,,,,,"https://specieslink.net/col/204","gratissimum","Sakita, M.N.",,,"2024-10-29 07:27:24","L.","SPSF34914",,,,,"Tracheophyta","Lamiales",,,"Magnoliopsida",,,,,,,,"GBIF","São Paulo","2005-07-01","Ocimum gratissimum L.",,"BR",,,"2005-07-13",,,,,,"ACCEPTED","SPECIES",,,,,,,,,,,,,,,"brazil","sao paulo","sao paulo","parque estadual alberto lofgren",,"locality","brazil_sao paulo_sao paulo","brazil_sao paulo_sao paulo",-23.65041685,-46.64802516,"county","1094886274",,,,"https://specieslink.net/guid/204/169190",,,,,"PRESENT",,,,,,,,,,,,,,,,,,,,,,,,,,,,,,"Ocimum",,,,,,"2e684fd6-09e2-4661-910a-0a188b610c04",,,FALSE,FALSE,"Ocimum gratissimum","Ocimum gratissimum","null",FALSE,"LATIN_AMERICA","LATIN_AMERICA","NE","https://images.cria.org.br/viewer/HUEFS0169190","WGS84",,,,,,,,,,,,,,,,,,"brazil_sao paulo_sao paulo","Brazil","São Paulo","São Paulo",,"check_local.2municip.","Ocimum gratissimum","L.","name_w_authors","Lamiaceae","Ocimum gratissimum","L.","species","name accepted","bfo-23332",,,"Ocimum gratissimum L.","Ocimum","Lamiaceae","unknown","Ocimum gratissimum"
"gbif",,"HURB","3136","Ocotea odorifera (Vell.) Rohwer","Plantae","Lauraceae","Mespilodaphne","1993","7","13","Brasil","São Paulo",,"Parque Estadual Alberto Löfgren.","UFRB","PRESERVED_SPECIMEN","J.B. Baitello",,,,,,"https://specieslink.net/col/419","odorifera","Aguiar, O.T.; Esteve, R.",,,"2025-01-01 12:05:12","(Vell.) Rohwer","453",,,,,"Tracheophyta","Laurales",,,"Magnoliopsida",,,,,,,,"GBIF","São Paulo","1993-07-30","Mespilodaphne quixos (Lam.) Rohwer",,"BR",,,"1993-07-13",,,,,,"SYNONYM","SPECIES",,,,,,,,,,,,,,,"brazil","sao paulo","sao paulo","parque estadual alberto lofgren",,"locality","brazil_sao paulo_sao paulo","brazil_sao paulo_sao paulo",-23.65041685,-46.64802516,"county","1087703853",,,,"https://specieslink.net/guid/419/3136",,,,,"PRESENT",,,,,,,,,,,,,,,,,,,,,,,,,,,,,,"Ocotea",,,,,,"a8e78a51-12b2-4ca1-8945-6d909022ef6a",,,FALSE,FALSE,"Mespilodaphne quixos","Ocotea odorifera","null",FALSE,"LATIN_AMERICA","LATIN_AMERICA","NE","https://images.cria.org.br/viewer/HURB000003136","WGS84",,,,,,,,,,,,,,,,,,"brazil_sao paulo_sao paulo","Brazil","São Paulo","São Paulo",,"check_local.2municip.","Ocotea odorifera","(Vell.) Rohwer","name_w_authors","Lauraceae","Ocotea odorifera","(Vell.) Rohwer","species","name accepted","bfo-8476",,,"Ocotea odorifera (Vell.) Rohwer","Ocotea","Lauraceae","unknown","Ocotea odorifera"
"gbif",,"MBM","235522","Ocotea puberula (Rich.) Nees","Plantae","Lauraceae","Ocotea",,,,"Brazil","São Paulo",,"Parque Estadual Alberto Löfgren.","MBM","PRESERVED_SPECIMEN","Baitello, JB",,,,,,"https://specieslink.net/col/40","puberula","Silva, EL",,,"2025-01-01 00:01:03","(Rich.) Nees","47",,,,,"Tracheophyta","Laurales",,,"Magnoliopsida",,,,,,,,"GBIF","São Paulo",,"Ocotea puberula (Rich.) Nees",,"BR",,,,,,,,,"ACCEPTED","SPECIES",,,,,,,,,,,,,,,"brazil","sao paulo","sao paulo","parque estadual alberto lofgren",,"locality","brazil_sao paulo_sao paulo","brazil_sao paulo_sao paulo",-23.65041685,-46.64802516,"county","1095568556",,,,"https://specieslink.net/guid/40/235522",,,,,"PRESENT",,,,,,,,,,,,,,,,,,,,,,,,,,,,,,"Ocotea",,,,,,"3b8e9d83-b2d4-4a97-973c-31d98b67b1e9",,,FALSE,FALSE,"Ocotea puberula","Ocotea puberula","null",FALSE,"LATIN_AMERICA","LATIN_AMERICA","LC","https://images.cria.org.br/viewer/MBM235522","WGS84",,,,,,,,,,,,,,,,,,"brazil_sao paulo_sao paulo","Brazil","São Paulo","São Paulo",,"check_local.2municip.","Ocotea puberula","(Rich.) Nees","name_w_authors","Lauraceae","Ocotea puberula","(Rich.) Nees","species","name accepted","bfo-8507",,,"Ocotea puberula (Rich.) Nees","Ocotea","Lauraceae","unknown","Ocotea puberula"
"gbif",,"UEC","145717","Piper arboreum Aubl.","Plantae","Piperaceae","Piper","2008","4","7","Brazil","São Paulo",,"Parque Estadual Alberto Löfgren, Proximidades da área ocupada pelo Clube do Tiro, regeneração da Floresta Ombrófla Densa Montana sob plantios.&nf;Altitude de 811 metros.","UNICAMP","PRESERVED_SPECIMEN","Arzolla, FARDP",,,,,,"https://specieslink.net/col/2","arboreum","Arzolla, FARDP; et al.","-46.645222","-23.461472","2024-11-25 11:32:35","Aubl.","1349",,,,,"Tracheophyta","Piperales",,,"Magnoliopsida",,,,,,,,"GBIF","São Paulo","2009-09-10","Piper arboreum Aubl.",,"BR",,,"2008-04-07",,,,,,"ACCEPTED","SPECIES",,,,,,,,,,,,,,,"brazil","sao paulo","sao paulo","parque estadual alberto lofgren",,"locality","brazil_sao paulo_sao paulo","brazil_sao paulo_sao paulo",-23.65041685,-46.64802516,"county","1089087045",,,,"https://specieslink.net/guid/2/145717",,,,,"PRESENT",,,,,,,,,,,,,,,,,,,,,,,,,,,,,,"Piper",,,,,,"7741a517-ab3d-4b85-ae58-56322e44c8ce",,,TRUE,FALSE,"Piper arboreum","Piper arboreum","null",FALSE,"LATIN_AMERICA","LATIN_AMERICA","NE","https://images.cria.org.br/viewer/UEC149791","WGS84",,,,,,,,,,,,,,,,,,"brazil_sao paulo_sao paulo","Brazil","São Paulo","São Paulo",,"check_local.2municip.","Piper arboreum","Aubl.","name_w_authors","Piperaceae","Piper arboreum","Aubl.","species","name accepted","bfo-12748",,,"Piper arboreum Aubl.","Piper","Piperaceae","unknown","Piper arboreum"
"gbif",,"UEC","145718","Piper permucronatum Yunck.","Plantae","Piperaceae","Piper","2008","4","1","Brazil","São Paulo",,"Parque Estadual Alberto Löfgren, Região do São Gualberto. Floresta Ombrófila Densa Montana. Estádio médio de regeneração. Altitude aproximada de 811 metros.","UNICAMP","PRESERVED_SPECIMEN","Beluco, LES",,,,,,"https://specieslink.net/col/2","permucronatum","Souza, SCPM; Arzolla, FARDP; Moura, C; Vilela, FESP; Pastore, JFB","-46.636667","-23.455556","2024-11-25 11:32:38","Yunck.","6",,,,,"Tracheophyta","Piperales",,,"Magnoliopsida",,,,,,,,"GBIF","São Paulo","2009-09-10","Piper permucronatum Yunck.",,"BR",,,"2008-04-01",,,,,,"ACCEPTED","SPECIES",,,,,,,,,,,,,,,"brazil","sao paulo","sao paulo","parque estadual alberto lofgren",,"locality","brazil_sao paulo_sao paulo","brazil_sao paulo_sao paulo",-23.65041685,-46.64802516,"county","1089087038",,,,"https://specieslink.net/guid/2/145718",,,,,"PRESENT",,,,,,,,,,,,,,,,,,,,,,,,,,,,,,"Piper",,,,,,"7741a517-ab3d-4b85-ae58-56322e44c8ce",,,TRUE,FALSE,"Piper permucronatum","Piper permucronatum","null",FALSE,"LATIN_AMERICA","LATIN_AMERICA","NE","https://images.cria.org.br/viewer/UEC149985","WGS84",,,,,,,,,,,,,,,,,,"brazil_sao paulo_sao paulo","Brazil","São Paulo","São Paulo",,"check_local.2municip.","Piper permucronatum","Yunck.","name_w_authors","Piperaceae","Piper permucronatum","Yunck.","species","name accepted","bfo-12827",,,"Piper permucronatum Yunck.","Piper","Piperaceae","unknown","Piper permucronatum"
"gbif",,"SMDB","21339","Plantago tomentosa Lam.","Plantae","Plantaginaceae","Plantago","2003","11","21","Brasil","São Paulo",,"Parque Estadual Alberto Löfgren, área administrativa, na Divisão de Dasonomia","UFSM","PRESERVED_SPECIMEN","Sakita, MN",,,,,,"https://specieslink.net/col/445","tomentosa","Sakita, MN",,,"2024-12-12 09:17:47","Lam.","s.n.",,,,,"Tracheophyta","Lamiales",,,"Magnoliopsida",,,,,,,,"GBIF","São Paulo","2003-11-21","Plantago tomentosa Lam.",,"BR",,,"2003-11-21",,,,,,"ACCEPTED","SPECIES",,,,,,,,,,,,,,,"brazil","sao paulo","sao paulo","parque estadual alberto lofgren",,"locality","brazil_sao paulo_sao paulo","brazil_sao paulo_sao paulo",-23.65041685,-46.64802516,"county","4953382962",,,,"https://specieslink.net/guid/445/21339",,,,,"PRESENT",,,,,,,,,,,,,,,,,,,,,,,,,,,,,,"Plantago",,,,,,"2deca60c-f147-417f-9af4-b52067589e99",,,FALSE,FALSE,"Plantago tomentosa","Plantago tomentosa","null",FALSE,"LATIN_AMERICA","LATIN_AMERICA","NE","https://images.cria.org.br/viewer/SMDB021339","WGS84",,,,,,,,,,,,,,,,,,"brazil_sao paulo_sao paulo","Brazil","São Paulo","São Paulo",,"check_local.2municip.","Plantago tomentosa","Lam.","name_w_authors","Plantaginaceae","Plantago tomentosa","Lam.","species","name accepted","bfo-12918",,,"Plantago tomentosa Lam.","Plantago","Plantaginaceae","unknown","Plantago tomentosa"
"gbif",,"MBM","353690","Platycyamus regnellii Benth.","Plantae","Fabaceae","Platycyamus","2001","3","22","Brazil","São Paulo",,"Parque Estadual Alberto Löfgren, arboreto Bassoti.","MBM","PRESERVED_SPECIMEN","Baitello, JB",,,,,,"https://specieslink.net/col/40","regnellii","Baitello, JB",,,"2025-01-01 00:01:03","Benth.","987",,,,,"Tracheophyta","Fabales",,,"Magnoliopsida",,,,,,,,"GBIF","São Paulo","2001-03-22","Platycyamus regnellii Benth.",,"BR",,,"2001-03-22",,,,,,"ACCEPTED","SPECIES",,,,,,,,,,,,,,,"brazil","sao paulo","sao paulo","parque estadual alberto lofgren",,"locality","brazil_sao paulo_sao paulo","brazil_sao paulo_sao paulo",-23.65041685,-46.64802516,"county","1095625795",,,,"https://specieslink.net/guid/40/353690",,,,,"PRESENT",,,,,,,,,,,,,,,,,,,,,,,,,,,,,,"Platycyamus",,,,,,"3b8e9d83-b2d4-4a97-973c-31d98b67b1e9",,,FALSE,FALSE,"Platycyamus regnellii","Platycyamus regnellii","null",FALSE,"LATIN_AMERICA","LATIN_AMERICA","LC","https://images.cria.org.br/viewer/MBM353690","WGS84",,,,,,,,,,,,,,,,,,"brazil_sao paulo_sao paulo","Brazil","São Paulo","São Paulo",,"check_local.2municip.","Platycyamus regnellii","Benth.","name_w_authors","Fabaceae","Platycyamus regnellii","Benth.","species","name accepted","bfo-29815",,,"Platycyamus regnellii Benth.","Platycyamus","Fabaceae","unknown","Platycyamus regnellii"
"gbif",,"SPF","110197","Tibouchina pulchra (Cham.) Cogn.","Plantae","Melastomataceae","Pleroma","1988","2","12","Brasil","São Paulo",,"Parque Estadual Alberto Löfgren, Instituto Florestal.","USP-IB","PRESERVED_SPECIMEN","Chiea, SAC",,,,,,"https://specieslink.net/col/7","pulchra","Rocha, FT",,,"2023-12-20 16:04:02","(Cham.) Cogn.","s.n.",,,,,"Tracheophyta","Myrtales",,,"Magnoliopsida",,,,,,,,"GBIF","São Paulo","1988-01-01","Pleroma raddianum (DC.) Gardner",,"BR",,,"1988-02-12",,,,,,"SYNONYM","SPECIES",,,,,,,,,,,,,,,"brazil","sao paulo","sao paulo","parque estadual alberto lofgren",,"locality","brazil_sao paulo_sao paulo","brazil_sao paulo_sao paulo",-23.65041685,-46.64802516,"county","1143411010",,,,"https://specieslink.net/guid/7/110197",,,,,"PRESENT",,,,,,,,,,,,,,,,,,,,,,,,,,,,,,"Tibouchina",,,,,,"1bb3cae3-b91f-4109-8a2d-a1f05f2d6fd3",,,FALSE,FALSE,"Pleroma raddianum","Tibouchina pulchra","null",FALSE,"LATIN_AMERICA","LATIN_AMERICA","LC","https://images.cria.org.br/viewer/SPF00110197","WGS84",,,,,,,,,,,,,,,,,,"brazil_sao paulo_sao paulo","Brazil","São Paulo","São Paulo",,"check_local.2municip.","Pleroma raddianum","(DC.) Gardner","name_w_authors","Melastomataceae","Pleroma raddianum","(DC.) Gardner","species","author misspelled|replaced synonym","bfo-603046","Pleroma raddianum","(DC.) Gardner","Pleroma raddianum (DC.) Gardner","Pleroma","Melastomataceae","unknown","Pleroma raddianum"
"gbif",,"BHCB","150313","Polystachya caracasana Rchb.f.","Plantae","Orchidaceae","Polystachya","2005","5","5","Brasil","São Paulo",,"Parque Estadual Alberto Löfgren","UFMG","PRESERVED_SPECIMEN",,,,,,,"https://specieslink.net/col/220","caracasana","Gobitta, MC; Arzolla, FARDP","-46.634736","-23.461958","2024-09-09 22:14:20","Rchb.f.","7","0","0",,,"Tracheophyta","Asparagales",,,"Liliopsida",,,,,,,,"GBIF","São Paulo","2005-05-18","Polystachya foliosa (Hook.) Rchb.f.",,"BR",,,"2005-05-05",,,,,,"SYNONYM","SPECIES",,,,,,,,,,,,,,,"brazil","sao paulo","sao paulo","parque estadual alberto lofgren",,"locality","brazil_sao paulo_sao paulo","brazil_sao paulo_sao paulo",-23.65041685,-46.64802516,"county","1087653532",,,,"https://specieslink.net/guid/220/150313",,,,,"PRESENT",,,,,,,,,,,,,,,,,,,,,,,,,,,,,,"Polystachya",,,,,,"d2470ef8-edfa-4ba7-821e-c3e1a537bdba",,,TRUE,FALSE,"Polystachya foliosa","Polystachya caracasana","null",FALSE,"LATIN_AMERICA","LATIN_AMERICA","NE",,"WGS84",,,,,,,,,,,,,,,,,,"brazil_sao paulo_sao paulo","Brazil","São Paulo","São Paulo",,"check_local.2municip.","Polystachya caracasana","Rchb.f.","name_w_authors","Orchidaceae","Polystachya caracasana","Rchb.f.","species","name accepted","bfo-69376",,,"Polystachya caracasana Rchb.f.","Polystachya","Orchidaceae","unknown","Polystachya caracasana"
"gbif",,"SPSF","34512","Polystachya estrellensis Rchb.f.","Plantae","Orchidaceae","Polystachya","2005","5","5","Brasil","Sp",,"Parque Estadual Alberto Löfgren","IF","PRESERVED_SPECIMEN","M.C.Gobitta",,,,,,"https://specieslink.net/col/13","estrellensis","M.C.Gobitta & F.A.R.D.P.Arzolla","-46.634722","-23.461944","2024-08-06 09:12:43",,"7",,,,,"Tracheophyta","Asparagales",,,"Liliopsida",,,,,,,,"GBIF","São Paulo","2005-05-18","Polystachya foliosa (Hook.) Rchb.f.",,"BR",,,"2005-05-05",,,,,,"SYNONYM","SPECIES",,,,,,,,,,,,,,,"brazil","sao paulo","sao paulo","parque estadual alberto lofgren",,"locality","brazil_sao paulo_sao paulo","brazil_sao paulo_sao paulo",-23.65041685,-46.64802516,"county","1086903250",,,,"https://specieslink.net/guid/13/34512",,,,,"PRESENT",,,,,,,,,,,,,,,,,,,,,,,,,,,,,,"Polystachya",,,,,,"16ed67e5-fd70-4fd4-85c3-70ea2da627fe",,,TRUE,FALSE,"Polystachya foliosa","Polystachya estrellensis","null",FALSE,"LATIN_AMERICA","LATIN_AMERICA","NE",,"WGS84",,,,,,,,,,,,,,,,,,"brazil_sao paulo_sao paulo","Brazil","São Paulo","São Paulo",,"check_local.2municip.","Polystachya concreta","(Jacq.) Garay & Sweet","name_w_authors","Orchidaceae","Polystachya concreta","(Jacq.) Garay & Sweet","species","replaced synonym","bfo-12070","Polystachya concreta","(Jacq.) Garay & Sweet","Polystachya concreta (Jacq.) Garay & Sweet","Polystachya","Orchidaceae","unknown","Polystachya concreta"
"gbif",,"BHCB-SL","150337","Pteris vittata L.","Plantae","Pteridaceae","Pteris","2008","3","1","Brasil","São Paulo",,"Parque Estadual Alberto Löfgren, Área administrativa, próximo ao prédio 5.","UFMG","PRESERVED_SPECIMEN","Prado, J",,,,,,"https://specieslink.net/col/453","vittata","Guillaumon, JR",,,"2022-12-26 10:33:37","L.","s.n",,,,,"Tracheophyta","Polypodiales",,,"Polypodiopsida",,,,,,,,"GBIF","São Paulo","2010-05-28","Pteris vittata L.",,"BR",,,"2008-03-01",,,,,,"ACCEPTED","SPECIES",,,,,,,,,,,,,,,"brazil","sao paulo","sao paulo","parque estadual alberto lofgren",,"locality","brazil_sao paulo_sao paulo","brazil_sao paulo_sao paulo",-23.65041685,-46.64802516,"county","1844430981",,,,"https://specieslink.net/guid/453/150337",,,,,"PRESENT",,,,,,,,,,,,,,,,,,,,,,,,,,,,,,"Pteris",,,,,,"ed8e1590-62b5-48a8-8654-4ecc13554f57",,,FALSE,FALSE,"Pteris vittata","Pteris vittata","null",FALSE,"LATIN_AMERICA","LATIN_AMERICA","LC",,"WGS84",,,,,,,,,,,,,,,,,,"brazil_sao paulo_sao paulo","Brazil","São Paulo","São Paulo",,"check_local.2municip.","Pteris vittata","L.","name_w_authors","Pteridaceae","Pteris vittata","L.","species","name accepted","bfo-92006",,,"Pteris vittata L.","Pteris","Pteridaceae","unknown","Pteris vittata"
"gbif",,"SP-BRYOPHYTA","408458","Ptychomitrium Fürnr.","Plantae","Ptychomitriaceae","Ptychomitrium","2007","12","18","BRASIL","São Paulo",,"Parque Estadual Alberto Löfgren, Cantareira","IPA/SP","PRESERVED_SPECIMEN",,,,,,,"https://specieslink.net/col/339",,"Yano, O.; Yano, T.",,,"2019-05-02 10:55:27",,"30677",,,,,"Bryophyta","Grimmiales",,,"Bryopsida",,,,,,,,"GBIF","São Paulo",,"Ptychomitrium Fürnr.",,"BR",,,"2007-12-18",,,,,,"ACCEPTED","GENUS",,,,,,,,,,,,,,,"brazil","sao paulo","sao paulo","parque estadual alberto lofgren",,"locality","brazil_sao paulo_sao paulo","brazil_sao paulo_sao paulo",-23.65041685,-46.64802516,"county","1803042976",,,,"https://specieslink.net/guid/339/408458",,,,,"PRESENT",,,,,,,,,,,,,,,,,,,,,,,,,,,,,,"Ptychomitrium",,,,,,"f2f31bf8-abd3-4bbc-b55e-8fa88c5c8222",,,FALSE,FALSE,,"Ptychomitrium","null",FALSE,"LATIN_AMERICA","LATIN_AMERICA","NE",,"WGS84",,,,,,,,,,,,,,,,,,"brazil_sao paulo_sao paulo","Brazil","São Paulo","São Paulo",,"check_local.2municip.","Ptychomitrium","Fürnr.","name_w_authors",,"Ptychomitrium","Fürnr.","genus","not found",,,,"Ptychomitrium Fürnr.","Ptychomitrium","Olacaceae","unknown",
"gbif",,"HUEFS","169182","Salvia guaranitica A.St.-Hil. ex Benth.","Plantae","Lamiaceae","Salvia","1993","9","13","Brasil","São Paulo",,"Parque Estadual Alberto Löfgren, área administrativa, próximo à Colônia situada em frente ao viveiro de mudas.","UEFS","PRESERVED_SPECIMEN","E.P.dos Santos",,,,,,"https://specieslink.net/col/204","guaranitica","Pastore, J.A.",,,"2024-10-29 07:27:31","A.St.-Hil. ex Benth.","483",,,,,"Tracheophyta","Lamiales",,,"Magnoliopsida",,,,,,,,"GBIF","São Paulo","2007-04-01","Salvia guaranitica A.St.-Hil. ex Benth.",,"BR",,,"1993-09-13",,,,,,"ACCEPTED","SPECIES",,,,,,,,,,,,,,,"brazil","sao paulo","sao paulo","parque estadual alberto lofgren",,"locality","brazil_sao paulo_sao paulo","brazil_sao paulo_sao paulo",-23.65041685,-46.64802516,"county","1094886245",,,,"https://specieslink.net/guid/204/169182",,,,,"PRESENT",,,,,,,,,,,,,,,,,,,,,,,,,,,,,,"Salvia",,,,,,"2e684fd6-09e2-4661-910a-0a188b610c04",,,FALSE,FALSE,"Salvia guaranitica","Salvia guaranitica","null",FALSE,"LATIN_AMERICA","LATIN_AMERICA","NE","https://images.cria.org.br/viewer/HUEFS0169182","WGS84",,,,,,,,,,,,,,,,,,"brazil_sao paulo_sao paulo","Brazil","São Paulo","São Paulo",,"check_local.2municip.","Salvia guaranitica","A.St.-Hil. ex Benth.","name_w_authors","Lamiaceae","Salvia guaranitica","A.St.-Hil. ex Benth.","species","name accepted","bfo-8322",,,"Salvia guaranitica A.St.-Hil. ex Benth.","Salvia","Lamiaceae","unknown","Salvia guaranitica"
"gbif",,"VIC","46600","Senegalia grandistipula (Benth.) Seigler & Ebinger","Plantae","Fabaceae","Senegalia","2003","2","24","Brasil","São Paulo",,"Parque Estadual Alberto Löfgren., Área administrativa.","UFV","PRESERVED_SPECIMEN","Pastore, J.A.",,,,,,"https://specieslink.net/col/441","grandistipula","Rocha, F.T.; Florsheim, E.B.",,,"2024-12-10 08:16:09","(Benth.) Seigler & Ebinger","109",,,,,"Tracheophyta","Fabales",,,"Magnoliopsida",,,,,,,,"GBIF","São Paulo","2003-02-25","Senegalia grandistipula (Benth.) Seigler & Ebinger",,"BR",,,"2003-02-24",,,,,,"ACCEPTED","SPECIES",,,,,,,,,,,,,,,"brazil","sao paulo","sao paulo","parque estadual alberto lofgren",,"locality","brazil_sao paulo_sao paulo","brazil_sao paulo_sao paulo",-23.65041685,-46.64802516,"county","1585191833",,,,"https://specieslink.net/guid/441/46600",,,,,"PRESENT",,,,,,,,,,,,,,,,,,,,,,,,,,,,,,"Senegalia",,,,,,"68c90cbc-e74b-4fb6-8ee4-6fa3bd247837",,,FALSE,FALSE,"Senegalia grandistipula","Senegalia grandistipula","null",FALSE,"LATIN_AMERICA","LATIN_AMERICA","NE","https://images.cria.org.br/viewer/VIC046600","WGS84",,,,,,,,,,,,,,,,,,"brazil_sao paulo_sao paulo","Brazil","São Paulo","São Paulo",,"check_local.2municip.","Senegalia grandistipula","(Benth.) Seigler & Ebinger","name_w_authors","Fabaceae","Senegalia grandistipula","(Benth.) Seigler & Ebinger","species","name accepted","bfo-101001",,,"Senegalia grandistipula (Benth.) Seigler & Ebinger","Senegalia","Fabaceae","unknown","Senegalia grandistipula"
"speciesLink",,"MACK","308","Sesbania marginata","Plantae","Fabaceae","Sesbania","2003","01","18","Brasil","SP","São Paulo","Parque Estadual Alberto Löfgren, viveiro de mudas.","UPM","PreservedSpecimen","J. A. Pastore","2003","02","25",,,"427","marginata","F. S. Peres","-46.6300010681152","-23.5400009155273","2020-01-20T14:40:30","Benth.","6",,,,"53584",,,,,,,,,,,,,"SPLINK","São Paulo","2003-02-25",,,,,,,,,,,,,,,,,,"MACK",,"Peres, F.S.","6","2003","Pastore, J.A.","2003",,"Peres",,"brazil","sao paulo","sao paulo","parque estadual alberto lofgren",,"locality","brazil_sao paulo_sao paulo","brazil_sao paulo_sao paulo",-23.65041685,-46.64802516,"county",,,,,,,,,,,,,,,,,,,,,,,,,,,,,,,,,,,,,,,,,,,,,,,,,,,,,,,,,,,,,,,,,,,,,,,,,,,,,,,,,,"check_local.2municip.","Sesbania virgata","(Cav.) Poir.","possibly_ok","Fabaceae","Sesbania virgata","(Cav.) Poir.","species","replaced synonym","bfo-19125","Sesbania virgata","(Cav.) Poir.","Sesbania virgata (Cav.) Poir.","Sesbania","Fabaceae","low","Sesbania virgata"
"gbif",,"FUEL","31998","Sessea brasiliensis Toledo","Plantae","Solanaceae","Cestrum","1945","8","22","Brasil","São Paulo",,"Parque Estadual Alberto Löfgren","UEL","PRESERVED_SPECIMEN","Pickel",,,,,,"https://specieslink.net/col/48","brasiliensis","Pickel, B",,,"2024-12-05 15:06:38","Toledo","s.n.","0","0",,,"Tracheophyta","Solanales",,,"Magnoliopsida",,,,,,,,"GBIF","São Paulo","1945-01-01","Cestrum toledii Carvalho & Schnoor",,"BR",,,"1945-08-22",,,,,,"SYNONYM","SPECIES",,,,,,,,,,,,,,,"brazil","sao paulo","sao paulo","parque estadual alberto lofgren",,"locality","brazil_sao paulo_sao paulo","brazil_sao paulo_sao paulo",-23.65041685,-46.64802516,"county","2464850507",,,,"https://specieslink.net/guid/48/31998",,,,,"PRESENT",,,,,,,,,,,,,,,,,,,,,,,,,,,,,,"Sessea",,,,,,"78dcee36-b0a2-4679-802d-bc0b5016518b",,,FALSE,FALSE,"Cestrum toledii","Sessea brasiliensis","null",FALSE,"LATIN_AMERICA","LATIN_AMERICA","DD",,"WGS84",,,,,,,,,,,,,,,,,,"brazil_sao paulo_sao paulo","Brazil","São Paulo","São Paulo",,"check_local.2municip.","Sessea brasiliensis","Toledo","name_w_authors","Solanaceae","Sessea brasiliensis","Toledo","species","name accepted","bfo-14712",,,"Sessea brasiliensis Toledo","Sessea","Solanaceae","unknown","Sessea brasiliensis"
"gbif",,"SPF","191552","Solanum capsicoides All.","Plantae","Solanaceae","Solanum","2009","4","29","Brasil","São Paulo",,"Parque Estadual Alberto Löfgren","USP-IB","PRESERVED_SPECIMEN","Franco, GADC",,,,,,"https://specieslink.net/col/7","capsicoides","Cielo-Filho, R","-46.633333","-23.461667","2024-01-30 15:24:21","All.","851",,,,,"Tracheophyta","Solanales",,,"Magnoliopsida",,,,,,,,"GBIF","São Paulo","2009-04-01","Solanum capsicoides All.",,"BR",,,"2009-04-29",,,,,,"ACCEPTED","SPECIES",,,,,,,,,,,,,,,"brazil","sao paulo","sao paulo","parque estadual alberto lofgren",,"locality","brazil_sao paulo_sao paulo","brazil_sao paulo_sao paulo",-23.65041685,-46.64802516,"county","1978403766",,,,"https://specieslink.net/guid/7/191552",,,,,"PRESENT",,,,,,,,,,,,,,,,,,,,,,,,,,,,,,"Solanum",,,,,,"1bb3cae3-b91f-4109-8a2d-a1f05f2d6fd3",,,TRUE,FALSE,"Solanum capsicoides","Solanum capsicoides","null",FALSE,"LATIN_AMERICA","LATIN_AMERICA","NE","https://images.cria.org.br/viewer/SPF00191552","WGS84",,,,,,,,,,,,,,,,,,"brazil_sao paulo_sao paulo","Brazil","São Paulo","São Paulo",,"check_local.2municip.","Solanum capsicoides","All.","name_w_authors","Solanaceae","Solanum capsicoides","All.","species","name accepted","bfo-14742",,,"Solanum capsicoides All.","Solanum","Solanaceae","unknown","Solanum capsicoides"
"gbif",,"BHCB","89444","Solanum concinnum Schott ex Sendtn.","Plantae","Solanaceae","Solanum","1995","6","12","Brasil","São Paulo",,"Parque Estadual Alberto Löfgren, Área degradada, rua em frente ao viveiro de muda.","UFMG","PRESERVED_SPECIMEN",,,,,,,"https://specieslink.net/col/220","concinnum","Pastore, JA",,,"2024-09-09 22:14:18","Schott ex Sendtn.","601","0","0",,,"Tracheophyta","Solanales",,,"Magnoliopsida",,,,,,,,"GBIF","São Paulo",,"Solanum concinnum Schott ex Sendtn.",,"BR",,,"1995-06-12",,,,,,"ACCEPTED","SPECIES",,,,,,,,,,,,,,,"brazil","sao paulo","sao paulo","parque estadual alberto lofgren",,"locality","brazil_sao paulo_sao paulo","brazil_sao paulo_sao paulo",-23.65041685,-46.64802516,"county","1087632079",,,,"https://specieslink.net/guid/220/89444",,,,,"PRESENT",,,,,,,,,,,,,,,,,,,,,,,,,,,,,,"Solanum",,,,,,"d2470ef8-edfa-4ba7-821e-c3e1a537bdba",,,FALSE,FALSE,"Solanum concinnum","Solanum concinnum","null",FALSE,"LATIN_AMERICA","LATIN_AMERICA","NE",,"WGS84",,,,,,,,,,,,,,,,,,"brazil_sao paulo_sao paulo","Brazil","São Paulo","São Paulo",,"check_local.2municip.","Solanum concinnum","Schott ex Sendtn.","name_w_authors","Solanaceae","Solanum concinnum","Schott ex Sendtn.","species","name accepted","bfo-14752",,,"Solanum concinnum Schott ex Sendtn.","Solanum","Solanaceae","unknown","Solanum concinnum"
"gbif",,"BHCB","91992","Solanum granulosoleprosum Dunal","Plantae","Solanaceae","Solanum","2004","4","13","Brasil","São Paulo",,"Parque Estadual Alberto Löfgren","UFMG","PRESERVED_SPECIMEN",,,,,,,"https://specieslink.net/col/220","granulosoleprosum","Arzolla, FARDP",,,"2024-09-09 22:14:18","Dunal","522","0","0",,,"Tracheophyta","Solanales",,,"Magnoliopsida",,,,,,,,"GBIF","São Paulo",,"Solanum granulosoleprosum Dunal",,"BR",,,"2004-04-13",,,,,,"ACCEPTED","SPECIES",,,,,,,,,,,,,,,"brazil","sao paulo","sao paulo","parque estadual alberto lofgren",,"locality","brazil_sao paulo_sao paulo","brazil_sao paulo_sao paulo",-23.65041685,-46.64802516,"county","1087632689",,,,"https://specieslink.net/guid/220/91992",,,,,"PRESENT",,,,,,,,,,,,,,,,,,,,,,,,,,,,,,"Solanum",,,,,,"d2470ef8-edfa-4ba7-821e-c3e1a537bdba",,,FALSE,FALSE,"Solanum granulosoleprosum","Solanum granulosoleprosum","null",FALSE,"LATIN_AMERICA","LATIN_AMERICA","LC",,"WGS84",,,,,,,,,,,,,,,,,,"brazil_sao paulo_sao paulo","Brazil","São Paulo","São Paulo",,"check_local.2municip.","Solanum granulosoleprosum","Dunal","name_w_authors","Solanaceae","Solanum granulosoleprosum","Dunal","species","name accepted","bfo-14775",,,"Solanum granulosoleprosum Dunal","Solanum","Solanaceae","unknown","Solanum granulosoleprosum"
"gbif",,"BHCB","130022","Solanum robustum H.Wendl.","Plantae","Solanaceae","Solanum","2005","10","7","Brasil","São Paulo",,"Parque Estadual Alberto Löfgren, área administrativa, prox. ao CECAT","UFMG","PRESERVED_SPECIMEN",,,,,,,"https://specieslink.net/col/220","robustum","Moll, J",,,"2024-09-09 22:14:18","H.L.Wendl.","s.n.","0","0",,,"Tracheophyta","Solanales",,,"Magnoliopsida",,,,,,,,"GBIF","São Paulo",,"Solanum robustum H.Wendl.",,"BR",,,"2005-10-07",,,,,,"ACCEPTED","SPECIES",,,,,,,,,,,,,,,"brazil","sao paulo","sao paulo","parque estadual alberto lofgren",,"locality","brazil_sao paulo_sao paulo","brazil_sao paulo_sao paulo",-23.65041685,-46.64802516,"county","1087645085",,,,"https://specieslink.net/guid/220/130022",,,,,"PRESENT",,,,,,,,,,,,,,,,,,,,,,,,,,,,,,"Solanum",,,,,,"d2470ef8-edfa-4ba7-821e-c3e1a537bdba",,,FALSE,FALSE,"Solanum robustum","Solanum robustum","null",FALSE,"LATIN_AMERICA","LATIN_AMERICA","NE",,"WGS84",,,,,,,,,,,,,,,,,,"brazil_sao paulo_sao paulo","Brazil","São Paulo","São Paulo",,"check_local.2municip.","Solanum robustum","H.L.Wendl.","name_w_authors","Solanaceae","Solanum robustum","H.L.Wendl.","species","author misspelled","bfo-14845",,,"Solanum robustum H.L.Wendl.","Solanum","Solanaceae","unknown","Solanum robustum"
"gbif",,"BHCB","96358","Solanum scuticum M.Nee","Plantae","Solanaceae","Solanum",,,,"Brasil","São Paulo",,"Parque Estadual Alberto Löfgren, Área degradada a...","UFMG","PRESERVED_SPECIMEN",,,,,,,"https://specieslink.net/col/220","scuticum","Pastore, JA",,,"2024-09-09 22:14:18","M.Nee","600","0","0",,,"Tracheophyta","Solanales",,,"Magnoliopsida",,,,,,,,"GBIF","São Paulo",,"Solanum scuticum M.Nee",,"BR",,,,,,,,,"ACCEPTED","SPECIES",,,,,,,,,,,,,,,"brazil","sao paulo","sao paulo","parque estadual alberto lofgren",,"locality","brazil_sao paulo_sao paulo","brazil_sao paulo_sao paulo",-23.65041685,-46.64802516,"county","1087635446",,,,"https://specieslink.net/guid/220/96358",,,,,"PRESENT",,,,,,,,,,,,,,,,,,,,,,,,,,,,,,"Solanum",,,,,,"d2470ef8-edfa-4ba7-821e-c3e1a537bdba",,,FALSE,FALSE,"Solanum scuticum","Solanum scuticum","null",FALSE,"LATIN_AMERICA","LATIN_AMERICA","NE",,"WGS84",,,,,,,,,,,,,,,,,,"brazil_sao paulo_sao paulo","Brazil","São Paulo","São Paulo",,"check_local.2municip.","Solanum scuticum","M.Nee","name_w_authors","Solanaceae","Solanum scuticum","M.Nee","species","name accepted","bfo-14857",,,"Solanum scuticum M.Nee","Solanum","Solanaceae","unknown","Solanum scuticum"
"gbif",,"FUEL","40546","Solidago chilensis Meyen","Plantae","Asteraceae","Solidago","2005","3","15","Brasil","São Paulo",,"Parque Estadual Alberto Löfgren, Divisão de Dasonomia","UEL","PRESERVED_SPECIMEN","Esteves, R",,,,,,"https://specieslink.net/col/48","chilensis","Esteves, R",,,"2024-12-05 15:04:04","Meyen","134","0","0",,,"Tracheophyta","Asterales",,,"Magnoliopsida",,,,,,,,"GBIF","São Paulo","2005-03-01","Solidago chilensis Meyen",,"BR",,,"2005-03-15",,,,,,"ACCEPTED","SPECIES",,,,,,,,,,,,,,,"brazil","sao paulo","sao paulo","parque estadual alberto lofgren",,"locality","brazil_sao paulo_sao paulo","brazil_sao paulo_sao paulo",-23.65041685,-46.64802516,"county","2464860875",,,,"https://specieslink.net/guid/48/40546",,,,,"PRESENT",,,,,,,,,,,,,,,,,,,,,,,,,,,,,,"Solidago",,,,,,"78dcee36-b0a2-4679-802d-bc0b5016518b",,,FALSE,FALSE,"Solidago chilensis","Solidago chilensis","null",FALSE,"LATIN_AMERICA","LATIN_AMERICA","NE",,"WGS84",,,,,,,,,,,,,,,,,,"brazil_sao paulo_sao paulo","Brazil","São Paulo","São Paulo",,"check_local.2municip.","Solidago chilensis","Meyen","name_w_authors","Asteraceae","Solidago chilensis","Meyen","species","name accepted","bfo-5503",,,"Solidago chilensis Meyen","Solidago","Asteraceae","unknown","Solidago chilensis"
"user",,"RB","RB00046537","Tabernaemontana laeta Mart.","Plantae","Apocynaceae","Tabernaemontana","1951","11","9","Brasil","São Paulo",,"Parque Estadual Alberto Löfgren, área de visitação, parque do Palácio de Verão do Governador.","JBRJ","Preserved Specimen","Ingrid Koch",,,,,,,"laeta","M. A. Cunha, s.n.",,,,"Mart.",,,,,,,,,,,,,,,,,,,"São Paulo","1996-9-27",,,"BR",,,"1951-11-9",,,,,,,"sp.","Physical Object",,,,"RB",,"A. Cunha, S.N.M.","s.n.","1951","Koch, I.","1996",,"Cunha",,"brazil","sao paulo","sao paulo","parque estadual alberto lofgren, parque do palacio de verao do governador",,"locality","brazil_sao paulo_sao paulo","brazil_sao paulo_sao paulo",-23.65041685,-46.64802516,"county",,,,,"urn:catalog:JBRJ:RB:46537",,,,,,,,,,,,,,,,,,,,,,,,,,,,,,,,,,,,,,,,,,,,,,,,,,,,,"jbrj-public-img.s3-sa-east-1.amazonaws.com/JPG/rb/0/4/65/37/00046537.jpg",,,,,,,,,,,,,,,,,"2020-04-22 21:53:28+00","Angiospermas","brazil_sao paulo_sao paulo","Brazil","São Paulo","São Paulo",,"check_local.2municip.","Tabernaemontana laeta","Mart.","name_w_authors","Apocynaceae","Tabernaemontana laeta","Mart.","species","name accepted","bfo-4864",,,"Tabernaemontana laeta Mart.","Tabernaemontana","Apocynaceae","high","Tabernaemontana laeta"
"gbif",,"SPF","112334","Tibouchina Aubl.","Plantae","Melastomataceae","Tibouchina","1993","10",,"Brasil","São Paulo",,"Parque Estadual Alberto Löfgren","USP-IB","PRESERVED_SPECIMEN",,,,,,,"https://specieslink.net/col/7",,"Guillaumon, JR",,,"2023-12-20 16:03:59",,"s.n.",,,,,"Tracheophyta","Myrtales",,,"Magnoliopsida",,,,,,,,"GBIF","São Paulo",,"Tibouchina Aubl.",,"BR",,,"1993-10",,,,,,"ACCEPTED","GENUS",,,,,,,,,,,,,,,"brazil","sao paulo","sao paulo","parque estadual alberto lofgren",,"locality","brazil_sao paulo_sao paulo","brazil_sao paulo_sao paulo",-23.65041685,-46.64802516,"county","1143411011",,,,"https://specieslink.net/guid/7/112334",,,,,"PRESENT",,,,,,,,,,,,,,,,,,,,,,,,,,,,,,"Tibouchina",,,,,,"1bb3cae3-b91f-4109-8a2d-a1f05f2d6fd3",,,FALSE,FALSE,,"Tibouchina","null",FALSE,"LATIN_AMERICA","LATIN_AMERICA","NE","https://images.cria.org.br/viewer/SPF00112334","WGS84",,,,,,,,,,,,,,,,,,"brazil_sao paulo_sao paulo","Brazil","São Paulo","São Paulo",,"check_local.2municip.","Tibouchina","Aubl.","name_w_authors","Melastomataceae","Tibouchina","Aubl.","genus","name accepted","bfo-9876",,,"Tibouchina Aubl.","Tibouchina","Melastomataceae","unknown",
