"data_source","barcode","collectionCode","catalogNumber","scientificName","kingdom","family","genus","year","month","day","country","stateProvince","county","locality","institutionCode","basisOfRecord","verbatimLatitude","verbatimLongitude","collectionID","recordedBy","decimalLongitude","decimalLatitude","modified","recordNumber","minimumElevationInMeters","maximumElevationInMeters","occurrenceRemarks","continentocean","phylum","class","order","identifiedBy","yearIdentified","monthIdentified","dayIdentified","specificEpithet","scientificNameAuthorship","coordinatePrecision","infraspecificEpithet","fieldNumber","preparationtype","typeStatus","individualcount","downloadedFrom","municipality","dateIdentified","acceptedScientificName","bibliographicCitation","countryCode","datasetID","datasetName","eventDate","fieldNotes","habitat","identificationRemarks","latitude","longitude","taxonomicStatus","taxonRank","type","verbatimElevation","verbatimEventDate","verbatimLocality","collectionCode.new","collectionObs","recordedBy.new","recordNumber.new","year.new","identifiedBy.new","yearIdentified.new","recordedBy.aux","last.name","identifiedBy.aux","country.new","stateProvince.new","municipality.new","locality.new","locality.scrap","resol.orig","loc","loc.correct","latitude.gazetteer","longitude.gazetteer","resolution.gazetteer","gbifID","institutionID","informationWithheld","dataGeneralizations","occurrenceID","recordedByID","caste","vitality","georeferenceVerificationStatus","occurrenceStatus","materialEntityID","materialEntityRemarks","verbatimLabel","eventType","samplingProtocol","eventRemarks","locationID","locationRemarks","coordinateUncertaintyInMeters","pointRadiusSpatialFit","verbatimCoordinateSystem","georeferencedBy","georeferencedDate","georeferenceProtocol","georeferenceRemarks","identificationID","verbatimIdentification","identifiedByID","taxonID","acceptedNameUsage","parentNameUsage","originalNameUsage","nameAccordingTo","namePublishedIn","namePublishedInYear","superfamily","subfamily","tribe","subtribe","genericName","subgenus","infragenericEpithet","cultivarEpithet","verbatimTaxonRank","taxonRemarks","datasetKey","distanceFromCentroidInMeters","mediaType","hasCoordinate","hasGeospatialIssues","species","verbatimScientificName","projectId","isSequenced","gbifRegion","publishedByGbifRegion","iucnRedListCategory","associatedMedia","minimumDepthInMeters","maximumDepthInMeters","geodeticDatum","verbatimCoordinates","imageCollectionCode","virtualDuplicates","duplicates","DeterminationQualifier","recordedByExtra","dateCollected","dateCollectedMax","verbatimElevationMax","measurementUnit","verbatimLatitudeMax","verbatimLongitudeMax","updatedBy","dateUpdated","right","modified_incomplete","Clado","loc.correct.mun","NAME_0","NAME_1","NAME_2","NAME_3","loc.check","scientificName.new","scientificNameAuthorship.new","scientificNameStatus","suggestedFamily","suggestedName","suggestedAuthorship","taxon.rank","tax.notes","id","accepted.tax.name","accepted.tax.authorship","scientificNameFull","genus.new","family.new","tax.check","species.new"
"speciesLink","SPSF00045942","SPSF","45942","Barrosoa betonicaeformis","Plantae","Asteraceae","Barrosoa","2012","02","01","Brasil","SP","Capão Bonito","Parque Estadual Nascentes do Paranapanema","IF","PreservedSpecimen",,,"13","F.A.R.D.P.Arzolla & C. de Moura & F.E.S.P.Vilela & N.M.Ivanauskas & A.C.Martensen & A.C.R.Braga & M.M.Queiroz & P.U. da Mota","-48.145833","-24.184167","2024-08-06T09:13:07","1504",,,"<nO>COLETA: Erva, até 1 metro, flores róseas.; GEOGRAFIA: Proximidades do rancho de Matias Queiroz; Vegetação do Campo.&nf;Altitude aproximada de 840 m.;</nO>","América do Sul","Magnoliophyta","Magnoliopsida","Asterales","G.A.D.C. Franco","2012","02","28","betonicaeformis","(DC.) R.M.King & H.Rob.",,,,,,,"SPLINK","Capão Bonito","2012-02-28",,,,,,,,,,,,,,,,,,"SPSF",,"Arzolla, F.A.R.D.P.","1504","2012","Franco, G.A.D.C.","2012","Moura, C.; Vilela, F.E.S.P.; Ivanauskas, N.M.; Martensen, A.C.; Braga, A.C.R.; Queiroz, M.M.; Mota, P.U.","Arzolla",,"brazil","sao paulo","capao bonito","parque estadual nascentes do paranapanema",,"locality","brazil_sao paulo_capao bonito","brazil_sao paulo_capao bonito",-24.03890216,-48.28993485,"county",,,,,,,,,,,,,,,,,,,,,,,,,,,,,,,,,,,,,,,,,,,,,,,,,,,,,,,,,,,,,,,,,,,,,,,,,,,,,,,,,,,,"check_local.2municip.","Barrosoa betonicaeformis","(DC.) R.M.King & H.Rob.","possibly_ok","Asteraceae","Barrosoa betonicaeformis","(DC.) R.M.King & H.Rob.","species","name accepted","bfo-26879",,,"Barrosoa betonicaeformis (DC.) R.M.King & H.Rob.","Barrosoa","Asteraceae","medium","Barrosoa betonicaeformis"
"speciesLink","SPSF00045959","SPSF","45959","Cestrum","Plantae","Solanaceae","Cestrum","2012","02","03","Brasil","SP","Capão Bonito","Parque Estadual Nascentes do Paranapanema","IF","PreservedSpecimen",,,"13","F.A.R.D.P.Arzolla & C. de Moura & F.E.S.P.Vilela & N.M.Ivanauskas & P.U. da Mota","-48.824722","-23.023889","2024-08-06T09:17:07","1527",,,"<nO>COLETA: Árvore, 2 metros, frutos imaturos verdes.; GEOGRAFIA: Região do Capinzal, margens do Rio Paranapanema.&nf;Floresta Ombrófila Densa Montana.&nf;Altitude aproximada de 720 m.;</nO>","América do Sul","Magnoliophyta","Magnoliopsida","Solanales",,,,,,,,,,,,,"SPLINK","Capão Bonito",,,,,,,,,,,,,,,,,,,"SPSF",,"Arzolla, F.A.R.D.P.","1527","2012","s.n.","n.d.","Moura, C.; Vilela, F.E.S.P.; Ivanauskas, N.M.; Mota, P.U.","Arzolla",,"brazil","sao paulo","capao bonito","parque estadual nascentes do paranapanema",,"locality","brazil_sao paulo_capao bonito","brazil_sao paulo_capao bonito",-24.03890216,-48.28993485,"county",,,,,,,,,,,,,,,,,,,,,,,,,,,,,,,,,,,,,,,,,,,,,,,,,,,,,,,,,,,,,,,,,,,,,,,,,,,,,,,,,,,,"check_local.2municip.","Cestrum","L.","indet","Solanaceae","Cestrum","L.","genus","name accepted","bfo-14635",,,"Cestrum L.","Cestrum","Solanaceae","unknown",
"speciesLink","SPSF00045945","SPSF","45945","Tibouchina gracilis","Plantae","Melastomataceae","Tibouchina","2012","02","01","Brasil","SP","Capão Bonito","Parque Estadual Nascentes do Paranapanema","IF","PreservedSpecimen",,,"13","F.A.R.D.P.Arzolla & C. de Moura & F.E.S.P.Vilela & N.M.Ivanauskas & A.C.Martensen & A.C.R.Braga & M.M.Queiroz & P.U. da Mota","-48.145833","-24.184167","2024-08-06T09:15:38","1508",,,"<nO>COLETA: Arbusto, pétalas lilases, filete roxo, anteras maiores vermelhas, anteras menores amarelas.; GEOGRAFIA: Proximidades do rancho de Matias Queiroz; Vegetação de Campo.&nf;Altitude aproximada de 840 m.;</nO>","América do Sul","Magnoliophyta","Magnoliopsida","Myrtales","J.B.Baitello","2012","02","28","gracilis","(Bonpl.) Cogn.",,,,,,,"SPLINK","Capão Bonito","2012-02-28",,,,,,,,,,,,,,,,,,"SPSF",,"Arzolla, F.A.R.D.P.","1508","2012","Baitello, J.B.","2012","Moura, C.; Vilela, F.E.S.P.; Ivanauskas, N.M.; Martensen, A.C.; Braga, A.C.R.; Queiroz, M.M.; Mota, P.U.","Arzolla",,"brazil","sao paulo","capao bonito","parque estadual nascentes do paranapanema",,"locality","brazil_sao paulo_capao bonito","brazil_sao paulo_capao bonito",-24.03890216,-48.28993485,"county",,,,,,,,,,,,,,,,,,,,,,,,,,,,,,,,,,,,,,,,,,,,,,,,,,,,,,,,,,,,,,,,,,,,,,,,,,,,,,,,,,,,"check_local.2municip.","Chaetogastra gracilis","(Bonpl.) DC.","possibly_ok","Melastomataceae","Chaetogastra gracilis","(Bonpl.) DC.","species","replaced synonym","bfo-603381","Chaetogastra gracilis","(Bonpl.) DC.","Chaetogastra gracilis (Bonpl.) DC.","Chaetogastra","Melastomataceae","low","Chaetogastra gracilis"
"gbif",,"SPSF","45930","Cnidoscolus Pohl","Plantae","Euphorbiaceae","Cnidoscolus","2012","1","31","Brasil","Sp",,"Parque Estadual Nascentes do Paranapanema","IF","PRESERVED_SPECIMEN",,,"https://specieslink.net/col/13","F.A.R.D.P.Arzolla & C. de Moura & F.E.S.P.Vilela & N.M.Ivanauskas & A.C.Martensen & A.C.R.Braga & P.U. da Mota","-48.218333","-24.188056","2024-08-06 09:15:06","1490",,,,,"Tracheophyta","Magnoliopsida","Malpighiales","O.T.Aguiar",,,,,"(Vell.) Kiaersk.",,,,,,,"GBIF","Capão Bonito","2012-02-28","Cnidoscolus Pohl",,"BR",,,"2012-01-31",,,,,,"ACCEPTED","GENUS",,,,,,,,,,,,,,,"brazil","sao paulo","capao bonito","parque estadual nascentes do paranapanema",,"locality","brazil_sao paulo_capao bonito","brazil_sao paulo_capao bonito",-24.03890216,-48.28993485,"county","1086914221",,,,"https://specieslink.net/guid/13/45930",,,,,"PRESENT",,,,,,,,,,,,,,,,,,,,,,,,,,,,,,"Cnidoscolus",,,,,,"16ed67e5-fd70-4fd4-85c3-70ea2da627fe",,,TRUE,FALSE,,"Cnidoscolus racemosa","null",FALSE,"LATIN_AMERICA","LATIN_AMERICA","NE",,,,"WGS84",,,,,,,,,,,,,,,,,,"brazil_sao paulo_capao bonito","Brazil","São Paulo","Capão Bonito",,"check_local.2municip.","Cnidoscolus pohl","(Vell.) Kiaersk.","name_w_wrong_case",,"Cnidoscolus pohl","(Vell.) Kiaersk.","species","not found",,,,"Cnidoscolus pohl (Vell.) Kiaersk.","Cnidoscolus","Euphorbiaceae","unknown","Cnidoscolus pohl"
"speciesLink","SPSF00045935","SPSF","45935","Cnidoscolus racemosa","Plantae","Euphorbiaceae","Cnidoscolus","2012","01","31","Brasil","SP","Capão Bonito","Parque Estadual Nascentes do Paranapanema","IF","PreservedSpecimen",,,"13","F.A.R.D.P.Arzolla & C. de Moura & F.E.S.P.Vilela & N.M.Ivanauskas & A.C.Martensen & A.C.R.Braga & P.U. da Mota","-48.212222","-24.183056","2024-08-06T09:15:06","1495",,,"<nO>COLETA: Árvore, 4 metros, flores alvas.; GEOGRAFIA: Fazenda Sakamoto; Trilha da Barra do Amendoim.&nf;Margens do rio Paranapanema; Floresta Ombrófila Densa Montana.&nf;Altitude aproximada de 680 m.;</nO>","América do Sul","Magnoliophyta","Magnoliopsida","Malpighiales","O.T.Aguiar","2012","02","28","racemosa","(Vell.) Kiaersk.",,,,,,,"SPLINK","Capão Bonito","2012-02-28",,,,,,,,,,,,,,,,,,"SPSF",,"Arzolla, F.A.R.D.P.","1495","2012","Aguiar, O.T.","2012","Moura, C.; Vilela, F.E.S.P.; Ivanauskas, N.M.; Martensen, A.C.; Braga, A.C.R.; Mota, P.U.","Arzolla",,"brazil","sao paulo","capao bonito","parque estadual nascentes do paranapanema",,"locality","brazil_sao paulo_capao bonito","brazil_sao paulo_capao bonito",-24.03890216,-48.28993485,"county",,,,,,,,,,,,,,,,,,,,,,,,,,,,,,,,,,,,,,,,,,,,,,,,,,,,,,,,,,,,,,,,,,,,,,,,,,,,,,,,,,,,"check_local.2municip.","Cnidoscolus racemosa","(Vell.) Kiaersk.","possibly_ok",,"Cnidoscolus racemosa","(Vell.) Kiaersk.","species","not found",,,,"Cnidoscolus racemosa (Vell.) Kiaersk.","Cnidoscolus","Euphorbiaceae","low","Cnidoscolus racemosa"
"speciesLink","SPSF00045960","SPSF","45960","Cordiera myrciifolia","Plantae","Rubiaceae","Cordiera","2012","02","03","Brasil","SP","Capão Bonito","Parque Estadual Nascentes do Paranapanema","IF","PreservedSpecimen",,,"13","F.A.R.D.P.Arzolla & C. de Moura & F.E.S.P.Vilela & N.M.Ivanauskas & P.U. da Mota","-48.824722","-23.023889","2024-08-06T09:16:30","1528","720","720","<nO>COLETA: Árvore, 5 metros, frutos verdes.; GEOGRAFIA: Floresta Ombrófila Densa Montana. Região do Capinzal, margens do Rio Paranapanema.;</nO>","América do Sul","Magnoliophyta","Magnoliopsida","Rubiales","I.S. Marques","2019","09","26","myrciifolia","(K.Schum)",,,,,,,"SPLINK","Capão Bonito","2019-09-26",,,,,,,,,,,,,,,,,,"SPSF",,"Arzolla, F.A.R.D.P.","1528","2012","Marques, I.S.","2019","Moura, C.; Vilela, F.E.S.P.; Ivanauskas, N.M.; Mota, P.U.","Arzolla",,"brazil","sao paulo","capao bonito","parque estadual nascentes do paranapanema",,"locality","brazil_sao paulo_capao bonito","brazil_sao paulo_capao bonito",-24.03890216,-48.28993485,"county",,,,,,,,,,,,,,,,,,,,,,,,,,,,,,,,,,,,,,,,,,,,,,,,,,,,,,,,,,,,,,,,,,,,,,,,,,,,,,,,,,,,"check_local.2municip.","Cordiera myrciifolia","(K.Schum.) C.H.Perss. & Delprete","possibly_ok","Rubiaceae","Cordiera myrciifolia","(K.Schum.) C.H.Perss. & Delprete","species","author misspelled","bfo-13892",,,"Cordiera myrciifolia (K.Schum.) C.H.Perss. & Delprete","Cordiera","Rubiaceae","low","Cordiera myrciifolia"
"speciesLink","SPSF00045934","SPSF","45934","Coussarea contracta","Plantae","Rubiaceae","Coussarea","2012","01","31","Brasil","SP","Capão Bonito","Parque Estadual Nascentes do Paranapanema","IF","PreservedSpecimen",,,"13","F.A.R.D.P.Arzolla & C. de Moura & F.E.S.P.Vilela & N.M.Ivanauskas & A.C.Martensen & A.C.R.Braga & P.U. da Mota","-48.212222","-24.183056","2024-08-06T09:16:30","1494","680","680","<nO>COLETA: Árvore de 4 metros de altura; frutos imaturos de cor verde claro.; GEOGRAFIA: Floresta Ombrófila Densa Montana.Fazenda Sakamoto. Trilha da Barra do Amendoim. Margens do Rio Paranapanema;</nO>","América do Sul","Magnoliophyta","Magnoliopsida","Rubiales","F.A.R.D.P.Arzolla",,,,"contracta","(Walp.) (Müll.Arg.)",,,,,,,"SPLINK","Capão Bonito",,,,,,,,,,,,,,,,,,,"SPSF",,"Arzolla, F.A.R.D.P.","1494","2012","Arzolla, F.A.R.D.P.","n.d.","Moura, C.; Vilela, F.E.S.P.; Ivanauskas, N.M.; Martensen, A.C.; Braga, A.C.R.; Mota, P.U.","Arzolla",,"brazil","sao paulo","capao bonito","parque estadual nascentes do paranapanema",,"locality","brazil_sao paulo_capao bonito","brazil_sao paulo_capao bonito",-24.03890216,-48.28993485,"county",,,,,,,,,,,,,,,,,,,,,,,,,,,,,,,,,,,,,,,,,,,,,,,,,,,,,,,,,,,,,,,,,,,,,,,,,,,,,,,,,,,,"check_local.2municip.","Coussarea contracta","(Walp.) Müll.Arg.","possibly_ok","Rubiaceae","Coussarea contracta","(Walp.) Müll.Arg.","species","author misspelled","bfo-13899",,,"Coussarea contracta (Walp.) Müll.Arg.","Coussarea","Rubiaceae","low","Coussarea contracta"
"speciesLink","SPSF00045951","SPSF","45951","Cybianthus peruvianus","Plantae","Myrsinaceae","Cybianthus","2012","02","02","Brasil","SP","Capão Bonito","Parque Estadual Nascentes do Paranapanema","IF","PreservedSpecimen",,,"13","F.A.R.D.P.Arzolla & C. de Moura & F.E.S.P.Vilela & N.M.Ivanauskas & P.U. da Mota","-48.2125","-24.214444","2024-08-06T09:16:19","1517",,,"<nO>COLETA: Árvore, 3 metros, frutos vináceos.; GEOGRAFIA: Fazenda Sakamoto; Floresta Ombrófila Densa Montana.&nf;Altitude aproximada de 700 m.;</nO>","América do Sul","Magnoliophyta","Magnoliopsida","Primulales","G.A.D.C. Franco","2012","02","28","peruvianus","(A.DC.) Miq.",,,,,,,"SPLINK","Capão Bonito","2012-02-28",,,,,,,,,,,,,,,,,,"SPSF",,"Arzolla, F.A.R.D.P.","1517","2012","Franco, G.A.D.C.","2012","Moura, C.; Vilela, F.E.S.P.; Ivanauskas, N.M.; Mota, P.U.","Arzolla",,"brazil","sao paulo","capao bonito","parque estadual nascentes do paranapanema",,"locality","brazil_sao paulo_capao bonito","brazil_sao paulo_capao bonito",-24.03890216,-48.28993485,"county",,,,,,,,,,,,,,,,,,,,,,,,,,,,,,,,,,,,,,,,,,,,,,,,,,,,,,,,,,,,,,,,,,,,,,,,,,,,,,,,,,,,"check_local.2municip.","Cybianthus peruvianus","(A.DC.) Miq.","possibly_ok","Primulaceae","Cybianthus peruvianus","(A.DC.) Miq.","species","name accepted","bfo-19812",,,"Cybianthus peruvianus (A.DC.) Miq.","Cybianthus","Primulaceae","medium","Cybianthus peruvianus"
"speciesLink","SPSF00045937","SPSF","45937","Dahlstedtia pentaphylla","Plantae","Fabaceae","Dahlstedtia","2012","01","31","Brasil","SP","Capão Bonito","Parque Estadual Nascentes do Paranapanema","IF","PreservedSpecimen",,,"13","F.A.R.D.P.Arzolla & C. de Moura & F.E.S.P.Vilela & N.M.Ivanauskas & A.C.Martensen & A.C.R.Braga & P.U. da Mota","-48.212222","-24.183056","2024-08-06T09:13:50","1497",,,"<nO>COLETA: Árvore, 3 metros, botões florais vermelhos, fruto imaturo verde.; GEOGRAFIA: Fazenda Sakamoto; Trilha da Barra do Amendoim.&nf;Magens do rio Paranapanema; Floresta Ombrófila Densa Montana.&nf;Altitude aproximada de 680 m.;</nO>","América do Sul","Magnoliophyta","Magnoliopsida","Fabales","G.A.D.C. Franco","2012","02","28","pentaphylla","(Taub.) Burkart",,,,,,,"SPLINK","Capão Bonito","2012-02-28",,,,,,,,,,,,,,,,,,"SPSF",,"Arzolla, F.A.R.D.P.","1497","2012","Franco, G.A.D.C.","2012","Moura, C.; Vilela, F.E.S.P.; Ivanauskas, N.M.; Martensen, A.C.; Braga, A.C.R.; Mota, P.U.","Arzolla",,"brazil","sao paulo","capao bonito","parque estadual nascentes do paranapanema",,"locality","brazil_sao paulo_capao bonito","brazil_sao paulo_capao bonito",-24.03890216,-48.28993485,"county",,,,,,,,,,,,,,,,,,,,,,,,,,,,,,,,,,,,,,,,,,,,,,,,,,,,,,,,,,,,,,,,,,,,,,,,,,,,,,,,,,,,"check_local.2municip.","Dahlstedtia pentaphylla","(Taub.) Burkart","possibly_ok","Fabaceae","Dahlstedtia pentaphylla","(Taub.) Burkart","species","name accepted","bfo-116743",,,"Dahlstedtia pentaphylla (Taub.) Burkart","Dahlstedtia","Fabaceae","medium","Dahlstedtia pentaphylla"
"speciesLink","SPSF00047207","SPSF","47207","Duguetia salicifolia","Plantae","Annonaceae","Duguetia","2012","04","04","Brasil","SP","Capão Bonito","Parque Estadual Nascentes do Paranapanema","IF","PreservedSpecimen",,,"13","C. de Moura & F.A.R.D.P.Arzolla & F.E.S.P.Vilela & D.Souza","-48.1425","-24.171389","2024-08-06T09:15:00","407","810","810","<nO>COLETA: Árvore, 8m de altura, frutos imaturos e verdes.; GEOGRAFIA: acesso pelo rancho do Matias Queiroz, Floresta Ombrófila Densa Montana, floresta madura;</nO>","América do Sul","Magnoliophyta","Magnoliopsida","Magnoliales","F.A.R.D.P.Arzolla","2013","11","26","salicifolia","R.E.Fries",,,,,,,"SPLINK","Capão Bonito","2013-11-26",,,,,,,,,,,,,,,,,,"SPSF",,"Moura, C.","407","2012","Arzolla, F.A.R.D.P.","2013","Arzolla, F.A.R.D.P.; Vilela, F.E.S.P.; Souza, D.","Moura",,"brazil","sao paulo","capao bonito","parque estadual nascentes do paranapanema",,"locality","brazil_sao paulo_capao bonito","brazil_sao paulo_capao bonito",-24.03890216,-48.28993485,"county",,,,,,,,,,,,,,,,,,,,,,,,,,,,,,,,,,,,,,,,,,,,,,,,,,,,,,,,,,,,,,,,,,,,,,,,,,,,,,,,,,,,"check_local.2municip.","Duguetia salicifolia","R.E.Fr.","possibly_ok","Annonaceae","Duguetia salicifolia","R.E.Fr.","species","author misspelled","bfo-110347",,,"Duguetia salicifolia R.E.Fr.","Duguetia","Annonaceae","low","Duguetia salicifolia"
"speciesLink","SPSF00045929","SPSF","45929","Endlicheria paniculata","Plantae","Lauraceae","Endlicheria","2012","01","31","Brasil","SP","Capão Bonito","Parque Estadual Nascentes do Paranapanema","IF","PreservedSpecimen",,,"13","F.A.R.D.P.Arzolla & C. de Moura & F.E.S.P.Vilela & N.M.Ivanauskas & A.C.Martensen & A.C.R.Braga & P.U. da Mota","-48.218333","-24.188056","2024-08-06T09:14:30",,,,"<nO>COLETA: Árvore, 5 metros, flores creme-esverdeados.; GEOGRAFIA: Fazenda Sakamoto; Trilha da Barra do Amendoim.&nf;Floresta Ombrófila Densa Montana.&nf;Altitude aproximada de 770 m.;</nO>","América do Sul","Magnoliophyta","Magnoliopsida","Laurales","J.B.Baitello","2012","02","28","paniculata","(Spreng.) J. F. Macbr.",,,,,,,"SPLINK","Capão Bonito","2012-02-28",,,,,,,,,,,,,,,,,,"SPSF",,"Arzolla, F.A.R.D.P.","s.n.","2012","Baitello, J.B.","2012","Moura, C.; Vilela, F.E.S.P.; Ivanauskas, N.M.; Martensen, A.C.; Braga, A.C.R.; Mota, P.U.","Arzolla",,"brazil","sao paulo","capao bonito","parque estadual nascentes do paranapanema",,"locality","brazil_sao paulo_capao bonito","brazil_sao paulo_capao bonito",-24.03890216,-48.28993485,"county",,,,,,,,,,,,,,,,,,,,,,,,,,,,,,,,,,,,,,,,,,,,,,,,,,,,,,,,,,,,,,,,,,,,,,,,,,,,,,,,,,,,"check_local.2municip.","Endlicheria paniculata","(Spreng.) J.F.Macbr.","possibly_ok","Lauraceae","Endlicheria paniculata","(Spreng.) J.F.Macbr.","species","author misspelled","bfo-8417",,,"Endlicheria paniculata (Spreng.) J.F.Macbr.","Endlicheria","Lauraceae","high","Endlicheria paniculata"
"speciesLink","SPSF00045947","SPSF","45947","Erythroxylum argentinum","Plantae","Erythroxylaceae","Erythroxylum",,,,"Brasil","SP","Capão Bonito","Parque Estadual Nascentes do Paranapanema","IF","PreservedSpecimen",,,"13","F.A.R.D.P.Arzolla & C. de Moura & F.E.S.P.Vilela & N.M.Ivanauskas & A.C.Martensen & A.C.R.Braga & M.M.Queiroz & P.U. da Mota","-48.1425","-24.170556","2024-08-06T09:15:05","1511",,,"<nO>COLETA: Árvore, frutos imaturos.; GEOGRAFIA: Proximidades do rancho de Matias Queiroz; Floresta Ombrófila Densa Montana.&nf;Altitude aproximada de 770 m.;</nO>","América do Sul","Magnoliophyta","Magnoliopsida","Malpighiales","G.A.D.C. Franco","2012","02","28","argentinum","O.E.Schulz",,,,,,,"SPLINK","Capão Bonito","2012-02-28",,,,,,,,,,,,,,,,,,"SPSF",,"Arzolla, F.A.R.D.P.","1511","n.d.","Franco, G.A.D.C.","2012","Moura, C.; Vilela, F.E.S.P.; Ivanauskas, N.M.; Martensen, A.C.; Braga, A.C.R.; Queiroz, M.M.; Mota, P.U.","Arzolla",,"brazil","sao paulo","capao bonito","parque estadual nascentes do paranapanema",,"locality","brazil_sao paulo_capao bonito","brazil_sao paulo_capao bonito",-24.03890216,-48.28993485,"county",,,,,,,,,,,,,,,,,,,,,,,,,,,,,,,,,,,,,,,,,,,,,,,,,,,,,,,,,,,,,,,,,,,,,,,,,,,,,,,,,,,,"check_local.2municip.","Erythroxylum argentinum","O.E.Schulz","possibly_ok","Erythroxylaceae","Erythroxylum argentinum","O.E.Schulz","species","name accepted","bfo-7685",,,"Erythroxylum argentinum O.E.Schulz","Erythroxylum","Erythroxylaceae","medium","Erythroxylum argentinum"
"speciesLink","SPSF00045953","SPSF","45953","Esenbeckia grandiflora","Plantae","Rutaceae","Esenbeckia","2012","02","02","Brasil","SP","Capão Bonito","Parque Estadual Nascentes do Paranapanema","IF","PreservedSpecimen",,,"13","F.A.R.D.P.Arzolla & C. de Moura & F.E.S.P.Vilela & N.M.Ivanauskas & P.U. da Mota","-48.211111","-24.199444","2024-08-06T09:16:55","1520",,,"<nO>COLETA: Árvore, 8 metros, flor creme esverdeada.; GEOGRAFIA: Fazenda Sakamoto; Floresta Ombrófila Densa Montana.&nf;Altitude aproximada de 740 m.;</nO>","América do Sul","Magnoliophyta","Magnoliopsida","Sapindales","N.M.Ivanauskas","2012","02","28","grandiflora","Mart.",,,,,,,"SPLINK","Capão Bonito","2012-02-28",,,,,,,,,,,,,,,,,,"SPSF",,"Arzolla, F.A.R.D.P.","1520","2012","Ivanauskas, N.M.","2012","Moura, C.; Vilela, F.E.S.P.; Ivanauskas, N.M.; Mota, P.U.","Arzolla",,"brazil","sao paulo","capao bonito","parque estadual nascentes do paranapanema",,"locality","brazil_sao paulo_capao bonito","brazil_sao paulo_capao bonito",-24.03890216,-48.28993485,"county",,,,,,,,,,,,,,,,,,,,,,,,,,,,,,,,,,,,,,,,,,,,,,,,,,,,,,,,,,,,,,,,,,,,,,,,,,,,,,,,,,,,"check_local.2municip.","Esenbeckia grandiflora","Mart.","possibly_ok","Rutaceae","Esenbeckia grandiflora","Mart.","species","name accepted","bfo-589",,,"Esenbeckia grandiflora Mart.","Esenbeckia","Rutaceae","medium","Esenbeckia grandiflora"
"speciesLink","SPSF00045933","SPSF","45933","Eugenia prasina","Plantae","Myrtaceae","Eugenia","2012","01","31","Brasil","SP","Capão Bonito","Parque Estadual Nascentes do Paranapanema","IF","PreservedSpecimen",,,"13","F.A.R.D.P.Arzolla & C. de Moura & F.E.S.P.Vilela & N.M.Ivanauskas & A.C.Martensen & A.C.R.Braga & P.U. da Mota","-48.212222","-24.183056","2024-08-06T09:15:52","1493",,,"<nO>COLETA: Árvore, 6 metros, frutos imaturos verdes.; GEOGRAFIA: Fazenda Sakamoto; Trilha da Barra do Amendoim.&nf;Margens do Rio Paranapanema; Floresta Ombrófila Densa Montana.&nf;Altitude aproximada de 680 m.;</nO>","América do Sul","Magnoliophyta","Magnoliopsida","Myrtales","O.T. Aguiar","2012","02","28","prasina","O.Berg",,,,,,,"SPLINK","Capão Bonito","2012-02-28",,,,,,,,,,,,,,,,,,"SPSF",,"Arzolla, F.A.R.D.P.","1493","2012","Aguiar, O.T.","2012","Moura, C.; Vilela, F.E.S.P.; Ivanauskas, N.M.; Martensen, A.C.; Braga, A.C.R.; Mota, P.U.","Arzolla",,"brazil","sao paulo","capao bonito","parque estadual nascentes do paranapanema",,"locality","brazil_sao paulo_capao bonito","brazil_sao paulo_capao bonito",-24.03890216,-48.28993485,"county",,,,,,,,,,,,,,,,,,,,,,,,,,,,,,,,,,,,,,,,,,,,,,,,,,,,,,,,,,,,,,,,,,,,,,,,,,,,,,,,,,,,"check_local.2municip.","Eugenia prasina","O.Berg","possibly_ok","Myrtaceae","Eugenia prasina","O.Berg","species","name accepted","bfo-10507",,,"Eugenia prasina O.Berg","Eugenia","Myrtaceae","high","Eugenia prasina"
"speciesLink","SPSF00047211","SPSF","47211","Geonoma gamiova","Plantae","Arecaceae","Geonoma","2012","04","04","Brasil","SP","Capão Bonito","Parque Estadual Nascentes do Paranapanema","IF","PreservedSpecimen",,,"13","C. de Moura et al.","-48.1425","-24.171389","2024-08-06T09:12:28","411","810","810","<nO>COLETA: Palmeira, 2 m de altura, frutos imaturos.; GEOGRAFIA: Acesso pelo rancho do Matias Queiroz.&nf;Floresta ombrófila densa montana, floresta madura.;</nO>","América do Sul","Magnoliophyta","Liliopsida","Arecales",,,,,"gamiova","Barb. Rodr.",,,,,,,"SPLINK","Capão Bonito",,,,,,,,,,,,,,,,,,,"SPSF",,"Moura, C.","411","2012","s.n.","n.d.",,"Moura",,"brazil","sao paulo","capao bonito","parque estadual nascentes do paranapanema",,"locality","brazil_sao paulo_capao bonito","brazil_sao paulo_capao bonito",-24.03890216,-48.28993485,"county",,,,,,,,,,,,,,,,,,,,,,,,,,,,,,,,,,,,,,,,,,,,,,,,,,,,,,,,,,,,,,,,,,,,,,,,,,,,,,,,,,,,"check_local.2municip.","Geonoma gamiova","Barb.Rodr.","possibly_ok","Arecaceae","Geonoma gamiova","Barb.Rodr.","species","author misspelled","bfo-34045",,,"Geonoma gamiova Barb.Rodr.","Geonoma","Arecaceae","unknown","Geonoma gamiova"
"speciesLink","SPSF00045941","SPSF","45941","Inga barbata","Plantae","Fabaceae","Inga","2012","02","01","Brasil","SP","Capão Bonito","Parque Estadual Nascentes do Paranapanema","IF","PreservedSpecimen",,,"13","F.A.R.D.P.Arzolla & C. de Moura & F.E.S.P.Vilela & N.M.Ivanauskas & A.C.Martensen & A.C.R.Braga & M.M.Queiroz & P.U. da Mota","-48.145833","-24.184167","2024-08-06T09:13:54","1503",,,"<nO>COLETA: Árvore, 2 metros, flores brancas.; GEOGRAFIA: Proximidades do rancho de Matias Queiroz; Vegetação de Campo.&nf;Altitude aproximada de 840 m.;</nO>","América do Sul","Magnoliophyta","Magnoliopsida","Fabales","G.A.D.C. Franco","2012","02","28","barbata","Benth.",,,,,,,"SPLINK","Capão Bonito","2012-02-28",,,,,,,,,,,,,,,,,,"SPSF",,"Arzolla, F.A.R.D.P.","1503","2012","Franco, G.A.D.C.","2012","Moura, C.; Vilela, F.E.S.P.; Ivanauskas, N.M.; Martensen, A.C.; Braga, A.C.R.; Queiroz, M.M.; Mota, P.U.","Arzolla",,"brazil","sao paulo","capao bonito","parque estadual nascentes do paranapanema",,"locality","brazil_sao paulo_capao bonito","brazil_sao paulo_capao bonito",-24.03890216,-48.28993485,"county",,,,,,,,,,,,,,,,,,,,,,,,,,,,,,,,,,,,,,,,,,,,,,,,,,,,,,,,,,,,,,,,,,,,,,,,,,,,,,,,,,,,"check_local.2municip.","Inga barbata","Benth.","possibly_ok","Fabaceae","Inga barbata","Benth.","species","name accepted","bfo-22985",,,"Inga barbata Benth.","Inga","Fabaceae","medium","Inga barbata"
"speciesLink","SPSF00045940","SPSF","45940","Leandra amplexicaulis","Plantae","Melastomataceae","Leandra","2012","01","31","Brasil","SP","Capão Bonito","Parque Estadual Nascentes do Paranapanema","IF","PreservedSpecimen",,,"13","F.A.R.D.P.Arzolla & C. de Moura & F.E.S.P.Vilela & N.M.Ivanauskas & A.C.Martensen & A.C.R.Braga & P.U. da Mota","-48.218333","-24.188056","2024-08-06T09:15:26","1500","760","760","<nO>COLETA: Arbusto, 1,5m de altura, pétalas alvas e estames róseos.; GEOGRAFIA: Fazenda Sakamoto; Trilha da Barra do Amendoim.&nf;Floresta Ombrófila Densa Montana.;</nO>","América do Sul","Magnoliophyta","Magnoliopsida","Myrtales","M. Reginato","2014","02","13","amplexicaulis","DC.",,,,,,,"SPLINK","Capão Bonito","2014-02-13",,,,,,,,,,,,,,,,,,"SPSF",,"Arzolla, F.A.R.D.P.","1500","2012","Reginato, M.","2014","Moura, C.; Vilela, F.E.S.P.; Ivanauskas, N.M.; Martensen, A.C.; Braga, A.C.R.; Mota, P.U.","Arzolla",,"brazil","sao paulo","capao bonito","parque estadual nascentes do paranapanema",,"locality","brazil_sao paulo_capao bonito","brazil_sao paulo_capao bonito",-24.03890216,-48.28993485,"county",,,,,,,,,,,,,,,,,,,,,,,,,,,,,,,,,,,,,,,,,,,,,,,,,,,,,,,,,,,,,,,,,,,,,,,,,,,,,,,,,,,,"check_local.2municip.","Leandra amplexicaulis","DC.","possibly_ok","Melastomataceae","Leandra amplexicaulis","DC.","species","name accepted","bfo-9500",,,"Leandra amplexicaulis DC.","Leandra","Melastomataceae","high","Leandra amplexicaulis"
"speciesLink","SPSF00045938","SPSF","45938","Leandra dasytricha","Plantae","Melastomataceae","Leandra","2012","01","31","Brasil","SP","Capão Bonito","Parque Estadual Nascentes do Paranapanema","IF","PreservedSpecimen",,,"13","F.A.R.D.P.Arzolla & C. de Moura & F.E.S.P.Vilela & N.M.Ivanauskas & A.C.Martensen & A.C.R.Braga & P.U. da Mota","-48.218333","-24.188056","2024-08-06T09:15:27","1498",,,"<nO>COLETA: Arbusto, 2 metros, frutos imaturos verdes.; GEOGRAFIA: Fazenda Sakamoto; Trilha da Barra do Amendoim.&nf;Floresta Ombrófila Densa Montana.&nf;Altitude aproximada de 760 m.;</nO>","América do Sul","Magnoliophyta","Magnoliopsida","Myrtales","N.M.Ivanauskas","2012","02","28","dasytricha","(A.Gray) Cogn.",,,,,,,"SPLINK","Capão Bonito","2012-02-28",,,,,,,,,,,,,,,,,,"SPSF",,"Arzolla, F.A.R.D.P.","1498","2012","Ivanauskas, N.M.","2012","Moura, C.; Vilela, F.E.S.P.; Ivanauskas, N.M.; Martensen, A.C.; Braga, A.C.R.; Mota, P.U.","Arzolla",,"brazil","sao paulo","capao bonito","parque estadual nascentes do paranapanema",,"locality","brazil_sao paulo_capao bonito","brazil_sao paulo_capao bonito",-24.03890216,-48.28993485,"county",,,,,,,,,,,,,,,,,,,,,,,,,,,,,,,,,,,,,,,,,,,,,,,,,,,,,,,,,,,,,,,,,,,,,,,,,,,,,,,,,,,,"check_local.2municip.","Leandra variabilis","Raddi","possibly_ok","Melastomataceae","Leandra variabilis","Raddi","species","replaced synonym","bfo-9638","Leandra variabilis","Raddi","Leandra variabilis Raddi","Leandra","Melastomataceae","medium","Leandra variabilis"
"speciesLink","SPSF00047220","SPSF","47220","Meliosma chartacea","Plantae","Sabiaceae","Meliosma","2012","04","04","Brasil","SP","Capão Bonito","Parque Estadual Nascentes do Paranapanema","IF","PreservedSpecimen",,,"13","F.A.R.D.P.Arzolla & F.E.S.P.Vilela & C. de Moura & D.Souza","-48.1425","-24.171389","2024-08-06T09:16:20","1570","810","810","<nO>COLETA: Árvore com 10m de altura, frutos verdes.&nf;1 duplicata.; GEOGRAFIA: Acesso pelo rancho do Matias Queiroz. Floresta Ombrófila Densa Montana.&nf;Floresta madura.;</nO>","América do Sul","Magnoliophyta","Magnoliopsida","Ranunculales","F.A.R.D.P.Arzolla","2013","11","26","chartacea","Lombardi",,,,,,,"SPLINK","Capão Bonito","2013-11-26",,,,,,,,,,,,,,,,,,"SPSF",,"Arzolla, F.A.R.D.P.","1570","2012","Arzolla, F.A.R.D.P.","2013","Vilela, F.E.S.P.; Moura, C.; Souza, D.","Arzolla",,"brazil","sao paulo","capao bonito","parque estadual nascentes do paranapanema",,"locality","brazil_sao paulo_capao bonito","brazil_sao paulo_capao bonito",-24.03890216,-48.28993485,"county",,,,,,,,,,,,,,,,,,,,,,,,,,,,,,,,,,,,,,,,,,,,,,,,,,,,,,,,,,,,,,,,,,,,,,,,,,,,,,,,,,,,"check_local.2municip.","Meliosma chartacea","Lombardi","possibly_ok","Sabiaceae","Meliosma chartacea","Lombardi","species","name accepted","bfo-104394",,,"Meliosma chartacea Lombardi","Meliosma","Sabiaceae","low","Meliosma chartacea"
"speciesLink","SPSF00045948","SPSF","45948","Menispermaceae","Plantae","Menispermaceae",,"2012","02","01","Brasil","SP","Capão Bonito","Parque Estadual Nascentes do Paranapanema","IF","PreservedSpecimen",,,"13","F.A.R.D.P.Arzolla & C. de Moura & F.E.S.P.Vilela & N.M.Ivanauskas & A.C.Martensen & A.C.R.Braga & M.M.Queiroz & P.U. da Mota","-48.145833","-24.184167","2024-08-06T09:16:20","1512",,,"<nO>COLETA: Erva, trepadeira.; GEOGRAFIA: Proximidades do rancho de Matias Queiroz.&nf;Vegetação de Campo; Altitude aproximada de 840 m.;</nO>","América do Sul","Magnoliophyta","Magnoliopsida","Ranunculales",,,,,,,,,,,,,"SPLINK","Capão Bonito",,,,,,,,,,,,,,,,,,,"SPSF",,"Arzolla, F.A.R.D.P.","1512","2012","s.n.","n.d.","Moura, C.; Vilela, F.E.S.P.; Ivanauskas, N.M.; Martensen, A.C.; Braga, A.C.R.; Queiroz, M.M.; Mota, P.U.","Arzolla",,"brazil","sao paulo","capao bonito","parque estadual nascentes do paranapanema",,"locality","brazil_sao paulo_capao bonito","brazil_sao paulo_capao bonito",-24.03890216,-48.28993485,"county",,,,,,,,,,,,,,,,,,,,,,,,,,,,,,,,,,,,,,,,,,,,,,,,,,,,,,,,,,,,,,,,,,,,,,,,,,,,,,,,,,,,"check_local.2municip.","Menispermaceae","A.Juss.","family_as_genus","Menispermaceae","Menispermaceae","A.Juss.","family","name accepted","bfo-163",,,"Menispermaceae A.Juss.",,"Menispermaceae","unknown",
"speciesLink","SPSF00045946","SPSF","45946","Miconia lymanii","Plantae","Melastomataceae","Miconia","2012","02","01","Brasil","SP","Capão Bonito","Parque Estadual Nascentes do Paranapanema","IF","PreservedSpecimen",,,"13","F.A.R.D.P.Arzolla & C. de Moura & F.E.S.P.Vilela & N.M.Ivanauskas & A.C.Martensen & A.C.R.Braga & M.M.Queiroz & P.U. da Mota","-48.145833","-24.184167","2024-08-06T09:15:32","1509",,,"<nO>COLETA: Arvoreta, 1,5 metro de altura, frutos verdes com indumento ferrugíneo.; GEOGRAFIA: Proximidades do rancho de Matias Queiroz.&nf;Contato entre Floresta Ombrófila Densa Alto-Montana e vegetação de Campo.&nf;Altitude aproximada de 840 m.;</nO>","América do Sul","Magnoliophyta","Magnoliopsida","Myrtales","F.A.R.D.P.Arzolla","2012","02","28","lymanii","Wurdack",,,,,,,"SPLINK","Capão Bonito","2012-02-28",,,,,,,,,,,,,,,,,,"SPSF",,"Arzolla, F.A.R.D.P.","1509","2012","Arzolla, F.A.R.D.P.","2012","Moura, C.; Vilela, F.E.S.P.; Ivanauskas, N.M.; Martensen, A.C.; Braga, A.C.R.; Queiroz, M.M.; Mota, P.U.","Arzolla",,"brazil","sao paulo","capao bonito","parque estadual nascentes do paranapanema",,"locality","brazil_sao paulo_capao bonito","brazil_sao paulo_capao bonito",-24.03890216,-48.28993485,"county",,,,,,,,,,,,,,,,,,,,,,,,,,,,,,,,,,,,,,,,,,,,,,,,,,,,,,,,,,,,,,,,,,,,,,,,,,,,,,,,,,,,"check_local.2municip.","Miconia lymanii","Wurdack","possibly_ok","Melastomataceae","Miconia lymanii","Wurdack","species","name accepted","bfo-9729",,,"Miconia lymanii Wurdack","Miconia","Melastomataceae","low","Miconia lymanii"
"speciesLink","SPSF00045957","SPSF","45957","Miconia petropolitana","Plantae","Melastomataceae","Miconia","2012","02","03","Brasil","SP","Capão Bonito","Parque Estadual Nascentes do Paranapanema","IF","PreservedSpecimen",,,"13","F.A.R.D.P.Arzolla & C. de Moura & F.E.S.P.Vilela & N.M.Ivanauskas & P.U. da Mota","-48.824722","-23.023889","2024-08-06T09:15:32","1525","720","720","<nO>COLETA: Árvore, 8 metros, frutos imaturos verdes, fruto maduro preto.; GEOGRAFIA: Região do Capinzal; Margens do rio Paranapanema.&nf;Floresta Ombrófila Densa Montana.;</nO>","América do Sul","Magnoliophyta","Magnoliopsida","Myrtales","M.K.Caddah","2014","02","12","petropolitana","(DC.) Cogn.",,,,,,,"SPLINK","Capão Bonito","2014-02-12",,,,,,,,,,,,,,,,,,"SPSF",,"Arzolla, F.A.R.D.P.","1525","2012","Caddah, M.K.","2014","Moura, C.; Vilela, F.E.S.P.; Ivanauskas, N.M.; Mota, P.U.","Arzolla",,"brazil","sao paulo","capao bonito","parque estadual nascentes do paranapanema",,"locality","brazil_sao paulo_capao bonito","brazil_sao paulo_capao bonito",-24.03890216,-48.28993485,"county",,,,,,,,,,,,,,,,,,,,,,,,,,,,,,,,,,,,,,,,,,,,,,,,,,,,,,,,,,,,,,,,,,,,,,,,,,,,,,,,,,,,"check_local.2municip.","Miconia petropolitana","Cogn.","possibly_ok","Melastomataceae","Miconia petropolitana","Cogn.","species","author misspelled","bfo-9746",,,"Miconia petropolitana Cogn.","Miconia","Melastomataceae","high","Miconia petropolitana"
"speciesLink","SPSF00047214","SPSF","47214","Mollinedia argyrogyna","Plantae","Monimiaceae","Mollinedia","2012","04","04","Brasil","SP","Capão Bonito","Parque Estadual Nascentes do Paranapanema","IF","PreservedSpecimen",,,"13","C. de Moura & F.A.R.D.P.Arzolla & F.E.S.P.Vilela & D.Souza","-48.1425","-24.171389","2024-08-06T09:14:56","412","810","810","<nO>COLETA: Árvore, 10 m de altura.; GEOGRAFIA: Acesso pelo Rancho de Matias Queiroz.&nf;Floresta Ombrófila Densa Montana, floreta madura.;</nO>","América do Sul","Magnoliophyta","Magnoliopsida","Laurales","F.A.R.D.P.Arzolla","2013","12","28","argyrogyna","Perkins",,,,,,,"SPLINK","Capão Bonito","2013-12-28",,,,,,,,,,,,,,,,,,"SPSF",,"Moura, C.","412","2012","Arzolla, F.A.R.D.P.","2013","Arzolla, F.A.R.D.P.; Vilela, F.E.S.P.; Souza, D.","Moura",,"brazil","sao paulo","capao bonito","parque estadual nascentes do paranapanema",,"locality","brazil_sao paulo_capao bonito","brazil_sao paulo_capao bonito",-24.03890216,-48.28993485,"county",,,,,,,,,,,,,,,,,,,,,,,,,,,,,,,,,,,,,,,,,,,,,,,,,,,,,,,,,,,,,,,,,,,,,,,,,,,,,,,,,,,,"check_local.2municip.","Mollinedia argyrogyna","Perkins","possibly_ok","Monimiaceae","Mollinedia argyrogyna","Perkins","species","name accepted","bfo-10072",,,"Mollinedia argyrogyna Perkins","Mollinedia","Monimiaceae","low","Mollinedia argyrogyna"
"speciesLink","SPSF00045955","SPSF","45955","Myrceugenia myrcioides","Plantae","Myrtaceae","Myrceugenia","2012","02","03","Brasil","SP","Capão Bonito","Parque Estadual Nascentes do Paranapanema","IF","PreservedSpecimen",,,"13","F.A.R.D.P.Arzolla & C. de Moura & F.E.S.P.Vilela & N.M.Ivanauskas & P.U. da Mota","-48.824722","-23.023889","2024-08-06T09:15:57","1522","720","720","<nO>COLETA: Árvore, 5 metros, botões florais.; GEOGRAFIA: Região do Capinzal; Margens do Rio Paranapanema.&nf;Floresta Ombrófila Densa Montana.;</nO>","América do Sul","Magnoliophyta","Magnoliopsida","Myrtales","L. Meireles","2013","10","10","myrcioides","(Cambess.) O.Berg",,,,,,,"SPLINK","Capão Bonito","2013-10-10",,,,,,,,,,,,,,,,,,"SPSF",,"Arzolla, F.A.R.D.P.","1522","2012","Meireles, L.","2013","Moura, C.; Vilela, F.E.S.P.; Ivanauskas, N.M.; Mota, P.U.","Arzolla",,"brazil","sao paulo","capao bonito","parque estadual nascentes do paranapanema",,"locality","brazil_sao paulo_capao bonito","brazil_sao paulo_capao bonito",-24.03890216,-48.28993485,"county",,,,,,,,,,,,,,,,,,,,,,,,,,,,,,,,,,,,,,,,,,,,,,,,,,,,,,,,,,,,,,,,,,,,,,,,,,,,,,,,,,,,"check_local.2municip.","Myrceugenia myrcioides","(Cambess.) O.Berg","possibly_ok","Myrtaceae","Myrceugenia myrcioides","(Cambess.) O.Berg","species","name accepted","bfo-10648",,,"Myrceugenia myrcioides (Cambess.) O.Berg","Myrceugenia","Myrtaceae","high","Myrceugenia myrcioides"
"speciesLink","SPSF00045943","SPSF","45943","Myrcia guianensis","Plantae","Myrtaceae","Myrcia","2012","02","01","Brasil","SP","Capão Bonito","Parque Estadual Nascentes do Paranapanema","IF","PreservedSpecimen",,,"13","F.A.R.D.P.Arzolla & C. de Moura & F.E.S.P.Vilela & N.M.Ivanauskas & A.C.Martensen & A.C.R.Braga & M.M.Queiroz & P.U. da Mota","-48.145833","-24.184167","2024-08-06T09:15:58","1505",,,"<nO>COLETA: Arvoreta, pétalas brancas, cálice rosa.; GEOGRAFIA: Proximidades do rancho de Matias Queiroz; Vegetação de Campo.&nf;Altitude aproximada de 840 m.;</nO>","América do Sul","Magnoliophyta","Magnoliopsida","Myrtales","O.T.Aguiar","2012","02","28","guianensis","(Aublet) DC.",,,,,,,"SPLINK","Capão Bonito","2012-02-28",,,,,,,,,,,,,,,,,,"SPSF",,"Arzolla, F.A.R.D.P.","1505","2012","Aguiar, O.T.","2012","Moura, C.; Vilela, F.E.S.P.; Ivanauskas, N.M.; Martensen, A.C.; Braga, A.C.R.; Queiroz, M.M.; Mota, P.U.","Arzolla",,"brazil","sao paulo","capao bonito","parque estadual nascentes do paranapanema",,"locality","brazil_sao paulo_capao bonito","brazil_sao paulo_capao bonito",-24.03890216,-48.28993485,"county",,,,,,,,,,,,,,,,,,,,,,,,,,,,,,,,,,,,,,,,,,,,,,,,,,,,,,,,,,,,,,,,,,,,,,,,,,,,,,,,,,,,"check_local.2municip.","Myrcia guianensis","(Aubl.) DC.","possibly_ok","Myrtaceae","Myrcia guianensis","(Aubl.) DC.","species","author misspelled","bfo-10699",,,"Myrcia guianensis (Aubl.) DC.","Myrcia","Myrtaceae","high","Myrcia guianensis"
"speciesLink","SPSF00045936","SPSF","45936","Ocotea daphnifolia","Plantae","Lauraceae","Ocotea","2012","01","31","Brasil","SP","Capão Bonito","Parque Estadual Nascentes do Paranapanema","IF","PreservedSpecimen",,,"13","F.A.R.D.P.Arzolla & C. de Moura & F.E.S.P.Vilela & N.M.Ivanauskas & A.C.Martensen & A.C.R.Braga & P.U. da Mota","-48.212222","-24.183056","2024-08-06T09:14:41","1496",,,"<nO>COLETA: Arvoreta, 3 metros, botões amarelos.; GEOGRAFIA: Fazenda Sakamoto; Trilha da Barra do Amendoim.&nf;Margens do Rio Paranapanema; Floresta Ombrófila Densa Montana.&nf;Altitude aproximada de 680 m.;</nO>","América do Sul","Magnoliophyta","Magnoliopsida","Laurales","J.B.Baitello","2012","02","28","daphnifolia","(Meisn.) Mez",,,,,,,"SPLINK","Capão Bonito","2012-02-28",,,,,,,,,,,,,,,,,,"SPSF",,"Arzolla, F.A.R.D.P.","1496","2012","Baitello, J.B.","2012","Moura, C.; Vilela, F.E.S.P.; Ivanauskas, N.M.; Martensen, A.C.; Braga, A.C.R.; Mota, P.U.","Arzolla",,"brazil","sao paulo","capao bonito","parque estadual nascentes do paranapanema",,"locality","brazil_sao paulo_capao bonito","brazil_sao paulo_capao bonito",-24.03890216,-48.28993485,"county",,,,,,,,,,,,,,,,,,,,,,,,,,,,,,,,,,,,,,,,,,,,,,,,,,,,,,,,,,,,,,,,,,,,,,,,,,,,,,,,,,,,"check_local.2municip.","Ocotea daphnifolia","(Meisn.) Mez","possibly_ok","Lauraceae","Ocotea daphnifolia","(Meisn.) Mez","species","name accepted","bfo-8454",,,"Ocotea daphnifolia (Meisn.) Mez","Ocotea","Lauraceae","high","Ocotea daphnifolia"
"speciesLink","SPSF00045958","SPSF","45958","Ocotea teleiandra","Plantae","Lauraceae","Ocotea","2012","02","03","Brasil","SP","Capão Bonito","Parque Estadual Nascentes do Paranapanema","IF","PreservedSpecimen",,,"13","F.A.R.D.P.Arzolla & C. de Moura & F.E.S.P.Vilela & N.M.Ivanauskas & P.U. da Mota","-48.824722","-23.023889","2024-08-06T09:14:51","1526",,,"<nO>COLETA: Árvore, 8 metros, frutos verdes, cúpula vinho.; GEOGRAFIA: Região do Capinzal, margens do Rio Paranapanema.&nf;Floresta Ombrófila Densa Montana.&nf;Altitude aproximada de 720 m.;</nO>","América do Sul","Magnoliophyta","Magnoliopsida","Laurales","J.B.Baitello","2012","02","28","teleiandra","(Meisn.) Mez",,,,,,,"SPLINK","Capão Bonito","2012-02-28",,,,,,,,,,,,,,,,,,"SPSF",,"Arzolla, F.A.R.D.P.","1526","2012","Baitello, J.B.","2012","Moura, C.; Vilela, F.E.S.P.; Ivanauskas, N.M.; Mota, P.U.","Arzolla",,"brazil","sao paulo","capao bonito","parque estadual nascentes do paranapanema",,"locality","brazil_sao paulo_capao bonito","brazil_sao paulo_capao bonito",-24.03890216,-48.28993485,"county",,,,,,,,,,,,,,,,,,,,,,,,,,,,,,,,,,,,,,,,,,,,,,,,,,,,,,,,,,,,,,,,,,,,,,,,,,,,,,,,,,,,"check_local.2municip.","Ocotea teleiandra","(Meisn.) Mez","possibly_ok","Lauraceae","Ocotea teleiandra","(Meisn.) Mez","species","name accepted","bfo-8510",,,"Ocotea teleiandra (Meisn.) Mez","Ocotea","Lauraceae","high","Ocotea teleiandra"
"speciesLink","SPSF00045895","SPSF","45895","Podocarpus sellowii","Plantae","Podocarpaceae","Podocarpus","2012","02","01","Brasil","SP","Capão Bonito","Parque Estadual Nascentes do Paranapanema","IF","PreservedSpecimen",,,"13","F.A.R.D.P.Arzolla & C. de Moura & F.E.S.P.Vilela & N.M.Ivanauskas & A.C.Martensen & A.C.R.Braga & M.M.Queiroz & P.U. da Mota","-48.144167","-24.183056","2024-08-06T09:12:27","1556",,,"<nO>COLETA: Árvore.; GEOGRAFIA: Proximidades do rancho de Matias Queiroz; Floresta Ombrófila Densa Alto-Montana.&nf;Altitude aproximada de 840 m.;</nO>","América do Sul","Coniferophyta","Pinopsida","Pinales","G.A.D.C. Franco","2012","02","28","sellowii","Klotzsch ex Endl.",,,,,,,"SPLINK","Capão Bonito","2012-02-28",,,,,,,,,,,,,,,,,,"SPSF",,"Arzolla, F.A.R.D.P.","1556","2012","Franco, G.A.D.C.","2012","Moura, C.; Vilela, F.E.S.P.; Ivanauskas, N.M.; Martensen, A.C.; Braga, A.C.R.; Queiroz, M.M.; Mota, P.U.","Arzolla",,"brazil","sao paulo","capao bonito","parque estadual nascentes do paranapanema",,"locality","brazil_sao paulo_capao bonito","brazil_sao paulo_capao bonito",-24.03890216,-48.28993485,"county",,,,,,,,,,,,,,,,,,,,,,,,,,,,,,,,,,,,,,,,,,,,,,,,,,,,,,,,,,,,,,,,,,,,,,,,,,,,,,,,,,,,"check_local.2municip.","Podocarpus sellowii","Klotzsch ex Endl.","possibly_ok","Podocarpaceae","Podocarpus sellowii","Klotzsch ex Endl.","species","name accepted","bfo-20527",,,"Podocarpus sellowii Klotzsch ex Endl.","Podocarpus","Podocarpaceae","medium","Podocarpus sellowii"
"speciesLink","SPSF00045969","SPSF","45969","Psidium","Plantae","Myrtaceae","Psidium","2012","02","01","Brasil","SP","Capão Bonito","Parque Estadual Nascentes do Paranapanema","IF","PreservedSpecimen",,,"13","F.A.R.D.P.Arzolla & C. de Moura & F.E.S.P.Vilela & N.M.Ivanauskas & A.C.Martensen & A.C.R.Braga & M.M.Queiroz & P.U. da Mota","-48.145833","-24.184167","2024-08-06T09:16:05","1502",,,"<nO>COLETA: Árvore, 2 metros de altura, frutos imaturos verdes.; GEOGRAFIA: Proximidades do rancho de Matias Queiroz; Vegetação de Campo.&nf;Altitude aproximada de 840 m.;</nO>","América do Sul","Magnoliophyta","Magnoliopsida","Myrtales",,,,,,,,,,,,,"SPLINK","Capão Bonito",,,,,,,,,,,,,,,,,,,"SPSF",,"Arzolla, F.A.R.D.P.","1502","2012","s.n.","n.d.","Moura, C.; Vilela, F.E.S.P.; Ivanauskas, N.M.; Martensen, A.C.; Braga, A.C.R.; Queiroz, M.M.; Mota, P.U.","Arzolla",,"brazil","sao paulo","capao bonito","parque estadual nascentes do paranapanema",,"locality","brazil_sao paulo_capao bonito","brazil_sao paulo_capao bonito",-24.03890216,-48.28993485,"county",,,,,,,,,,,,,,,,,,,,,,,,,,,,,,,,,,,,,,,,,,,,,,,,,,,,,,,,,,,,,,,,,,,,,,,,,,,,,,,,,,,,"check_local.2municip.","Psidium","L.","indet","Myrtaceae","Psidium","L.","genus","name accepted","bfo-10853",,,"Psidium L.","Psidium","Myrtaceae","unknown",
"speciesLink","SPSF00045950","SPSF","45950","Quiina magellano-gomezii","Plantae","Quiinaceae","Quiina","2012","02","02","Brasil","SP","Capão Bonito","Parque Estadual Nascentes do Paranapanema","IF","PreservedSpecimen",,,"13","F.A.R.D.P.Arzolla & C. de Moura & F.E.S.P.Vilela & N.M.Ivanauskas & P.U. da Mota","-48.211111","-24.199444","2024-08-06T09:15:16","1516",,,"<nO>COLETA: Árvore, 10 metros, frutos de coloração laranja.; GEOGRAFIA: Fazenda Sakamoto; Floresta Ombrófila Densa Montana.&nf;Altitude aproximada de 740 m.;</nO>","América do Sul","Magnoliophyta","Magnoliopsida","Malpighiales","N.M.Ivanauskas","2012","02","28","magellano-gomezii","Schwacke",,,,,,,"SPLINK","Capão Bonito","2012-02-28",,,,,,,,,,,,,,,,,,"SPSF",,"Arzolla, F.A.R.D.P.","1516","2012","Ivanauskas, N.M.","2012","Moura, C.; Vilela, F.E.S.P.; Ivanauskas, N.M.; Mota, P.U.","Arzolla",,"brazil","sao paulo","capao bonito","parque estadual nascentes do paranapanema",,"locality","brazil_sao paulo_capao bonito","brazil_sao paulo_capao bonito",-24.03890216,-48.28993485,"county",,,,,,,,,,,,,,,,,,,,,,,,,,,,,,,,,,,,,,,,,,,,,,,,,,,,,,,,,,,,,,,,,,,,,,,,,,,,,,,,,,,,"check_local.2municip.","Quiina glaziovii","Engl.","possibly_ok","Quiinaceae","Quiina glaziovii","Engl.","species","name misspelled|replaced synonym","bfo-596934","Quiina glaziovii","Engl.","Quiina glaziovii Engl.","Quiina","Quiinaceae","medium","Quiina glaziovii"
"speciesLink","SPSF00045962","SPSF","45962","Rudgea gardenioides","Plantae","Rubiaceae","Rudgea","2012","02","03","Brasil","SP","Capão Bonito","Parque Estadual Nascentes do Paranapanema","IF","PreservedSpecimen",,,"13","F.A.R.D.P.Arzolla & C. de Moura & F.E.S.P.Vilela & N.M.Ivanauskas & P.U. da Mota","-48.824722","-23.023889","2024-08-06T09:16:37","1530",,,"<nO>COLETA: Árvore, 6 metros, frutos imaturos amarelos a vermelhos.; GEOGRAFIA: Região do Capinzal; Margens do Rio Paranapanema.&nf;Floresta Ombrófila Densa Montana.&nf;Altitude aproximada de 720 m.;</nO>","América do Sul","Magnoliophyta","Magnoliopsida","Rubiales","F.A.R.D.P.Arzolla","2012","02","28","gardenioides","(Cham.) Müll.",,,,,,,"SPLINK","Capão Bonito","2012-02-28",,,,,,,,,,,,,,,,,,"SPSF",,"Arzolla, F.A.R.D.P.","1530","2012","Arzolla, F.A.R.D.P.","2012","Moura, C.; Vilela, F.E.S.P.; Ivanauskas, N.M.; Mota, P.U.","Arzolla",,"brazil","sao paulo","capao bonito","parque estadual nascentes do paranapanema",,"locality","brazil_sao paulo_capao bonito","brazil_sao paulo_capao bonito",-24.03890216,-48.28993485,"county",,,,,,,,,,,,,,,,,,,,,,,,,,,,,,,,,,,,,,,,,,,,,,,,,,,,,,,,,,,,,,,,,,,,,,,,,,,,,,,,,,,,"check_local.2municip.","Rudgea gardenioides","(Cham.) Müll.Arg.","possibly_ok","Rubiaceae","Rudgea gardenioides","(Cham.) Müll.Arg.","species","author misspelled","bfo-14254",,,"Rudgea gardenioides (Cham.) Müll.Arg.","Rudgea","Rubiaceae","low","Rudgea gardenioides"
"speciesLink","SPSF00047208","SPSF","47208","Rudgea jasminoides","Plantae","Rubiaceae","Rudgea","2012","04","04","Brasil","SP","Capão Bonito","Parque Estadual Nascentes do Paranapanema","IF","PreservedSpecimen",,,"13","C. de Moura & F.A.R.D.P.Arzolla & F.E.S.P.Vilela & D.Souza","-48.1425","-24.171389","2024-08-06T09:16:40","408","810","810","<nO>COLETA: Árvore, 8 m de altura, frutos imaturos e verdes&nf;3 duplicatas; GEOGRAFIA: acesso pelo rancho Matias Queiroz, Floresta Ombrófila Densa Montana, floresta madura;</nO>","América do Sul","Magnoliophyta","Magnoliopsida","Rubiales","F.A.R.D.P.Arzolla","2013","11","26","jasminoides","(Cham.) Müll-Arg.",,,,,,,"SPLINK","Capão Bonito","2013-11-26",,,,,,,,,,,,,,,,,,"SPSF",,"Moura, C.","408","2012","Arzolla, F.A.R.D.P.","2013","Arzolla, F.A.R.D.P.; Vilela, F.E.S.P.; Souza, D.","Moura",,"brazil","sao paulo","capao bonito","parque estadual nascentes do paranapanema",,"locality","brazil_sao paulo_capao bonito","brazil_sao paulo_capao bonito",-24.03890216,-48.28993485,"county",,,,,,,,,,,,,,,,,,,,,,,,,,,,,,,,,,,,,,,,,,,,,,,,,,,,,,,,,,,,,,,,,,,,,,,,,,,,,,,,,,,,"check_local.2municip.","Rudgea jasminoides","(Cham.) Müll.Arg.","possibly_ok","Rubiaceae","Rudgea jasminoides","(Cham.) Müll.Arg.","species","author misspelled","bfo-14257",,,"Rudgea jasminoides (Cham.) Müll.Arg.","Rudgea","Rubiaceae","low","Rudgea jasminoides"
"speciesLink","SPSF00045896","SPSF","45896","Sauvagesia erecta","Plantae","Ochnaceae","Sauvagesia","2012","02","01","Brasil","SP","Capão Bonito","Parque Estadual Nascentes do Paranapanema","IF","PreservedSpecimen",,,"13","F.A.R.D.P.Arzolla & C. de Moura & F.E.S.P.Vilela & N.M.Ivanauskas & A.C.Martensen & A.C.R.Braga & M.M.Queiroz & P.U. da Mota","-48.145833","-24.184167","2024-08-06T09:17:17","1557",,,"<nO>COLETA: Erva.; GEOGRAFIA: Proximidades do rancho de Matias Queiroz; vegetação de Campo.&nf;Altitude aproximada de 840 m.;</nO>","América do Sul","Magnoliophyta","Magnoliopsida","Theales","F.A.R.D.P.Arzolla","2012","02","28","erecta","L.",,,,,,,"SPLINK","Capão Bonito","2012-02-28",,,,,,,,,,,,,,,,,,"SPSF",,"Arzolla, F.A.R.D.P.","1557","2012","Arzolla, F.A.R.D.P.","2012","Moura, C.; Vilela, F.E.S.P.; Ivanauskas, N.M.; Martensen, A.C.; Braga, A.C.R.; Queiroz, M.M.; Mota, P.U.","Arzolla",,"brazil","sao paulo","capao bonito","parque estadual nascentes do paranapanema",,"locality","brazil_sao paulo_capao bonito","brazil_sao paulo_capao bonito",-24.03890216,-48.28993485,"county",,,,,,,,,,,,,,,,,,,,,,,,,,,,,,,,,,,,,,,,,,,,,,,,,,,,,,,,,,,,,,,,,,,,,,,,,,,,,,,,,,,,"check_local.2municip.","Sauvagesia erecta","L.","possibly_ok","Ochnaceae","Sauvagesia erecta","L.","species","name accepted","bfo-19941",,,"Sauvagesia erecta L.","Sauvagesia","Ochnaceae","low","Sauvagesia erecta"
"speciesLink","SPSF00045949","SPSF","45949","Sloanea hirsuta","Plantae","Elaeocarpaceae","Sloanea","2012","02","02","Brasil","SP","Capão Bonito","Parque Estadual Nascentes do Paranapanema","IF","PreservedSpecimen",,,"13","F.A.R.D.P.Arzolla & C. de Moura & F.E.S.P.Vilela & N.M.Ivanauskas & P.U. da Mota","-48.2125","-24.196944","2024-08-06T09:15:17","1515",,,"<nO>COLETA: Árvore, 18 metros, com frutos.; GEOGRAFIA: Fazenda Sakamoto; Floresta Ombrófila Densa Montana.&nf;Altitude aproximada de 710 m.;</nO>","América do Sul","Magnoliophyta","Magnoliopsida","Malvales","F.A.R.D.P.Arzolla","2012","02","28","hirsuta","(Schott) Planch. ex Benth.",,,,,,,"SPLINK","Capão Bonito","2012-02-28",,,,,,,,,,,,,,,,,,"SPSF",,"Arzolla, F.A.R.D.P.","1515","2012","Arzolla, F.A.R.D.P.","2012","Moura, C.; Vilela, F.E.S.P.; Ivanauskas, N.M.; Mota, P.U.","Arzolla",,"brazil","sao paulo","capao bonito","parque estadual nascentes do paranapanema",,"locality","brazil_sao paulo_capao bonito","brazil_sao paulo_capao bonito",-24.03890216,-48.28993485,"county",,,,,,,,,,,,,,,,,,,,,,,,,,,,,,,,,,,,,,,,,,,,,,,,,,,,,,,,,,,,,,,,,,,,,,,,,,,,,,,,,,,,"check_local.2municip.","Sloanea hirsuta","(Schott) Planch. ex Benth.","possibly_ok","Elaeocarpaceae","Sloanea hirsuta","(Schott) Planch. ex Benth.","species","name accepted","bfo-103503",,,"Sloanea hirsuta (Schott) Planch. ex Benth.","Sloanea","Elaeocarpaceae","low","Sloanea hirsuta"
"speciesLink","SPSF00045961","SPSF","45961","Syagrus hoehnei","Plantae","Arecaceae","Syagrus","2012","02","03","Brasil","SP","Capão Bonito","Parque Estadual Nascentes do Paranapanema","IF","PreservedSpecimen",,,"13","F.A.R.D.P.Arzolla & C. de Moura & F.E.S.P.Vilela & N.M.Ivanauskas & P.U. da Mota","-48.824722","-23.023889","2024-08-06T09:12:28","1529","720","720","<nO>COLETA: Árvore, 4 metros, frutos imaturos verdes.; GEOGRAFIA: Região do Capinzal; Margens do rio Paranapanema.&nf;Floresta Ombrófila Densa Montana.;</nO>","América do Sul","Magnoliophyta","Liliopsida","Arecales","D.G. Almeida - Costa","2018","05","02","hoehnei","Burret",,,,,,,"SPLINK","Capão Bonito","2018-05-02",,,,,,,,,,,,,,,,,,"SPSF",,"Arzolla, F.A.R.D.P.","1529","2012","Almeida-Costa, D.G.","2018","Moura, C.; Vilela, F.E.S.P.; Ivanauskas, N.M.; Mota, P.U.","Arzolla",,"brazil","sao paulo","capao bonito","parque estadual nascentes do paranapanema",,"locality","brazil_sao paulo_capao bonito","brazil_sao paulo_capao bonito",-24.03890216,-48.28993485,"county",,,,,,,,,,,,,,,,,,,,,,,,,,,,,,,,,,,,,,,,,,,,,,,,,,,,,,,,,,,,,,,,,,,,,,,,,,,,,,,,,,,,"check_local.2municip.","Syagrus hoehnei","Burret","possibly_ok","Arecaceae","Syagrus hoehnei","Burret","species","name accepted","bfo-44820",,,"Syagrus hoehnei Burret","Syagrus","Arecaceae","low","Syagrus hoehnei"
"speciesLink","SPSF00045944","SPSF","45944","Tibouchina","Plantae","Melastomataceae","Tibouchina","2012","02","01","Brasil","SP","Capão Bonito","Parque Estadual Nascentes do Paranapanema","IF","PreservedSpecimen",,,"13","F.A.R.D.P.Arzolla & C. de Moura & F.E.S.P.Vilela & N.M.Ivanauskas & A.C.Martensen & A.C.R.Braga & M.M.Queiroz & P.U. da Mota","-48.145833","-24.184167","2024-08-06T09:15:37","1507",,,"<nO>COLETA: Árvore, 1,5 metros de altura, pétalas e estames roxos.; GEOGRAFIA: Proximidades do rancho de Matias Queiroz; Vegetação de Campo.&nf;Altitude aproximada de 840 m.;</nO>","América do Sul","Magnoliophyta","Magnoliopsida","Myrtales",,,,,,,,,,,,,"SPLINK","Capão Bonito",,,,,,,,,,,,,,,,,,,"SPSF",,"Arzolla, F.A.R.D.P.","1507","2012","s.n.","n.d.","Moura, C.; Vilela, F.E.S.P.; Ivanauskas, N.M.; Martensen, A.C.; Braga, A.C.R.; Queiroz, M.M.; Mota, P.U.","Arzolla",,"brazil","sao paulo","capao bonito","parque estadual nascentes do paranapanema",,"locality","brazil_sao paulo_capao bonito","brazil_sao paulo_capao bonito",-24.03890216,-48.28993485,"county",,,,,,,,,,,,,,,,,,,,,,,,,,,,,,,,,,,,,,,,,,,,,,,,,,,,,,,,,,,,,,,,,,,,,,,,,,,,,,,,,,,,"check_local.2municip.","Tibouchina","Aubl.","indet","Melastomataceae","Tibouchina","Aubl.","genus","name accepted","bfo-9876",,,"Tibouchina Aubl.","Tibouchina","Melastomataceae","unknown",
"speciesLink","SPSF00047221","SPSF","47221","Vantanea compacta","Plantae","Humiriaceae","Vantanea","2012","04","04","Brasil","SP","Capão Bonito","Parque Estadual Nascentes do Paranapanema","IF","PreservedSpecimen",,,"13","F.A.R.D.P.Arzolla & F.E.S.P.Vilela & C. de Moura & D.Souza","-48.1425","-24.171389","2024-08-06T09:15:11","1571",,,"<nO>COLETA: Árvore, 30 m de altura, flores alvas, botão amarelado.&nf;Nome popular: Guarapari&nf;2 duplicatas; GEOGRAFIA: acesso pelo rancho do Matias Queiroz, Floresta Ombrófila Densa Montana, floresta madura;</nO>","América do Sul","Magnoliophyta","Magnoliopsida","Malpighiales","F.A.R.D.P.Arzolla","2013","11","26","compacta","(Schnizl.) Cuatrec.",,,,,,,"SPLINK","Capão Bonito","2013-11-26",,,,,,,,,,,,,,,,,,"SPSF",,"Arzolla, F.A.R.D.P.","1571","2012","Arzolla, F.A.R.D.P.","2013","Vilela, F.E.S.P.; Moura, C.; Souza, D.","Arzolla",,"brazil","sao paulo","capao bonito","parque estadual nascentes do paranapanema",,"locality","brazil_sao paulo_capao bonito","brazil_sao paulo_capao bonito",-24.03890216,-48.28993485,"county",,,,,,,,,,,,,,,,,,,,,,,,,,,,,,,,,,,,,,,,,,,,,,,,,,,,,,,,,,,,,,,,,,,,,,,,,,,,,,,,,,,,"check_local.2municip.","Vantanea compacta","(Schnizl.) Cuatrec.","possibly_ok","Humiriaceae","Vantanea compacta","(Schnizl.) Cuatrec.","species","name accepted","bfo-7987",,,"Vantanea compacta (Schnizl.) Cuatrec.","Vantanea","Humiriaceae","low","Vantanea compacta"
"speciesLink","SPSF00045954","SPSF","45954","Vochysia selloi","Plantae","Vochysiaceae","Vochysia","2012","02","02","Brasil","SP","Capão Bonito","Parque Estadual Nascentes do Paranapanema","IF","PreservedSpecimen",,,"13","F.A.R.D.P.Arzolla & C. de Moura & F.E.S.P.Vilela & N.M.Ivanauskas & P.U. da Mota","-48.824722","-23.023889","2024-08-06T09:16:09","1521",,,"<nO>COLETA: Árvore, 8 metros, flores amarelas.; GEOGRAFIA: Fazenda Sakamoto; Floresta Secundária.&nf;Altitude aproximada de 720 m.;</nO>","América do Sul","Magnoliophyta","Magnoliopsida","Myrtales","G.A.D.C. Franco","2012","02","28","selloi","Warm.",,,,,,,"SPLINK","Capão Bonito","2012-02-28",,,,,,,,,,,,,,,,,,"SPSF",,"Arzolla, F.A.R.D.P.","1521","2012","Franco, G.A.D.C.","2012","Moura, C.; Vilela, F.E.S.P.; Ivanauskas, N.M.; Mota, P.U.","Arzolla",,"brazil","sao paulo","capao bonito","parque estadual nascentes do paranapanema",,"locality","brazil_sao paulo_capao bonito","brazil_sao paulo_capao bonito",-24.03890216,-48.28993485,"county",,,,,,,,,,,,,,,,,,,,,,,,,,,,,,,,,,,,,,,,,,,,,,,,,,,,,,,,,,,,,,,,,,,,,,,,,,,,,,,,,,,,"check_local.2municip.","Vochysia selloi","Warm.","possibly_ok","Vochysiaceae","Vochysia selloi","Warm.","species","name accepted","bfo-15319",,,"Vochysia selloi Warm.","Vochysia","Vochysiaceae","medium","Vochysia selloi"
