taxonKey	scientificName	acceptedTaxonKey	acceptedScientificName	numberOfOccurrences	taxonRank	taxonomicStatus	kingdom	kingdomKey	phylum	phylumKey	class	classKey	order	orderKey	family	familyKey	genus	genusKey	species	speciesKey	iucnRedListCategory
2898841	Palicourea rigida Kunth	2898841	Palicourea rigida Kunth	1	SPECIES	ACCEPTED	Plantae	6	Tracheophyta	7707728	Magnoliopsida	220	Gentianales	412	Rubiaceae	8798	Palicourea	2898662	Palicourea rigida	2898841	NE
5395914	Elephantopus biflorus (Less.) Sch.Bip.	5395914	Elephantopus biflorus (Less.) Sch.Bip.	1	SPECIES	ACCEPTED	Plantae	6	Tracheophyta	7707728	Magnoliopsida	220	Asterales	414	Asteraceae	3065	Elephantopus	3119618	Elephantopus biflorus	5395914	NE
8199967	Erechtites valerianifolius (Wolf ex Rchb.) DC.	8199967	Erechtites valerianifolius (Wolf ex Rchb.) DC.	1	SPECIES	ACCEPTED	Plantae	6	Tracheophyta	7707728	Magnoliopsida	220	Asterales	414	Asteraceae	3065	Erechtites	3132453	Erechtites valerianifolius	8199967	NE
2901131	Amaioua intermedia Mart. ex Schult. & Schult.f.	2901131	Amaioua intermedia Mart. ex Schult. & Schult.f.	2	SPECIES	ACCEPTED	Plantae	6	Tracheophyta	7707728	Magnoliopsida	220	Gentianales	412	Rubiaceae	8798	Amaioua	2901120	Amaioua intermedia	2901131	LC
4124916	Panicum sellowii Nees	4124916	Panicum sellowii Nees	1	SPECIES	ACCEPTED	Plantae	6	Tracheophyta	7707728	Liliopsida	196	Poales	1369	Poaceae	3073	Panicum	2705064	Panicum sellowii	4124916	NE
2946509	Clitoria densiflora (Benth.) Benth.	2946509	Clitoria densiflora (Benth.) Benth.	1	SPECIES	ACCEPTED	Plantae	6	Tracheophyta	7707728	Magnoliopsida	220	Fabales	1370	Fabaceae	5386	Clitoria	2946499	Clitoria densiflora	2946509	NE
5421120	Serjania Mill.	5421120	Serjania Mill.	1	GENUS	ACCEPTED	Plantae	6	Tracheophyta	7707728	Magnoliopsida	220	Sapindales	933	Sapindaceae	6657	Serjania	5421120			NE
6405402	Mimosa gracilis subsp. capillipes (Benth.) Barneby	6405402	Mimosa gracilis subsp. capillipes (Benth.) Barneby	2	SUBSPECIES	ACCEPTED	Plantae	6	Tracheophyta	7707728	Magnoliopsida	220	Fabales	1370	Fabaceae	5386	Mimosa	2969235	Mimosa gracilis	2969402	
7620122	Moquiniastrum barrosoae (Cabrera) G.Sancho	7620122	Moquiniastrum barrosoae (Cabrera) G.Sancho	1	SPECIES	ACCEPTED	Plantae	6	Tracheophyta	7707728	Magnoliopsida	220	Asterales	414	Asteraceae	3065	Cabrera	9659158	Moquiniastrum barrosoae	7620122	NE
9084883	Mimosa debilis Humb. & Bonpl.	2969392	Mimosa debilis Humb. & Bonpl. ex Willd.	2	SPECIES	SYNONYM	Plantae	6	Tracheophyta	7707728	Magnoliopsida	220	Fabales	1370	Fabaceae	5386	Mimosa	2969235	Mimosa debilis	2969392	NE
8874040	Peltaea polymorpha (A.St.-Hil.) Krapov. & Cristóbal	8874040	Peltaea polymorpha (A.St.-Hil.) Krapov. & Cristóbal	1	SPECIES	ACCEPTED	Plantae	6	Tracheophyta	7707728	Magnoliopsida	220	Malvales	941	Malvaceae	6685	Peltaea	8272425	Peltaea polymorpha	8874040	NE
2968927	Dalbergia miscolobium Benth.	2968927	Dalbergia miscolobium Benth.	2	SPECIES	ACCEPTED	Plantae	6	Tracheophyta	7707728	Magnoliopsida	220	Fabales	1370	Fabaceae	5386	Dalbergia	2968358	Dalbergia miscolobium	2968927	NE
5612416	Zornia crinita (Mohlenbr.) Vanni	5355374	Zornia pardina var. crinita Mohlenbr.	1	SPECIES	SYNONYM	Plantae	6	Tracheophyta	7707728	Magnoliopsida	220	Fabales	1370	Fabaceae	5386	Zornia	2959985	Zornia pardina	5355372	NE
2918585	Borreria verticillata (L.) G.Mey.	2918574	Spermacoce verticillata L.	2	SPECIES	SYNONYM	Plantae	6	Tracheophyta	7707728	Magnoliopsida	220	Gentianales	412	Rubiaceae	8798	Spermacoce	2918053	Spermacoce verticillata	2918574	NE
5601344	Pleroma pulchrum Cogn.	3870411	Chaetogastra gracilis (Bonpl.) DC.	2	SPECIES	SYNONYM	Plantae	6	Tracheophyta	7707728	Magnoliopsida	220	Myrtales	690	Melastomataceae	6683	Chaetogastra	7273204	Chaetogastra gracilis	3870411	NE
2897889	Faramea Aubl.	2897889	Faramea Aubl.	1	GENUS	ACCEPTED	Plantae	6	Tracheophyta	7707728	Magnoliopsida	220	Gentianales	412	Rubiaceae	8798	Faramea	2897889			NE
4086557	Lippia velutina Schauer	7297353	Lippia origanoides Kunth	1	SPECIES	SYNONYM	Plantae	6	Tracheophyta	7707728	Magnoliopsida	220	Lamiales	408	Verbenaceae	6689	Lippia	2925383	Lippia origanoides	7297353	NE
3139534	Achyrocline satureioides (Lam.) DC.	3139534	Achyrocline satureioides (Lam.) DC.	1	SPECIES	ACCEPTED	Plantae	6	Tracheophyta	7707728	Magnoliopsida	220	Asterales	414	Asteraceae	3065	Achyrocline	7994043	Achyrocline satureioides	3139534	NE
5335665	Alibertia sessilis (Vell.) K.Schum.	5335669	Cordiera sessilis (Vell.) Kuntze	1	SPECIES	SYNONYM	Plantae	6	Tracheophyta	7707728	Magnoliopsida	220	Gentianales	412	Rubiaceae	8798	Cordiera	2903362	Cordiera sessilis	5335669	NE
8391656	Jacaranda caroba (Vell.) DC.	8391656	Jacaranda caroba (Vell.) DC.	1	SPECIES	ACCEPTED	Plantae	6	Tracheophyta	7707728	Magnoliopsida	220	Lamiales	408	Bignoniaceae	6655	Jacaranda	3172498	Jacaranda caroba	8391656	LC
8020297	Cyanocephalus (Pohl ex Benth.) Harley & J.F.B.Pastore	8020297	Cyanocephalus (Pohl ex Benth.) Harley & J.F.B.Pastore	2	GENUS	ACCEPTED	Plantae	6	Tracheophyta	7707728	Magnoliopsida	220	Lamiales	408	Lamiaceae	2497	Cyanocephalus	8020297			NE
3191352	Byrsonima coriacea (Sw.) DC.	3191361	Byrsonima crassifolia (L.) Kunth	2	SPECIES	SYNONYM	Plantae	6	Tracheophyta	7707728	Magnoliopsida	220	Malpighiales	1414	Malpighiaceae	6676	Byrsonima	3191347	Byrsonima crassifolia	3191361	NE
3862364	Miconia ligustroides (DC.) Naudin	3862364	Miconia ligustroides (DC.) Naudin	6	SPECIES	ACCEPTED	Plantae	6	Tracheophyta	7707728	Magnoliopsida	220	Myrtales	690	Melastomataceae	6683	Miconia	3188558	Miconia ligustroides	3862364	LC
5420473	Psidium grandifolium Mart. ex DC.	5420473	Psidium grandifolium Mart. ex DC.	1	SPECIES	ACCEPTED	Plantae	6	Tracheophyta	7707728	Magnoliopsida	220	Myrtales	690	Myrtaceae	5014	Psidium	3187232	Psidium grandifolium	5420473	NE
9302445	Anemopaegma arvense (Vell.) Stellfeld ex De Souza	9302445	Anemopaegma arvense (Vell.) Stellfeld ex De Souza	1	SPECIES	ACCEPTED	Plantae	6	Tracheophyta	7707728	Magnoliopsida	220	Lamiales	408	Bignoniaceae	6655	Anemopaegma	3172463	Anemopaegma arvense	9302445	NE
5391882	Bidens subalternans DC.	5391882	Bidens subalternans DC.	1	SPECIES	ACCEPTED	Plantae	6	Tracheophyta	7707728	Magnoliopsida	220	Asterales	414	Asteraceae	3065	Bidens	3105856	Bidens subalternans	5391882	NE
7279669	Sida viarum A.St.-Hil.	7279669	Sida viarum A.St.-Hil.	1	SPECIES	ACCEPTED	Plantae	6	Tracheophyta	7707728	Magnoliopsida	220	Malvales	941	Malvaceae	6685	Sida	3152100	Sida viarum	7279669	NE
7304186	Nectandra lanceolata Nees & Mart. ex Nees	7304186	Nectandra lanceolata Nees & Mart. ex Nees	2	SPECIES	ACCEPTED	Plantae	6	Tracheophyta	7707728	Magnoliopsida	220	Laurales	407	Lauraceae	6688	Nectandra	3034018	Nectandra lanceolata	7304186	LC
2957831	Senna rugosa (G.Don) H.S.Irwin & Barneby	2957831	Senna rugosa (G.Don) H.S.Irwin & Barneby	1	SPECIES	ACCEPTED	Plantae	6	Tracheophyta	7707728	Magnoliopsida	220	Fabales	1370	Fabaceae	5386	Senna	2956904	Senna rugosa	2957831	LC
5706135	Luehea grandiflora Mart.	5706135	Luehea grandiflora Mart.	1	SPECIES	ACCEPTED	Plantae	6	Tracheophyta	7707728	Magnoliopsida	220	Malvales	941	Malvaceae	6685	Luehea	3152076	Luehea grandiflora	5706135	NE
7264492	Siparuna cujabana (Mart. ex Tul.) A.DC.	3782598	Siparuna brasiliensis (Spreng.) A.DC.	1	SPECIES	SYNONYM	Plantae	6	Tracheophyta	7707728	Magnoliopsida	220	Laurales	407	Siparunaceae	4893899	Siparuna	7264484	Siparuna brasiliensis	3782598	NE
3100364	Acanthospermum australe (Loefl.) Kuntze	3100364	Acanthospermum australe (Loefl.) Kuntze	1	SPECIES	ACCEPTED	Plantae	6	Tracheophyta	7707728	Magnoliopsida	220	Asterales	414	Asteraceae	3065	Acanthospermum	3100362	Acanthospermum australe	3100364	NE
3172501	Arrabidaea DC.	3233562	Fridericia Mart.	1	GENUS	SYNONYM	Plantae	6	Tracheophyta	7707728	Magnoliopsida	220	Lamiales	408	Bignoniaceae	6655	Fridericia	3233562			
7824453	Chromolaena DC.	7824453	Chromolaena DC.	1	GENUS	ACCEPTED	Plantae	6	Tracheophyta	7707728	Magnoliopsida	220	Asterales	414	Asteraceae	3065	Chromolaena	7824453			NE
2930421	Solanum lycocarpum A.St.-Hil.	2930421	Solanum lycocarpum A.St.-Hil.	1	SPECIES	ACCEPTED	Plantae	6	Tracheophyta	7707728	Magnoliopsida	220	Solanales	1176	Solanaceae	7717	Solanum	2928997	Solanum lycocarpum	2930421	LC
3186488	Myrciaria delicatula (DC.) O.Berg	3186488	Myrciaria delicatula (DC.) O.Berg	1	SPECIES	ACCEPTED	Plantae	6	Tracheophyta	7707728	Magnoliopsida	220	Myrtales	690	Myrtaceae	5014	Myrciaria	3186407	Myrciaria delicatula	3186488	LC
7317936	Melancium campestre Naudin	4939914	Melothria campestris (Naudin) H.Schaef. & S.S.Renner	1	SPECIES	SYNONYM	Plantae	6	Tracheophyta	7707728	Magnoliopsida	220	Cucurbitales	7224005	Cucurbitaceae	6634	Melothria	2874549	Melothria campestris	4939914	NE
8993508	Palicourea sessilis (Vell.) C.M.Taylor	8993508	Palicourea sessilis (Vell.) C.M.Taylor	1	SPECIES	ACCEPTED	Plantae	6	Tracheophyta	7707728	Magnoliopsida	220	Gentianales	412	Rubiaceae	8798	Palicourea	2898662	Palicourea sessilis	8993508	NE
5338405	Manettia cordifolia Mart.	5338405	Manettia cordifolia Mart.	1	SPECIES	ACCEPTED	Plantae	6	Tracheophyta	7707728	Magnoliopsida	220	Gentianales	412	Rubiaceae	8798	Manettia	2906969	Manettia cordifolia	5338405	NE
2705862	Urochloa brizantha (A.Rich.) R.D.Webster	2705862	Urochloa brizantha (A.Rich.) R.D.Webster	1	SPECIES	ACCEPTED	Plantae	6	Tracheophyta	7707728	Liliopsida	196	Poales	1369	Poaceae	3073	Urochloa	2705813	Urochloa brizantha	2705862	NE
3985635	Banisteriopsis campestris (A.Juss.) Little	3985635	Banisteriopsis campestris (A.Juss.) Little	1	SPECIES	ACCEPTED	Plantae	6	Tracheophyta	7707728	Magnoliopsida	220	Malpighiales	1414	Malpighiaceae	6676	Banisteriopsis	7618041	Banisteriopsis campestris	3985635	NE
5417616	Eugenia pyriformis Cambess.	5417616	Eugenia pyriformis Cambess.	2	SPECIES	ACCEPTED	Plantae	6	Tracheophyta	7707728	Magnoliopsida	220	Myrtales	690	Myrtaceae	5014	Eugenia	3177662	Eugenia pyriformis	5417616	LC
2953547	Bauhinia holophylla (Bong.) Steud.	2953547	Bauhinia holophylla (Bong.) Steud.	3	SPECIES	ACCEPTED	Plantae	6	Tracheophyta	7707728	Magnoliopsida	220	Fabales	1370	Fabaceae	5386	Bauhinia	2952935	Bauhinia holophylla	2953547	NE
7384743	Declieuxia cordigera Mart. ex Zucc.	7384743	Declieuxia cordigera Mart. ex Zucc.	1	SPECIES	ACCEPTED	Plantae	6	Tracheophyta	7707728	Magnoliopsida	220	Gentianales	412	Rubiaceae	8798	Declieuxia	2912315	Declieuxia cordigera	7384743	NE
3890115	Aegiphila verticillata Vell.	3890115	Aegiphila verticillata Vell.	4	SPECIES	ACCEPTED	Plantae	6	Tracheophyta	7707728	Magnoliopsida	220	Lamiales	408	Lamiaceae	2497	Aegiphila	9156446	Aegiphila verticillata	3890115	LC
2951721	Stryphnodendron obovatum Benth.	2951724	Stryphnodendron rotundifolium Mart.	4	SPECIES	SYNONYM	Plantae	6	Tracheophyta	7707728	Magnoliopsida	220	Fabales	1370	Fabaceae	5386	Stryphnodendron	2951701	Stryphnodendron rotundifolium	2951724	NE
3173903	Myrcia variabilis DC.	3173903	Myrcia variabilis DC.	3	SPECIES	ACCEPTED	Plantae	6	Tracheophyta	7707728	Magnoliopsida	220	Myrtales	690	Myrtaceae	5014	Myrcia	3173889	Myrcia variabilis	3173903	LC
3123781	Vernonia Schreb.	3123781	Vernonia Schreb.	2	GENUS	ACCEPTED	Plantae	6	Tracheophyta	7707728	Magnoliopsida	220	Asterales	414	Asteraceae	3065	Vernonia	3123781			NE
9622815	Distimake digitatus (Spreng.) A.R.Simões & Staples	9622815	Distimake digitatus (Spreng.) A.R.Simões & Staples	1	SPECIES	ACCEPTED	Plantae	6	Tracheophyta	7707728	Magnoliopsida	220	Solanales	1176	Convolvulaceae	2389	Distimake	7324349	Distimake digitatus	9622815	NE
5295106	Smilax polyantha Griseb.	5295106	Smilax polyantha Griseb.	2	SPECIES	ACCEPTED	Plantae	6	Tracheophyta	7707728	Liliopsida	196	Liliales	1172	Smilacaceae	7702	Smilax	2740627	Smilax polyantha	5295106	NE
4221673	Praxelis clematidea (Griseb.) R.M.King & H.Rob.	4221673	Praxelis clematidea (Griseb.) R.M.King & H.Rob.	1	SPECIES	ACCEPTED	Plantae	6	Tracheophyta	7707728	Magnoliopsida	220	Asterales	414	Asteraceae	3065	Praxelis	8111301	Praxelis clematidea	4221673	NE
4183383	Ocotea corymbosa (Meisn.) Mez	4175702	Mespilodaphne corymbosa Meisn.	3	SPECIES	SYNONYM	Plantae	6	Tracheophyta	7707728	Magnoliopsida	220	Laurales	407	Lauraceae	6688	Mespilodaphne	7304101	Mespilodaphne corymbosa	4175702	LC
5354997	Machaerium acutifolium Vogel	5354997	Machaerium acutifolium Vogel	1	SPECIES	ACCEPTED	Plantae	6	Tracheophyta	7707728	Magnoliopsida	220	Fabales	1370	Fabaceae	5386	Machaerium	2959589	Machaerium acutifolium	5354997	LC
5355439	Ormosia arborea (Vell.) Harms	5355439	Ormosia arborea (Vell.) Harms	1	SPECIES	ACCEPTED	Plantae	6	Tracheophyta	7707728	Magnoliopsida	220	Fabales	1370	Fabaceae	5386	Ormosia	2960439	Ormosia arborea	5355439	LC
6045891	Pera glabrata (Schott) Poepp. ex Baill.	6045891	Pera glabrata (Schott) Poepp. ex Baill.	2	SPECIES	ACCEPTED	Plantae	6	Tracheophyta	7707728	Magnoliopsida	220	Malpighiales	1414	Peraceae	4896765	Pera	3231319	Pera glabrata	6045891	LC
5392203	Pterocaulon lanatum Kuntze	5392203	Pterocaulon lanatum Kuntze	1	SPECIES	ACCEPTED	Plantae	6	Tracheophyta	7707728	Magnoliopsida	220	Asterales	414	Asteraceae	3065	Pterocaulon	3106645	Pterocaulon lanatum	5392203	NE
2899117	Palicourea croceoides Ham.	2899117	Palicourea croceoides Ham.	1	SPECIES	ACCEPTED	Plantae	6	Tracheophyta	7707728	Magnoliopsida	220	Gentianales	412	Rubiaceae	8798	Palicourea	2898662	Palicourea croceoides	2899117	NE
5619128	Sida cerradoensis Krapov.	5619128	Sida cerradoensis Krapov.	1	SPECIES	ACCEPTED	Plantae	6	Tracheophyta	7707728	Magnoliopsida	220	Malvales	941	Malvaceae	6685	Sida	3152100	Sida cerradoensis	5619128	NE
7303996	Davilla rugosa Poir.	7303996	Davilla rugosa Poir.	1	SPECIES	ACCEPTED	Plantae	6	Tracheophyta	7707728	Magnoliopsida	220	Dilleniales	947	Dilleniaceae	2511	Davilla	3234608	Davilla rugosa	7303996	NE
3074822	Microstachys daphnoides (Mart.) Müll.Arg.	11106089	Microstachys daphnoides (Mart.) F.Dietr.	2	SPECIES	SYNONYM	Plantae	6	Tracheophyta	7707728	Magnoliopsida	220	Malpighiales	1414	Euphorbiaceae	4691	Microstachys	3074584	Microstachys daphnoides	11106089	NE
5392233	Pterocaulon rugosum (Vahl) Malme	5392233	Pterocaulon rugosum (Vahl) Malme	3	SPECIES	ACCEPTED	Plantae	6	Tracheophyta	7707728	Magnoliopsida	220	Asterales	414	Asteraceae	3065	Pterocaulon	3106645	Pterocaulon rugosum	5392233	NE
5401508	Emilia fosbergii Nicolson	5401508	Emilia fosbergii Nicolson	1	SPECIES	ACCEPTED	Plantae	6	Tracheophyta	7707728	Magnoliopsida	220	Asterales	414	Asteraceae	3065	Emilia	3137995	Emilia fosbergii	5401508	NE
5398689	Mikania cordifolia (L.fil.) Willd.	5398689	Mikania cordifolia (L.fil.) Willd.	1	SPECIES	ACCEPTED	Plantae	6	Tracheophyta	7707728	Magnoliopsida	220	Asterales	414	Asteraceae	3065	Mikania	7722389	Mikania cordifolia	5398689	NE
7284839	Erythroxylum campestre A.St.-Hil.	7284839	Erythroxylum campestre A.St.-Hil.	2	SPECIES	ACCEPTED	Plantae	6	Tracheophyta	7707728	Magnoliopsida	220	Malpighiales	1414	Erythroxylaceae	6686	Erythroxylum	2873937	Erythroxylum campestre	7284839	NE
2884812	Pouteria torta (Mart.) Radlk.	2884812	Pouteria torta (Mart.) Radlk.	1	SPECIES	ACCEPTED	Plantae	6	Tracheophyta	7707728	Magnoliopsida	220	Ericales	1353	Sapotaceae	8802	Pouteria	2884049	Pouteria torta	2884812	LC
2706079	Andropogon bicornis L.	2706079	Andropogon bicornis L.	1	SPECIES	ACCEPTED	Plantae	6	Tracheophyta	7707728	Liliopsida	196	Poales	1369	Poaceae	3073	Andropogon	2706077	Andropogon bicornis	2706079	NE
2732027	Allagoptera campestris (Mart.) Kuntze	2732027	Allagoptera campestris (Mart.) Kuntze	1	SPECIES	ACCEPTED	Plantae	6	Tracheophyta	7707728	Liliopsida	196	Arecales	552	Arecaceae	7681	Allagoptera	2732026	Allagoptera campestris	2732027	NE
7831077	Roupala montana Aubl.	7831077	Roupala montana Aubl.	1	SPECIES	ACCEPTED	Plantae	6	Tracheophyta	7707728	Magnoliopsida	220	Proteales	400	Proteaceae	2414	Roupala	7286930	Roupala montana	7831077	LC
2701052	Rhynchospora Vahl	2701052	Rhynchospora Vahl	1	GENUS	ACCEPTED	Plantae	6	Tracheophyta	7707728	Liliopsida	196	Poales	1369	Cyperaceae	7708	Rhynchospora	2701052			NE
7986727	Caryocar brasiliense Cambess.	7986727	Caryocar brasiliense Cambess.	1	SPECIES	DOUBTFUL	Plantae	6	Tracheophyta	7707728	Magnoliopsida	220	Malpighiales	1414	Caryocaraceae	6647	Caryocar	3189661	Caryocar brasiliense	7986727	NE
4140528	Andropogon selloanus (Hack.) Hack.	4140528	Andropogon selloanus (Hack.) Hack.	2	SPECIES	ACCEPTED	Plantae	6	Tracheophyta	7707728	Liliopsida	196	Poales	1369	Poaceae	3073	Andropogon	2706077	Andropogon selloanus	4140528	NE
2970514	Acosmium subelegans (Mohlenbr.) Yakovlev	5358419	Leptolobium elegans Vogel	1	SPECIES	SYNONYM	Plantae	6	Tracheophyta	7707728	Magnoliopsida	220	Fabales	1370	Fabaceae	5386	Leptolobium	5348610	Leptolobium elegans	5358419	LC
5418067	Eugenia punicifolia (Kunth) DC.	5418067	Eugenia punicifolia (Kunth) DC.	2	SPECIES	ACCEPTED	Plantae	6	Tracheophyta	7707728	Magnoliopsida	220	Myrtales	690	Myrtaceae	5014	Eugenia	3177662	Eugenia punicifolia	5418067	LC
3173889	Myrcia DC. ex Guill.	3173889	Myrcia DC. ex Guill.	1	GENUS	ACCEPTED	Plantae	6	Tracheophyta	7707728	Magnoliopsida	220	Myrtales	690	Myrtaceae	5014	Myrcia	3173889			NE
7304229	Nectandra grandiflora Nees & Mart. ex Nees	7304229	Nectandra grandiflora Nees & Mart. ex Nees	2	SPECIES	ACCEPTED	Plantae	6	Tracheophyta	7707728	Magnoliopsida	220	Laurales	407	Lauraceae	6688	Nectandra	3034018	Nectandra grandiflora	7304229	NE
3087817	Chromolaena pungens (Gardner) R.M.King & H.Rob.	3087817	Chromolaena pungens (Gardner) R.M.King & H.Rob.	1	SPECIES	ACCEPTED	Plantae	6	Tracheophyta	7707728	Magnoliopsida	220	Asterales	414	Asteraceae	3065	Chromolaena	7824453	Chromolaena pungens	3087817	NE
7277066	Clematis brasiliana DC.	7277066	Clematis brasiliana DC.	1	SPECIES	ACCEPTED	Plantae	6	Tracheophyta	7707728	Magnoliopsida	220	Ranunculales	399	Ranunculaceae	2410	Clematis	3033512	Clematis brasiliana	7277066	NE
7638788	Pterocaulon alopecuroides (Lam.) DC.	7638788	Pterocaulon alopecuroides (Lam.) DC.	1	SPECIES	ACCEPTED	Plantae	6	Tracheophyta	7707728	Magnoliopsida	220	Asterales	414	Asteraceae	3065	Pterocaulon	3106645	Pterocaulon alopecuroides	7638788	NE
2932547	Solanum paniculatum L.	2932547	Solanum paniculatum L.	1	SPECIES	ACCEPTED	Plantae	6	Tracheophyta	7707728	Magnoliopsida	220	Solanales	1176	Solanaceae	7717	Solanum	2928997	Solanum paniculatum	2932547	LC
3087956	Chromolaena squalida (DC.) R.M.King & H.Rob.	3087956	Chromolaena squalida (DC.) R.M.King & H.Rob.	1	SPECIES	ACCEPTED	Plantae	6	Tracheophyta	7707728	Magnoliopsida	220	Asterales	414	Asteraceae	3065	Chromolaena	7824453	Chromolaena squalida	3087956	NE
3175038	Myrcia lingua (O.Berg) Mattos	3174923	Myrcia guianensis (Aubl.) DC.	1	SPECIES	SYNONYM	Plantae	6	Tracheophyta	7707728	Magnoliopsida	220	Myrtales	690	Myrtaceae	5014	Myrcia	3173889	Myrcia guianensis	3174923	NE
4093169	Jacaranda rufa Silva Manso	4093169	Jacaranda rufa Silva Manso	2	SPECIES	ACCEPTED	Plantae	6	Tracheophyta	7707728	Magnoliopsida	220	Lamiales	408	Bignoniaceae	6655	Jacaranda	3172498	Jacaranda rufa	4093169	LC
3110435	Vernonanthura H.Rob.	3110435	Vernonanthura H.Rob.	2	GENUS	ACCEPTED	Plantae	6	Tracheophyta	7707728	Magnoliopsida	220	Asterales	414	Asteraceae	3065	Vernonanthura	3110435			NE
5668574	Fridericia speciosa Mart.	5668574	Fridericia speciosa Mart.	1	SPECIES	ACCEPTED	Plantae	6	Tracheophyta	7707728	Magnoliopsida	220	Lamiales	408	Bignoniaceae	6655	Fridericia	3233562	Fridericia speciosa	5668574	NE
2969929	Mimosa dolens Vell.	2969929	Mimosa dolens Vell.	2	SPECIES	ACCEPTED	Plantae	6	Tracheophyta	7707728	Magnoliopsida	220	Fabales	1370	Fabaceae	5386	Mimosa	2969235	Mimosa dolens	2969929	LC
7285646	Peixotoa parviflora A.Juss.	7285646	Peixotoa parviflora A.Juss.	1	SPECIES	ACCEPTED	Plantae	6	Tracheophyta	7707728	Magnoliopsida	220	Malpighiales	1414	Malpighiaceae	6676	Peixotoa	7285633	Peixotoa parviflora	7285646	NE
3152072	Triumfetta semitriloba Jacq.	3152072	Triumfetta semitriloba Jacq.	1	SPECIES	ACCEPTED	Plantae	6	Tracheophyta	7707728	Magnoliopsida	220	Malvales	941	Malvaceae	6685	Triumfetta	3152064	Triumfetta semitriloba	3152072	LC
2821007	Galeandra montana Barb.Rodr.	2821007	Galeandra montana Barb.Rodr.	1	SPECIES	ACCEPTED	Plantae	6	Tracheophyta	7707728	Liliopsida	196	Asparagales	1169	Orchidaceae	7689	Galeandra	2820970	Galeandra montana	2821007	NE
2951737	Stryphnodendron adstringens (Mart.) Coville	2951737	Stryphnodendron adstringens (Mart.) Coville	2	SPECIES	ACCEPTED	Plantae	6	Tracheophyta	7707728	Magnoliopsida	220	Fabales	1370	Fabaceae	5386	Stryphnodendron	2951701	Stryphnodendron adstringens	2951737	NE
2764337	Commelina obliqua Vahl	2764337	Commelina obliqua Vahl	1	SPECIES	ACCEPTED	Plantae	6	Tracheophyta	7707728	Liliopsida	196	Commelinales	553	Commelinaceae	2763195	Commelina	2763939	Commelina obliqua	2764337	NE
3038125	Schefflera vinosa (Cham. & Schltdl.) Frodin & Fiaschi	3038127	Didymopanax vinosus (Cham. & Schltdl.) Marchal	2	SPECIES	SYNONYM	Plantae	6	Tracheophyta	7707728	Magnoliopsida	220	Apiales	1351	Araliaceae	8800	Didymopanax	6419087	Didymopanax vinosus	3038127	LC
3129176	Baccharis dracunculifolia DC.	3129176	Baccharis dracunculifolia DC.	1	SPECIES	ACCEPTED	Plantae	6	Tracheophyta	7707728	Magnoliopsida	220	Asterales	414	Asteraceae	3065	Baccharis	3129135	Baccharis dracunculifolia	3129176	NE
2941831	Crotalaria micans Link	2941831	Crotalaria micans Link	1	SPECIES	ACCEPTED	Plantae	6	Tracheophyta	7707728	Magnoliopsida	220	Fabales	1370	Fabaceae	5386	Crotalaria	2941719	Crotalaria micans	2941831	LC
7604565	Waltheria communis A.St.-Hil.	7604565	Waltheria communis A.St.-Hil.	2	SPECIES	ACCEPTED	Plantae	6	Tracheophyta	7707728	Magnoliopsida	220	Malvales	941	Malvaceae	6685	Waltheria	3152104	Waltheria communis	7604565	NE
5938280	Eugenia hiemalis Cambess.	5938280	Eugenia hiemalis Cambess.	2	SPECIES	ACCEPTED	Plantae	6	Tracheophyta	7707728	Magnoliopsida	220	Myrtales	690	Myrtaceae	5014	Eugenia	3177662	Eugenia hiemalis	5938280	NE
3175074	Myrcia multiflora (Lam.) DC.	3175074	Myrcia multiflora (Lam.) DC.	1	SPECIES	ACCEPTED	Plantae	6	Tracheophyta	7707728	Magnoliopsida	220	Myrtales	690	Myrtaceae	5014	Myrcia	3173889	Myrcia multiflora	3175074	LC
5414252	Ilex paraguariensis A.St.-Hil.	5414252	Ilex paraguariensis A.St.-Hil.	1	SPECIES	ACCEPTED	Plantae	6	Tracheophyta	7707728	Magnoliopsida	220	Aquifoliales	7226638	Aquifoliaceae	6716	Ilex	10792217	Ilex paraguariensis	5414252	NT
3174193	Myrcia albotomentosa DC.	3174193	Myrcia albotomentosa DC.	1	SPECIES	ACCEPTED	Plantae	6	Tracheophyta	7707728	Magnoliopsida	220	Myrtales	690	Myrtaceae	5014	Myrcia	3173889	Myrcia albotomentosa	3174193	LC
7285641	Byrsonima intermedia A.Juss.	7285641	Byrsonima intermedia A.Juss.	1	SPECIES	ACCEPTED	Plantae	6	Tracheophyta	7707728	Magnoliopsida	220	Malpighiales	1414	Malpighiaceae	6676	Byrsonima	3191347	Byrsonima intermedia	7285641	NE
4107228	Panicum campestre Nees ex Trin.	4107228	Panicum campestre Nees ex Trin.	1	SPECIES	ACCEPTED	Plantae	6	Tracheophyta	7707728	Liliopsida	196	Poales	1369	Poaceae	3073	Panicum	2705064	Panicum campestre	4107228	NE
5290123	Gymnopogon foliosus (Willd.) Nees	5290123	Gymnopogon foliosus (Willd.) Nees	1	SPECIES	ACCEPTED	Plantae	6	Tracheophyta	7707728	Liliopsida	196	Poales	1369	Poaceae	3073	Gymnopogon	2705515	Gymnopogon foliosus	5290123	NE
5406635	Piptocarpha rotundifolia (Less.) Baker	5406635	Piptocarpha rotundifolia (Less.) Baker	1	SPECIES	ACCEPTED	Plantae	6	Tracheophyta	7707728	Magnoliopsida	220	Asterales	414	Asteraceae	3065	Piptocarpha	8003976	Piptocarpha rotundifolia	5406635	NE
2969590	Mimosa xanthocentra Mart.	2969590	Mimosa xanthocentra Mart.	1	SPECIES	ACCEPTED	Plantae	6	Tracheophyta	7707728	Magnoliopsida	220	Fabales	1370	Fabaceae	5386	Mimosa	2969235	Mimosa xanthocentra	2969590	LC
5618663	Sida glaziovii K.Schum.	5618663	Sida glaziovii K.Schum.	1	SPECIES	ACCEPTED	Plantae	6	Tracheophyta	7707728	Magnoliopsida	220	Malvales	941	Malvaceae	6685	Sida	3152100	Sida glaziovii	5618663	NE
7297013	Lippia sidoides Cham.	7297353	Lippia origanoides Kunth	1	SPECIES	SYNONYM	Plantae	6	Tracheophyta	7707728	Magnoliopsida	220	Lamiales	408	Verbenaceae	6689	Lippia	2925383	Lippia origanoides	7297353	NE
5417708	Eugenia aurata O.Berg	5417708	Eugenia aurata O.Berg	3	SPECIES	ACCEPTED	Plantae	6	Tracheophyta	7707728	Magnoliopsida	220	Myrtales	690	Myrtaceae	5014	Eugenia	3177662	Eugenia aurata	5417708	NE
5673673	Setaria scabrifolia (Nees) Kunth	5673673	Setaria scabrifolia (Nees) Kunth	2	SPECIES	ACCEPTED	Plantae	6	Tracheophyta	7707728	Liliopsida	196	Poales	1369	Poaceae	3073	Setaria	2702955	Setaria scabrifolia	5673673	NE
2898239	Tocoyena formosa (Cham. & Schltdl.) K.Schum.	2898239	Tocoyena formosa (Cham. & Schltdl.) K.Schum.	1	SPECIES	ACCEPTED	Plantae	6	Tracheophyta	7707728	Magnoliopsida	220	Gentianales	412	Rubiaceae	8798	Tocoyena	2898227	Tocoyena formosa	2898239	NE
4030658	Qualea grandiflora Mart.	4030658	Qualea grandiflora Mart.	1	SPECIES	ACCEPTED	Plantae	6	Tracheophyta	7707728	Magnoliopsida	220	Myrtales	690	Vochysiaceae	3231623	Qualea	7288308	Qualea grandiflora	4030658	LC
3157605	Duguetia furfuracea (A.St.-Hil.) Saff.	3157605	Duguetia furfuracea (A.St.-Hil.) Saff.	1	SPECIES	ACCEPTED	Plantae	6	Tracheophyta	7707728	Magnoliopsida	220	Magnoliales	718	Annonaceae	9291	Duguetia	3157467	Duguetia furfuracea	3157605	LC
3623834	Cayaponia espelina (Silva Manso) Cogn.	3623834	Cayaponia espelina (Silva Manso) Cogn.	2	SPECIES	ACCEPTED	Plantae	6	Tracheophyta	7707728	Magnoliopsida	220	Cucurbitales	7224005	Cucurbitaceae	6634	Cayaponia	2874613	Cayaponia espelina	3623834	NE
3860779	Miconia albicans (Sw.) Steud.	3860779	Miconia albicans (Sw.) Steud.	2	SPECIES	ACCEPTED	Plantae	6	Tracheophyta	7707728	Magnoliopsida	220	Myrtales	690	Melastomataceae	6683	Miconia	3188558	Miconia albicans	3860779	LC
2949918	Chamaecrista desvauxii var. latistipula (Benth.) G.P.Lewis	2949918	Chamaecrista desvauxii var. latistipula (Benth.) G.P.Lewis	1	VARIETY	ACCEPTED	Plantae	6	Tracheophyta	7707728	Magnoliopsida	220	Fabales	1370	Fabaceae	5386	Chamaecrista	2949492	Chamaecrista desvauxii	2949909	
8501730	Peritassa campestris (Cambess.) A.C.Sm.	8501730	Peritassa campestris (Cambess.) A.C.Sm.	1	SPECIES	ACCEPTED	Plantae	6	Tracheophyta	7707728	Magnoliopsida	220	Celastrales	950	Celastraceae	6715	Peritassa	7265649	Peritassa campestris	8501730	NE
3696484	Ouratea spectabilis Mart. ex Engl.	3696484	Ouratea spectabilis Mart. ex Engl.	1	SPECIES	ACCEPTED	Plantae	6	Tracheophyta	7707728	Magnoliopsida	220	Malpighiales	1414	Ochnaceae	6642	Ouratea	3189667	Ouratea spectabilis	3696484	NE
2949909	Chamaecrista desvauxii (Collad.) Killip	2949909	Chamaecrista desvauxii (Collad.) Killip	1	SPECIES	ACCEPTED	Plantae	6	Tracheophyta	7707728	Magnoliopsida	220	Fabales	1370	Fabaceae	5386	Chamaecrista	2949492	Chamaecrista desvauxii	2949909	LC
7722389	Mikania Willd.	7722389	Mikania Willd.	2	GENUS	ACCEPTED	Plantae	6	Tracheophyta	7707728	Magnoliopsida	220	Asterales	414	Asteraceae	3065	Mikania	7722389			NE
2704446	Schizachyrium sanguineum (Retz.) Alston	2704446	Schizachyrium sanguineum (Retz.) Alston	1	SPECIES	ACCEPTED	Plantae	6	Tracheophyta	7707728	Liliopsida	196	Poales	1369	Poaceae	3073	Schizachyrium	2704427	Schizachyrium sanguineum	2704446	NE
7452658	Cordia sellowiana Cham.	7452658	Cordia sellowiana Cham.	1	SPECIES	ACCEPTED	Plantae	6	Tracheophyta	7707728	Magnoliopsida	220	Boraginales	7226464	Cordiaceae	4930453	Cordia	2900865	Cordia sellowiana	7452658	LC
7470059	Hyptis campestris Harley & J.F.B.Pastore	7470059	Hyptis campestris Harley & J.F.B.Pastore	1	SPECIES	ACCEPTED	Plantae	6	Tracheophyta	7707728	Magnoliopsida	220	Lamiales	408	Lamiaceae	2497	Hyptis	2926807	Hyptis campestris	7470059	NE
3187232	Psidium L.	3187232	Psidium L.	1	GENUS	ACCEPTED	Plantae	6	Tracheophyta	7707728	Magnoliopsida	220	Myrtales	690	Myrtaceae	5014	Psidium	3187232			NE
5601297	Pleroma stenocarpum (DC.) Triana	5601297	Pleroma stenocarpum (DC.) Triana	3	SPECIES	ACCEPTED	Plantae	6	Tracheophyta	7707728	Magnoliopsida	220	Myrtales	690	Melastomataceae	6683	Pleroma	7273178	Pleroma stenocarpum	5601297	NE
7284843	Erythroxylum suberosum A.St.-Hil.	7284843	Erythroxylum suberosum A.St.-Hil.	1	SPECIES	ACCEPTED	Plantae	6	Tracheophyta	7707728	Magnoliopsida	220	Malpighiales	1414	Erythroxylaceae	6686	Erythroxylum	2873937	Erythroxylum suberosum	7284843	LC
2952199	Andira humilis Mart. ex Benth.	2952199	Andira humilis Mart. ex Benth.	1	SPECIES	ACCEPTED	Plantae	6	Tracheophyta	7707728	Magnoliopsida	220	Fabales	1370	Fabaceae	5386	Andira	7858091	Andira humilis	2952199	LC
3866448	Miconia fallax DC.	3866448	Miconia fallax DC.	2	SPECIES	ACCEPTED	Plantae	6	Tracheophyta	7707728	Magnoliopsida	220	Myrtales	690	Melastomataceae	6683	Miconia	3188558	Miconia fallax	3866448	NE
